Store,Date,Weekly_Sales,Holiday_Flag,Temperature,Fuel_Price,CPI,Unemployment,Year,Month,Day,Week,Quarter,DayOfWeek,WeekOfYear,Month_Name,Year_Month,Lag_1,Rolling_Mean_4,Rolling_STD_4
1,2010-02-26,1409727.59,0,46.63,2.561,211.3196429,8.106,2010,2,26,8,1,Friday,8,February,2010-02,1611968.17,1576836.025,112353.41511397276
1,2010-03-05,1554806.68,0,46.5,2.625,211.3501429,8.106,2010,3,5,9,1,Friday,9,March,2010-03,1409727.59,1554614.9699999997,103135.00254832554
1,2010-03-12,1439541.59,0,57.79,2.667,211.3806429,8.106,2010,3,12,10,1,Friday,10,March,2010-03,1554806.68,1504011.0075,95360.05083899511
1,2010-03-19,1472515.79,0,54.58,2.72,211.215635,8.106,2010,3,19,11,1,Friday,11,March,2010-03,1439541.59,1469147.9125,62599.4571500743
1,2010-03-26,1404429.92,0,51.45,2.732,211.0180424,8.106,2010,3,26,12,1,Friday,12,March,2010-03,1472515.79,1467823.495,64308.38101632066
1,2010-04-02,1594968.28,0,62.27,2.719,210.8204499,7.808,2010,4,2,13,2,Friday,13,April,2010-04,1404429.92,1477863.895,82871.76229599727
1,2010-04-09,1545418.53,0,65.86,2.77,210.6228574,7.808,2010,4,9,14,2,Friday,14,April,2010-04,1594968.28,1504333.13,83458.04335445474
1,2010-04-16,1466058.28,0,66.32,2.808,210.4887,7.808,2010,4,16,15,2,Friday,15,April,2010-04,1545418.53,1502718.7525,84336.49103572944
1,2010-04-23,1391256.12,0,64.84,2.795,210.4391228,7.808,2010,4,23,16,2,Friday,16,April,2010-04,1466058.28,1499425.3025,89550.29826614384
1,2010-04-30,1425100.71,0,67.41,2.78,210.3895456,7.808,2010,4,30,17,2,Friday,17,April,2010-04,1391256.12,1456958.41,66432.18202288529
1,2010-05-07,1603955.12,0,72.55,2.835,210.3399684,7.808,2010,5,7,18,2,Friday,18,May,2010-05,1425100.71,1471592.5575,93391.49007121939
1,2010-05-14,1494251.5,0,74.78,2.854,210.3374261,7.808,2010,5,14,19,2,Friday,19,May,2010-05,1603955.12,1478640.8625,93897.10021693469
1,2010-05-21,1399662.07,0,76.44,2.826,210.6170934,7.808,2010,5,21,20,2,Friday,20,May,2010-05,1494251.5,1480742.35,91348.94221530126
1,2010-05-28,1432069.95,0,80.44,2.759,210.8967606,7.808,2010,5,28,21,2,Friday,21,May,2010-05,1399662.07,1482484.6600000001,89990.28757758501
1,2010-06-04,1615524.71,0,80.69,2.705,211.1764278,7.808,2010,6,4,22,2,Friday,22,June,2010-06,1432069.95,1485377.0575,95229.32666829095
1,2010-06-11,1542561.09,0,80.43,2.668,211.4560951,7.808,2010,6,11,23,2,Friday,23,June,2010-06,1615524.71,1497454.455,99688.97915495554
1,2010-06-18,1503284.06,0,84.11,2.637,211.4537719,7.808,2010,6,18,24,2,Friday,24,June,2010-06,1542561.09,1523359.9525,76594.02113840077
1,2010-06-25,1422711.6,0,84.34,2.653,211.3386526,7.808,2010,6,25,25,2,Friday,25,June,2010-06,1503284.06,1521020.365,80362.22961956475
1,2010-07-02,1492418.14,0,80.91,2.669,211.2235333,7.787,2010,7,2,26,3,Friday,26,July,2010-07,1422711.6,1490243.7225,49908.15900252272
1,2010-07-09,1546074.18,0,80.48,2.642,211.108414,7.787,2010,7,9,27,3,Friday,27,July,2010-07,1492418.14,1491121.9949999999,51151.15051575243
1,2010-07-16,1448938.92,0,83.15,2.623,211.1003854,7.787,2010,7,16,28,3,Friday,28,July,2010-07,1546074.18,1477535.71,53982.92331296985
1,2010-07-23,1385065.2,0,83.36,2.608,211.2351443,7.787,2010,7,23,29,3,Friday,29,July,2010-07,1448938.92,1468124.1099999999,68149.99963895802
1,2010-07-30,1371986.6,0,81.84,2.64,211.3699032,7.787,2010,7,30,30,3,Friday,30,July,2010-07,1385065.2,1438016.225,79497.4828344398
1,2010-08-06,1605491.78,0,87.16,2.627,211.5046621,7.787,2010,8,6,31,3,Friday,31,August,2010-08,1371986.6,1452870.625,107157.94638036602
1,2010-08-13,1508237.76,0,87.0,2.692,211.6394211,7.787,2010,8,13,32,3,Friday,32,August,2010-08,1605491.78,1467695.335,110482.9544091712
1,2010-08-20,1513080.49,0,86.65,2.664,211.6033633,7.787,2010,8,20,33,3,Friday,33,August,2010-08,1508237.76,1499699.1575,96184.79455497244
1,2010-08-27,1449142.92,0,85.22,2.619,211.5673056,7.787,2010,8,27,34,3,Friday,34,August,2010-08,1513080.49,1518988.2374999998,64579.938806430226
1,2010-09-03,1540163.53,0,81.21,2.577,211.5312479,7.787,2010,9,3,35,3,Friday,35,September,2010-09,1449142.92,1502656.175,38341.842131551464
1,2010-09-10,1507460.69,1,78.69,2.565,211.4951902,7.787,2010,9,10,36,3,Friday,36,September,2010-09,1540163.53,1502461.9074999997,38306.08693123161
1,2010-09-17,1430378.67,0,82.11,2.582,211.5224596,7.787,2010,9,17,37,3,Friday,37,September,2010-09,1507460.69,1481786.4525000001,50909.75664281918
1,2010-09-24,1351791.03,0,80.94,2.624,211.5972246,7.787,2010,9,24,38,3,Friday,38,September,2010-09,1430378.67,1457448.48,84141.29386439837
1,2010-10-01,1453329.5,0,71.89,2.603,211.6719895,7.838,2010,10,1,39,4,Friday,39,October,2010-10,1351791.03,1435739.9725,64625.64327920404
1,2010-10-08,1508239.93,0,63.93,2.633,211.7467544,7.838,2010,10,8,40,4,Friday,40,October,2010-10,1453329.5,1435934.7824999997,64914.43604929847
1,2010-10-15,1459409.1,0,67.18,2.72,211.8137436,7.838,2010,10,15,41,4,Friday,41,October,2010-10,1508239.93,1443192.39,65704.22044353343
1,2010-10-22,1345454.0,0,69.86,2.725,211.8612937,7.838,2010,10,22,42,4,Friday,42,October,2010-10,1459409.1,1441608.1325,68652.94005579711
1,2010-10-29,1384209.22,0,69.64,2.716,211.9088438,7.838,2010,10,29,43,4,Friday,43,October,2010-10,1345454.0,1424328.0625,73263.26946523674
1,2010-11-05,1551659.28,0,58.74,2.689,211.9563939,7.838,2010,11,5,44,4,Friday,44,November,2010-11,1384209.22,1435182.9,90927.16391393862
1,2010-11-12,1494479.49,0,59.61,2.728,212.003944,7.838,2010,11,12,45,4,Friday,45,November,2010-11,1551659.28,1443950.4975,95611.96084137318
1,2010-11-19,1483784.18,0,51.41,2.771,211.8896737,7.838,2010,11,19,46,4,Friday,46,November,2010-11,1494479.49,1478533.0425,69585.18456978216
1,2010-11-26,1955624.11,1,64.52,2.735,211.7484333,7.838,2010,11,26,47,4,Friday,47,November,2010-11,1483784.18,1621386.765,224808.4019809472
1,2010-12-03,1548033.78,0,49.27,2.708,211.607193,7.838,2010,12,3,48,4,Friday,48,December,2010-12,1955624.11,1620480.39,225190.21958121238
1,2010-12-10,1682614.26,0,46.33,2.843,211.4659526,7.838,2010,12,10,49,4,Friday,49,December,2010-12,1548033.78,1667514.0825,209179.04855628058
1,2010-12-17,1891034.93,0,49.84,2.869,211.4053124,7.838,2010,12,17,50,4,Friday,50,December,2010-12,1682614.26,1769326.77,187979.80557788638
1,2010-12-24,2387950.2,0,52.33,2.886,211.4051222,7.838,2010,12,24,51,4,Friday,51,December,2010-12,1891034.93,1877408.2925,368452.17199591256
1,2010-12-31,1367320.01,1,48.43,2.943,211.4049321,7.838,2010,12,31,52,4,Friday,52,December,2010-12,2387950.2,1832229.85,428489.2565505779
1,2011-01-07,1444732.28,0,48.27,2.976,211.4047419,7.742,2011,1,7,1,1,Friday,1,January,2011-01,1367320.01,1772759.355,470613.6815621626
1,2011-01-14,1391013.96,0,35.4,2.983,211.4574109,7.742,2011,1,14,2,1,Friday,2,January,2011-01,1444732.28,1647754.1125000003,494525.666395813
1,2011-01-21,1327405.42,0,44.04,3.016,211.8272343,7.742,2011,1,21,3,1,Friday,3,January,2011-01,1391013.96,1382617.9175,49027.656863276796
1,2011-01-28,1316899.31,0,43.83,3.01,212.1970577,7.742,2011,1,28,4,1,Friday,4,January,2011-01,1327405.42,1370012.7425,59611.18760559322
1,2011-02-04,1606629.58,0,42.27,2.989,212.5668812,7.742,2011,2,4,5,1,Friday,5,February,2011-02,1316899.31,1410487.0675,134799.00547446244
1,2011-02-11,1649614.93,1,36.39,3.022,212.9367046,7.742,2011,2,11,6,1,Friday,6,February,2011-02,1606629.58,1475137.31,177573.11444171303
1,2011-02-18,1686842.78,0,57.36,3.045,213.2478853,7.742,2011,2,18,7,1,Friday,7,February,2011-02,1649614.93,1564996.65,168614.2774516193
1,2011-02-25,1456800.28,0,62.9,3.065,213.535609,7.742,2011,2,25,8,1,Friday,8,February,2011-02,1686842.78,1599971.8924999998,100918.14784923608
1,2011-03-04,1636263.41,0,59.58,3.288,213.8233327,7.742,2011,3,4,9,1,Friday,9,March,2011-03,1456800.28,1607380.35,102642.7886173674
1,2011-03-11,1553191.63,0,53.56,3.459,214.1110564,7.742,2011,3,11,10,1,Friday,10,March,2011-03,1636263.41,1583274.525,100722.259369
1,2011-03-18,1576818.06,0,62.76,3.488,214.3627114,7.742,2011,3,18,11,1,Friday,11,March,2011-03,1553191.63,1555768.3450000002,74663.38536161272
1,2011-03-25,1541102.38,0,69.97,3.473,214.5999389,7.742,2011,3,25,12,1,Friday,12,March,2011-03,1576818.06,1576843.87,42298.79810902612
1,2011-04-01,1495064.75,0,59.17,3.524,214.8371664,7.682,2011,4,1,13,2,Friday,13,April,2011-04,1541102.38,1541544.205,34353.27399302004
1,2011-04-08,1614259.35,0,67.84,3.622,215.0743939,7.682,2011,4,8,14,2,Friday,14,April,2011-04,1495064.75,1556811.135,50859.137162884435
1,2011-04-15,1559889.0,0,71.27,3.743,215.2918561,7.682,2011,4,15,15,2,Friday,15,April,2011-04,1614259.35,1552578.87,49320.392792910694
1,2011-04-22,1564819.81,0,72.99,3.807,215.4599053,7.682,2011,4,22,16,2,Friday,16,April,2011-04,1559889.0,1558508.2275,48904.68656360464
1,2011-04-29,1455090.69,0,72.03,3.81,215.6279544,7.682,2011,4,29,17,2,Friday,17,April,2011-04,1564819.81,1548514.7125,66946.83452985478
1,2011-05-06,1629391.28,0,64.61,3.906,215.7960035,7.682,2011,5,6,18,2,Friday,18,May,2011-05,1455090.69,1552297.695,72127.32710260303
1,2011-05-13,1604775.58,0,75.64,3.899,215.9640526,7.682,2011,5,13,19,2,Friday,19,May,2011-05,1629391.28,1563519.34,77027.38296939983
1,2011-05-20,1428218.27,0,67.63,3.907,215.7339202,7.682,2011,5,20,20,2,Friday,20,May,2011-05,1604775.58,1529368.955,102370.80690586701
1,2011-05-27,1466046.67,0,77.72,3.786,215.5037878,7.682,2011,5,27,21,2,Friday,21,May,2011-05,1428218.27,1532107.95,99836.18093564716
1,2011-06-03,1635078.41,0,83.0,3.699,215.2736553,7.682,2011,6,3,22,2,Friday,22,June,2011-06,1466046.67,1533529.7325,101706.39531884459
1,2011-06-10,1588948.32,0,83.13,3.648,215.0435229,7.682,2011,6,10,23,2,Friday,23,June,2011-06,1635078.41,1529572.9175,98260.19211085142
1,2011-06-17,1532114.86,0,86.41,3.637,214.9980596,7.682,2011,6,17,24,2,Friday,24,June,2011-06,1588948.32,1555547.065,73030.28506357533
1,2011-06-24,1438830.15,0,83.58,3.594,215.0910982,7.682,2011,6,24,25,2,Friday,25,June,2011-06,1532114.86,1548742.935,84513.5105789499
1,2011-07-01,1488538.09,0,85.55,3.524,215.1841368,7.962,2011,7,1,26,3,Friday,26,July,2011-07,1438830.15,1512107.855,63848.500850862445
1,2011-07-08,1534849.64,0,85.83,3.48,215.2771754,7.962,2011,7,8,27,3,Friday,27,July,2011-07,1488538.09,1498583.185,45132.98170164172
1,2011-07-15,1455119.97,0,88.54,3.575,215.3611087,7.962,2011,7,15,28,3,Friday,28,July,2011-07,1534849.64,1479334.4625000001,42401.189724443655
1,2011-07-22,1396926.82,0,85.77,3.651,215.4222784,7.962,2011,7,22,29,3,Friday,29,July,2011-07,1455119.97,1468858.63,58037.43221744261
1,2011-07-29,1352219.79,0,86.83,3.682,215.4834482,7.962,2011,7,29,30,3,Friday,30,July,2011-07,1396926.82,1434779.0550000002,78902.25754504606
1,2011-08-05,1624383.75,0,91.65,3.684,215.544618,7.962,2011,8,5,31,3,Friday,31,August,2011-08,1352219.79,1457162.5825,119175.5398666774
1,2011-08-12,1525147.09,0,90.76,3.638,215.6057878,7.962,2011,8,12,32,3,Friday,32,August,2011-08,1624383.75,1474669.3625,123828.10601510033
1,2011-08-19,1530761.43,0,89.94,3.554,215.6693107,7.962,2011,8,19,33,3,Friday,33,August,2011-08,1525147.09,1508128.0150000001,113467.60320528776
1,2011-08-26,1464693.46,0,87.96,3.523,215.7332258,7.962,2011,8,26,34,3,Friday,34,August,2011-08,1530761.43,1536246.4324999999,65932.52931605662
1,2011-09-02,1550229.22,0,87.83,3.533,215.7971409,7.962,2011,9,2,35,3,Friday,35,September,2011-09,1464693.46,1517707.8,36940.958732966385
1,2011-09-09,1540471.24,1,76.0,3.546,215.861056,7.962,2011,9,9,36,3,Friday,36,September,2011-09,1550229.22,1521538.8375,38721.342383566014
1,2011-09-16,1514259.78,0,79.94,3.526,216.0410526,7.962,2011,9,16,37,3,Friday,37,September,2011-09,1540471.24,1517413.425,38287.85456008505
1,2011-09-23,1380020.27,0,75.8,3.467,216.3758246,7.962,2011,9,23,38,3,Friday,38,September,2011-09,1514259.78,1496245.1275,78957.74497687885
1,2011-09-30,1394561.83,0,79.69,3.355,216.7105965,7.962,2011,9,30,39,3,Friday,39,September,2011-09,1380020.27,1457328.28,81792.63036397507
1,2011-10-07,1630989.95,0,69.31,3.285,217.0453684,7.866,2011,10,7,40,4,Friday,40,October,2011-10,1394561.83,1479957.9575,117285.00580521044
1,2011-10-14,1493525.93,0,71.74,3.274,217.3552733,7.866,2011,10,14,41,4,Friday,41,October,2011-10,1630989.95,1474774.4949999999,115711.30667479933
1,2011-10-21,1502562.78,0,63.71,3.353,217.5159762,7.866,2011,10,21,42,4,Friday,42,October,2011-10,1493525.93,1505410.1225,96965.59255011339
1,2011-10-28,1445249.09,0,66.57,3.372,217.6766791,7.866,2011,10,28,43,4,Friday,43,October,2011-10,1502562.78,1518081.9375,79365.57758354135
1,2011-11-04,1697229.58,0,54.98,3.332,217.837382,7.866,2011,11,4,44,4,Friday,44,November,2011-11,1445249.09,1534641.845,111273.5684345579
1,2011-11-11,1594938.89,0,59.11,3.297,217.9980849,7.866,2011,11,11,45,4,Friday,45,November,2011-11,1697229.58,1559995.085,110332.05812747712
1,2011-11-18,1539483.7,0,62.25,3.308,218.2205088,7.866,2011,11,18,46,4,Friday,46,November,2011-11,1594938.89,1569225.315,105358.03691148979
1,2011-11-25,2033320.66,1,60.14,3.236,218.4676211,7.866,2011,11,25,47,4,Friday,47,November,2011-11,1539483.7,1716243.2075,221252.7136182967
1,2011-12-02,1584083.95,0,48.91,3.172,218.7147333,7.866,2011,12,2,48,4,Friday,48,December,2011-12,2033320.66,1687956.8,231489.63818826282
1,2011-12-09,1799682.38,0,43.93,3.158,218.9618456,7.866,2011,12,9,49,4,Friday,49,December,2011-12,1584083.95,1739142.6725,226651.46314464236
1,2011-12-16,1881176.67,0,51.63,3.159,219.1794533,7.866,2011,12,16,50,4,Friday,50,December,2011-12,1799682.38,1824565.915,187291.29446403368
1,2011-12-23,2270188.99,0,47.96,3.112,219.3577216,7.866,2011,12,23,51,4,Friday,51,December,2011-12,1881176.67,1883782.9975,286477.93220376415
1,2011-12-30,1497462.72,1,44.55,3.129,219.5359898,7.866,2011,12,30,52,4,Friday,52,December,2011-12,2270188.99,1862127.69,318201.6369551573
1,2012-01-06,1550369.92,0,49.01,3.157,219.7142581,7.348,2012,1,6,1,1,Friday,1,January,2012-01,1497462.72,1799799.575,356609.57176319556
1,2012-01-13,1459601.17,0,48.53,3.261,219.8925263,7.348,2012,1,13,2,1,Friday,2,January,2012-01,1550369.92,1694405.7,385656.3269904229
1,2012-01-20,1394393.84,0,54.11,3.268,219.9856893,7.348,2012,1,20,3,1,Friday,3,January,2012-01,1459601.17,1475456.9125,65622.25371977451
1,2012-01-27,1319325.59,0,54.26,3.29,220.0788523,7.348,2012,1,27,4,1,Friday,4,January,2012-01,1394393.84,1430922.6300000001,98112.80171398
1,2012-02-03,1636339.65,0,56.55,3.36,220.1720153,7.348,2012,2,3,5,1,Friday,5,February,2012-02,1319325.59,1452415.0625,135350.36507618325
1,2012-02-10,1802477.43,1,48.02,3.409,220.2651783,7.348,2012,2,10,6,1,Friday,6,February,2012-02,1636339.65,1538134.1275,222156.21572786308
1,2012-02-17,1819870.0,0,45.32,3.51,220.4257586,7.348,2012,2,17,7,1,Friday,7,February,2012-02,1802477.43,1644503.1675,232031.96150547982
1,2012-02-24,1539387.83,0,57.25,3.555,220.636902,7.348,2012,2,24,8,1,Friday,8,February,2012-02,1819870.0,1699518.7275,135053.59847206002
1,2012-03-02,1688420.76,0,60.96,3.63,220.8480454,7.348,2012,3,2,9,1,Friday,9,March,2012-03,1539387.83,1712539.0050000001,129321.15310977964
1,2012-03-09,1675431.16,0,58.76,3.669,221.0591887,7.348,2012,3,9,10,1,Friday,10,March,2012-03,1688420.76,1680777.4375,114636.7671005024
1,2012-03-16,1677472.78,0,64.74,3.734,221.2118132,7.348,2012,3,16,11,1,Friday,11,March,2012-03,1675431.16,1645178.1324999998,70757.10297962656
1,2012-03-23,1511068.07,0,65.93,3.787,221.2864126,7.348,2012,3,23,12,1,Friday,12,March,2012-03,1677472.78,1638098.1925,84878.58274285388
1,2012-03-30,1649604.63,0,67.61,3.845,221.3610119,7.348,2012,3,30,13,1,Friday,13,March,2012-03,1511068.07,1628394.16,79239.059691568
1,2012-04-06,1899676.88,0,70.43,3.891,221.4356112,7.143,2012,4,6,14,2,Friday,14,April,2012-04,1649604.63,1684455.59,160879.6494375326
1,2012-04-13,1621031.7,0,69.07,3.891,221.5102105,7.143,2012,4,13,15,2,Friday,15,April,2012-04,1899676.88,1670345.32,164138.3726400529
1,2012-04-20,1521577.87,0,66.76,3.877,221.5640737,7.143,2012,4,20,16,2,Friday,16,April,2012-04,1621031.7,1672972.77,160788.79931627135
1,2012-04-27,1468928.37,0,67.23,3.814,221.6179368,7.143,2012,4,27,17,2,Friday,17,April,2012-04,1521577.87,1627803.705,191908.1233551689
1,2012-05-04,1684519.99,0,75.55,3.749,221.6718,7.143,2012,5,4,18,2,Friday,18,May,2012-05,1468928.37,1574014.4825,96978.99308632269
1,2012-05-11,1611096.05,0,73.77,3.688,221.7256632,7.143,2012,5,11,19,2,Friday,19,May,2012-05,1684519.99,1571530.57,95489.12664398883
1,2012-05-18,1595901.87,0,70.33,3.63,221.742674,7.143,2012,5,18,20,2,Friday,20,May,2012-05,1611096.05,1590111.57,89577.14311157566
1,2012-05-25,1555444.55,0,77.22,3.561,221.744944,7.143,2012,5,25,21,2,Friday,21,May,2012-05,1595901.87,1611740.615,53905.366668781426
1,2012-06-01,1624477.58,0,77.95,3.501,221.7472139,7.143,2012,6,1,22,2,Friday,22,June,2012-06,1555444.55,1596730.0125000002,29896.966231018472
1,2012-06-08,1697230.96,0,78.3,3.452,221.7494839,7.143,2012,6,8,23,2,Friday,23,June,2012-06,1624477.58,1618263.74,59779.420941282624
1,2012-06-15,1630607.0,0,79.35,3.393,221.7626421,7.143,2012,6,15,24,2,Friday,24,June,2012-06,1697230.96,1626940.0225,57942.295517973784
1,2012-06-22,1527845.81,0,78.39,3.346,221.8030211,7.143,2012,6,22,25,2,Friday,25,June,2012-06,1630607.0,1620040.3375,69736.56759614874
1,2012-06-29,1540421.49,0,84.88,3.286,221.8434,7.143,2012,6,29,26,2,Friday,26,June,2012-06,1527845.81,1599026.315,79880.49776589034
1,2012-07-06,1769854.16,0,81.57,3.227,221.8837789,6.908,2012,7,6,27,3,Friday,27,July,2012-07,1540421.49,1617182.115,111597.71473643935
1,2012-07-13,1527014.04,0,77.12,3.256,221.9241579,6.908,2012,7,13,28,3,Friday,28,July,2012-07,1769854.16,1591283.875,119204.76594882054
1,2012-07-20,1497954.76,0,80.42,3.311,221.9327267,6.908,2012,7,20,29,3,Friday,29,July,2012-07,1527014.04,1583811.1124999998,125288.86033609518
1,2012-07-27,1439123.71,0,82.66,3.407,221.9412954,6.908,2012,7,27,30,3,Friday,30,July,2012-07,1497954.76,1558486.6675,145577.4371439765
1,2012-08-03,1631135.79,0,86.11,3.417,221.9498642,6.908,2012,8,3,31,3,Friday,31,August,2012-08,1439123.71,1523807.075,80352.0424686347
1,2012-08-10,1592409.97,0,85.05,3.494,221.9584329,6.908,2012,8,10,32,3,Friday,32,August,2012-08,1631135.79,1540156.0575,87552.39926157038
1,2012-08-17,1597868.05,0,84.85,3.571,222.0384109,6.908,2012,8,17,33,3,Friday,33,August,2012-08,1592409.97,1565134.3800000001,85732.77482455326
1,2012-08-24,1494122.38,0,77.66,3.62,222.1719457,6.908,2012,8,24,34,3,Friday,34,August,2012-08,1597868.05,1578884.0475,59042.718439170385
1,2012-08-31,1582083.4,0,80.49,3.638,222.3054805,6.908,2012,8,31,35,3,Friday,35,August,2012-08,1494122.38,1566620.95,48773.574891247714
1,2012-09-07,1661767.33,1,83.96,3.73,222.4390153,6.908,2012,9,7,36,3,Friday,36,September,2012-09,1582083.4,1583960.29,69093.49716391067
1,2012-09-14,1517428.87,0,74.97,3.717,222.5820193,6.908,2012,9,14,37,3,Friday,37,September,2012-09,1661767.33,1563850.4949999999,75137.92360330603
1,2012-09-21,1506126.06,0,69.87,3.721,222.7818386,6.908,2012,9,21,38,3,Friday,38,September,2012-09,1517428.87,1566851.415,71580.26027120216
1,2012-09-28,1437059.26,0,76.08,3.666,222.9816579,6.908,2012,9,28,39,3,Friday,39,September,2012-09,1506126.06,1530595.3800000001,94387.8361130258
1,2012-10-05,1670785.97,0,68.55,3.617,223.1814772,6.573,2012,10,5,40,4,Friday,40,October,2012-10,1437059.26,1532850.04,98580.21760505742
1,2012-10-12,1573072.81,0,62.99,3.601,223.3812965,6.573,2012,10,12,41,4,Friday,41,October,2012-10,1670785.97,1546761.0250000001,99599.48901609963
1,2012-10-19,1508068.77,0,67.97,3.594,223.4257233,6.573,2012,10,19,42,4,Friday,42,October,2012-10,1573072.81,1547246.7025,99339.68881687759
1,2012-10-26,1493659.74,0,69.16,3.506,223.4442513,6.573,2012,10,26,43,4,Friday,43,October,2012-10,1508068.77,1561396.8225,80693.88205626284
2,2010-02-26,1865097.27,0,46.1,2.561,210.9759573,8.324,2010,2,26,8,1,Friday,8,February,2010-02,2124451.54,2066086.9425,134132.4804502037
2,2010-03-05,1991013.13,0,47.17,2.625,211.0067542,8.324,2010,3,5,9,1,Friday,9,March,2010-03,1865097.27,2029592.8599999999,128135.6118084182
2,2010-03-12,1990483.78,0,57.56,2.667,211.037551,8.324,2010,3,12,10,1,Friday,10,March,2010-03,1991013.13,1992761.43,105906.66812927013
2,2010-03-19,1946070.88,0,54.52,2.72,210.8733316,8.324,2010,3,19,11,1,Friday,11,March,2010-03,1990483.78,1948166.265,59249.400797846465
2,2010-03-26,1750197.81,0,51.26,2.732,210.6766095,8.324,2010,3,26,12,1,Friday,12,March,2010-03,1946070.88,1919441.4,114778.12546011778
2,2010-04-02,2066187.72,0,63.27,2.719,210.4798874,8.2,2010,4,2,13,2,Friday,13,April,2010-04,1750197.81,1938235.0475,134810.01372962882
2,2010-04-09,1954689.21,0,65.41,2.77,210.2831653,8.2,2010,4,9,14,2,Friday,14,April,2010-04,2066187.72,1929286.405,131328.74274214404
2,2010-04-16,1874957.94,0,68.07,2.808,210.1495463,8.2,2010,4,16,15,2,Friday,15,April,2010-04,1954689.21,1911508.17,133100.60976577885
2,2010-04-23,1821990.93,0,65.11,2.795,210.1000648,8.2,2010,4,23,16,2,Friday,16,April,2010-04,1874957.94,1929456.45,106224.69573835905
2,2010-04-30,1802450.29,0,66.98,2.78,210.0505833,8.2,2010,4,30,17,2,Friday,17,April,2010-04,1821990.93,1863522.0925,68060.8170205202
2,2010-05-07,2042581.71,0,71.28,2.835,210.0011018,8.2,2010,5,7,18,2,Friday,18,May,2010-05,1802450.29,1885495.2175,109112.25848856647
2,2010-05-14,1880752.36,0,73.31,2.854,209.9984585,8.2,2010,5,14,19,2,Friday,19,May,2010-05,2042581.71,1886943.8224999998,108964.09425707845
2,2010-05-21,1896937.1,0,74.83,2.826,210.2768443,8.2,2010,5,21,20,2,Friday,20,May,2010-05,1880752.36,1905680.365,100160.3327394877
2,2010-05-28,1957113.89,0,81.13,2.759,210.5552301,8.2,2010,5,28,21,2,Friday,21,May,2010-05,1896937.1,1944346.265,73268.97611230091
2,2010-06-04,2102539.93,0,81.81,2.705,210.833616,8.2,2010,6,4,22,2,Friday,22,June,2010-06,1957113.89,1959335.82,100964.20906609585
2,2010-06-11,2025538.76,0,83.4,2.668,211.1120018,8.2,2010,6,11,23,2,Friday,23,June,2010-06,2102539.93,1995532.42,88596.47888010561
2,2010-06-18,2001636.96,0,85.81,2.637,211.1096543,8.2,2010,6,18,24,2,Friday,24,June,2010-06,2025538.76,2021707.385,60892.58663571272
2,2010-06-25,1939927.09,0,86.26,2.653,210.9950134,8.2,2010,6,25,25,2,Friday,25,June,2010-06,2001636.96,2017410.685,67244.7565538888
2,2010-07-02,2003940.64,0,82.74,2.669,210.8803726,8.099,2010,7,2,26,3,Friday,26,July,2010-07,1939927.09,1992760.8625,36831.01325821877
2,2010-07-09,1880902.62,0,82.59,2.642,210.7657317,8.099,2010,7,9,27,3,Friday,27,July,2010-07,2003940.64,1956601.8275000001,58530.74182292203
2,2010-07-16,1845879.79,0,85.32,2.623,210.7577954,8.099,2010,7,16,28,3,Friday,28,July,2010-07,1880902.62,1917662.5350000001,69387.02002123388
2,2010-07-23,1781717.71,0,87.66,2.608,210.8921319,8.099,2010,7,23,29,3,Friday,29,July,2010-07,1845879.79,1878110.1900000002,93401.30030718325
2,2010-07-30,1804246.16,0,83.49,2.64,211.0264684,8.099,2010,7,30,30,3,Friday,30,July,2010-07,1781717.71,1828186.5699999998,44062.56968690022
2,2010-08-06,1991909.98,0,89.53,2.627,211.1608049,8.099,2010,8,6,31,3,Friday,31,August,2010-08,1804246.16,1855938.41,94463.82853262222
2,2010-08-13,1895601.05,0,89.05,2.692,211.2951413,8.099,2010,8,13,32,3,Friday,32,August,2010-08,1991909.98,1868368.7249999999,95958.57257968193
2,2010-08-20,1964335.23,0,88.7,2.664,211.2596586,8.099,2010,8,20,33,3,Friday,33,August,2010-08,1895601.05,1914023.105,83642.1444473168
2,2010-08-27,1863840.49,0,87.12,2.619,211.2241759,8.099,2010,8,27,34,3,Friday,34,August,2010-08,1964335.23,1928921.6875,59350.57184758314
2,2010-09-03,1904608.09,0,81.83,2.577,211.1886931,8.099,2010,9,3,35,3,Friday,35,September,2010-09,1863840.49,1907096.215,41974.96145655891
2,2010-09-10,1839128.83,1,79.09,2.565,211.1532104,8.099,2010,9,10,36,3,Friday,36,September,2010-09,1904608.09,1892978.1600000001,54698.69244405428
2,2010-09-17,1793903.6,0,82.05,2.582,211.1806415,8.099,2010,9,17,37,3,Friday,37,September,2010-09,1839128.83,1850370.2525,46325.09305391712
2,2010-09-24,1724557.22,0,81.79,2.624,211.2552578,8.099,2010,9,24,38,3,Friday,38,September,2010-09,1793903.6,1815549.435,75797.00359607168
2,2010-10-01,1827440.43,0,69.24,2.603,211.3298742,8.163,2010,10,1,39,4,Friday,39,October,2010-10,1724557.22,1796257.52,51500.152286638266
2,2010-10-08,1849921.44,0,63.19,2.633,211.4044906,8.163,2010,10,8,40,4,Friday,40,October,2010-10,1827440.43,1798955.6724999999,54679.50267281171
2,2010-10-15,1794355.49,0,65.8,2.72,211.4713286,8.163,2010,10,15,41,4,Friday,41,October,2010-10,1849921.44,1799068.645,54666.050491394555
2,2010-10-22,1737947.64,0,68.5,2.725,211.5187208,8.163,2010,10,22,42,4,Friday,42,October,2010-10,1794355.49,1802416.2499999998,48662.54613395675
2,2010-10-29,1802755.11,0,66.24,2.716,211.5661131,8.163,2010,10,29,43,4,Friday,43,October,2010-10,1737947.64,1796244.92,45919.110670358925
2,2010-11-05,1939061.41,0,57.85,2.689,211.6135053,8.163,2010,11,5,44,4,Friday,44,November,2010-11,1802755.11,1818529.9125,85351.41402456765
2,2010-11-12,1916812.74,0,59.69,2.728,211.6608975,8.163,2010,11,12,45,4,Friday,45,November,2010-11,1939061.41,1849144.225,95185.36054592839
2,2010-11-19,1956739.17,0,50.81,2.771,211.5470304,8.163,2010,11,19,46,4,Friday,46,November,2010-11,1916812.74,1903842.1075,69342.90845917058
2,2010-11-26,2658725.29,1,62.98,2.735,211.4062867,8.163,2010,11,26,47,4,Friday,47,November,2010-11,1956739.17,2117834.6525,360963.57976772217
2,2010-12-03,2015781.27,0,49.33,2.708,211.265543,8.163,2010,12,3,48,4,Friday,48,December,2010-12,2658725.29,2137014.6174999997,350175.0296505586
2,2010-12-10,2378726.55,0,45.5,2.843,211.1247993,8.163,2010,12,10,49,4,Friday,49,December,2010-12,2015781.27,2252493.07,328867.9338090439
2,2010-12-17,2609166.75,0,47.55,2.869,211.0645458,8.163,2010,12,17,50,4,Friday,50,December,2010-12,2378726.55,2415599.965,293139.705895134
2,2010-12-24,3436007.68,0,49.97,2.886,211.0646599,8.163,2010,12,24,51,4,Friday,51,December,2010-12,2609166.75,2609920.5625,602459.58764634
2,2010-12-31,1750434.55,1,47.3,2.943,211.064774,8.163,2010,12,31,52,4,Friday,52,December,2010-12,3436007.68,2543583.8825000003,696894.336940222
2,2011-01-07,1758050.79,0,44.69,2.976,211.0648881,8.028,2011,1,7,1,1,Friday,1,January,2011-01,1750434.55,2388414.9425,806341.5012984591
2,2011-01-14,1744193.58,0,33.02,2.983,211.1176713,8.028,2011,1,14,2,1,Friday,2,January,2011-01,1758050.79,2172171.65,842576.4074809749
2,2011-01-21,1751384.9,0,41.4,3.016,211.4864691,8.028,2011,1,21,3,1,Friday,3,January,2011-01,1744193.58,1751015.955,5671.797372653736
2,2011-01-28,1695371.68,0,42.83,3.01,211.8552668,8.028,2011,1,28,4,1,Friday,4,January,2011-01,1751384.9,1737250.2374999998,28486.69427207372
2,2011-02-04,1929346.23,0,38.25,2.989,212.2240646,8.028,2011,2,4,5,1,Friday,5,February,2011-02,1695371.68,1780074.0975,102578.67007116695
2,2011-02-11,2168041.61,1,33.19,3.022,212.5928624,8.028,2011,2,11,6,1,Friday,6,February,2011-02,1929346.23,1886036.105,212827.58416643043
2,2011-02-18,2080884.82,0,57.83,3.045,212.9033115,8.028,2011,2,18,7,1,Friday,7,February,2011-02,2168041.61,1968411.085,207025.97836628652
2,2011-02-25,1833511.08,0,60.8,3.065,213.190421,8.028,2011,2,25,8,1,Friday,8,February,2011-02,2080884.82,2002945.935,149951.25692894365
2,2011-03-04,1981607.78,0,57.77,3.288,213.4775305,8.028,2011,3,4,9,1,Friday,9,March,2011-03,1833511.08,2016011.3225,143540.61126190796
2,2011-03-11,1879107.31,0,52.7,3.459,213.7646401,8.028,2011,3,11,10,1,Friday,10,March,2011-03,1981607.78,1943777.7475,110409.03365285511
2,2011-03-18,1902557.66,0,62.32,3.488,214.0156238,8.028,2011,3,18,11,1,Friday,11,March,2011-03,1879107.31,1899195.9575,61970.60169156294
2,2011-03-25,1766162.05,0,69.42,3.473,214.2521573,8.028,2011,3,25,12,1,Friday,12,March,2011-03,1902557.66,1882358.7000000002,89014.25143216562
2,2011-04-01,1800171.36,0,55.43,3.524,214.4886908,7.931,2011,4,1,13,2,Friday,13,April,2011-04,1766162.05,1836999.595,64408.06425676737
2,2011-04-08,1847552.61,0,67.0,3.622,214.7252242,7.931,2011,4,8,14,2,Friday,14,April,2011-04,1800171.36,1829110.9200000002,59258.13000187725
2,2011-04-15,1856467.84,0,69.48,3.743,214.9420631,7.931,2011,4,15,15,2,Friday,15,April,2011-04,1847552.61,1817588.465,42259.07197399124
2,2011-04-22,1886339.6,0,69.39,3.807,215.1096657,7.931,2011,4,22,16,2,Friday,16,April,2011-04,1856467.84,1847632.8525000003,35725.19659542002
2,2011-04-29,1745545.28,0,69.21,3.81,215.2772683,7.931,2011,4,29,17,2,Friday,17,April,2011-04,1886339.6,1833976.3325,61243.084099126005
2,2011-05-06,1837743.6,0,61.48,3.906,215.4448709,7.931,2011,5,6,18,2,Friday,18,May,2011-05,1745545.28,1831524.08,60712.35150083381
2,2011-05-13,1838513.07,0,74.61,3.899,215.6124735,7.931,2011,5,13,19,2,Friday,19,May,2011-05,1837743.6,1827035.3875000002,58889.813072456694
2,2011-05-20,1688281.86,0,67.14,3.907,215.3834778,7.931,2011,5,20,20,2,Friday,20,May,2011-05,1838513.07,1777520.9525000001,73785.42071687311
2,2011-05-27,1797732.56,0,76.42,3.786,215.1544822,7.931,2011,5,27,21,2,Friday,21,May,2011-05,1688281.86,1790567.7725000002,70800.31150721275
2,2011-06-03,1933756.21,0,83.07,3.699,214.9254865,7.931,2011,6,3,22,2,Friday,22,June,2011-06,1797732.56,1814570.925,101670.73807506217
2,2011-06-10,1929153.16,0,83.4,3.648,214.6964908,7.931,2011,6,10,23,2,Friday,23,June,2011-06,1933756.21,1837230.9475,117633.28997889422
2,2011-06-17,1953771.99,0,86.53,3.637,214.6513538,7.931,2011,6,17,24,2,Friday,24,June,2011-06,1929153.16,1903603.48,71385.11602994426
2,2011-06-24,1790925.8,0,85.17,3.594,214.7441108,7.931,2011,6,24,25,2,Friday,25,June,2011-06,1953771.99,1901901.79,74751.87677674592
2,2011-07-01,1866243.0,0,85.69,3.524,214.8368678,7.852,2011,7,1,26,3,Friday,26,July,2011-07,1790925.8,1885023.4875,72757.28163911181
2,2011-07-08,1853161.99,0,87.7,3.48,214.9296249,7.852,2011,7,8,27,3,Friday,27,July,2011-07,1866243.0,1866025.6949999998,67094.28351961674
2,2011-07-15,1785187.29,0,89.83,3.575,215.0134426,7.852,2011,7,15,28,3,Friday,28,July,2011-07,1853161.99,1823879.52,41773.85071719179
2,2011-07-22,1743816.41,0,89.34,3.651,215.0749122,7.852,2011,7,22,29,3,Friday,29,July,2011-07,1785187.29,1812102.1724999999,57747.998740843395
2,2011-07-29,1680693.06,0,90.07,3.682,215.1363819,7.852,2011,7,29,30,3,Friday,30,July,2011-07,1743816.41,1765714.6875,72421.04819012512
2,2011-08-05,1876704.26,0,93.34,3.684,215.1978515,7.852,2011,8,5,31,3,Friday,31,August,2011-08,1680693.06,1771600.255,82193.91610268831
2,2011-08-12,1812768.26,0,91.58,3.638,215.2593211,7.852,2011,8,12,32,3,Friday,32,August,2011-08,1876704.26,1778495.4975,84828.33483363302
2,2011-08-19,1844094.59,0,89.86,3.554,215.3229307,7.852,2011,8,19,33,3,Friday,33,August,2011-08,1812768.26,1803565.0425,85973.27618297774
2,2011-08-26,1821139.91,0,90.45,3.523,215.386897,7.852,2011,8,26,34,3,Friday,34,August,2011-08,1844094.59,1838676.755,28602.06937930284
2,2011-09-02,1809119.7,0,89.64,3.533,215.4508632,7.852,2011,9,2,35,3,Friday,35,September,2011-09,1821139.91,1821780.615,15703.983512524781
2,2011-09-09,1748000.65,1,77.97,3.546,215.5148295,7.852,2011,9,9,36,3,Friday,36,September,2011-09,1809119.7,1805588.7125,41042.234998280066
2,2011-09-16,1691439.52,0,78.85,3.526,215.6944378,7.852,2011,9,16,37,3,Friday,37,September,2011-09,1748000.65,1767424.945,59930.065098532184
2,2011-09-23,1669299.78,0,75.58,3.467,216.0282356,7.852,2011,9,23,38,3,Friday,38,September,2011-09,1691439.52,1729464.9125,62594.54816479537
2,2011-09-30,1650394.44,0,78.14,3.355,216.3620333,7.852,2011,9,30,39,3,Friday,39,September,2011-09,1669299.78,1689783.5975,42281.04299033163
2,2011-10-07,1837553.43,0,69.92,3.285,216.6958311,7.441,2011,10,7,40,4,Friday,40,October,2011-10,1650394.44,1712171.7925,85254.19419381292
2,2011-10-14,1743882.19,0,71.67,3.274,217.0048261,7.441,2011,10,14,41,4,Friday,41,October,2011-10,1837553.43,1725282.46,85035.28024751584
2,2011-10-21,1834680.25,0,64.53,3.353,217.1650042,7.441,2011,10,21,42,4,Friday,42,October,2011-10,1743882.19,1766627.5775,88861.57342156269
2,2011-10-28,1769296.25,0,65.87,3.372,217.3251824,7.441,2011,10,28,43,4,Friday,43,October,2011-10,1834680.25,1796353.03,47087.532487792625
2,2011-11-04,1959707.9,0,55.53,3.332,217.4853605,7.441,2011,11,4,44,4,Friday,44,November,2011-11,1769296.25,1826891.6475,96451.40245166398
2,2011-11-11,1920725.15,0,59.33,3.297,217.6455387,7.441,2011,11,11,45,4,Friday,45,November,2011-11,1959707.9,1871102.3875,85643.48026608427
2,2011-11-18,1902762.5,0,62.01,3.308,217.8670218,7.441,2011,11,18,46,4,Friday,46,November,2011-11,1920725.15,1888122.95,82707.13304272229
2,2011-11-25,2614202.3,1,56.36,3.236,218.1130269,7.441,2011,11,25,47,4,Friday,47,November,2011-11,1902762.5,2099349.4625,344057.305837425
2,2011-12-02,1954952.0,0,48.74,3.172,218.3590319,7.441,2011,12,2,48,4,Friday,48,December,2011-12,2614202.3,2098160.4875,344708.32871338114
2,2011-12-09,2290549.32,0,41.76,3.158,218.605037,7.441,2011,12,9,49,4,Friday,49,December,2011-12,1954952.0,2190616.53,330559.71742437314
2,2011-12-16,2432736.52,0,50.13,3.159,218.8217928,7.441,2011,12,16,50,4,Friday,50,December,2011-12,2290549.32,2323110.035,278898.55494585814
2,2011-12-23,3224369.8,0,46.66,3.112,218.9995495,7.441,2011,12,23,51,4,Friday,51,December,2011-12,2432736.52,2475651.91,537838.7535943049
2,2011-12-30,1874226.52,1,44.57,3.129,219.1773063,7.441,2011,12,30,52,4,Friday,52,December,2011-12,3224369.8,2455470.54,564731.9503640534
2,2012-01-06,1799520.14,0,46.75,3.157,219.355063,7.057,2012,1,6,1,1,Friday,1,January,2012-01,1874226.52,2332713.2449999996,658169.4391357914
2,2012-01-13,1744725.48,0,45.99,3.261,219.5328198,7.057,2012,1,13,2,1,Friday,2,January,2012-01,1799520.14,2160710.485,711089.8185870441
2,2012-01-20,1711769.11,0,51.7,3.268,219.6258417,7.057,2012,1,20,3,1,Friday,3,January,2012-01,1744725.48,1782560.3125,71023.93551465256
2,2012-01-27,1660906.14,0,50.5,3.29,219.7188636,7.057,2012,1,27,4,1,Friday,4,January,2012-01,1711769.11,1729230.2175,58177.447538713124
2,2012-02-03,1935299.94,0,55.21,3.36,219.8118854,7.057,2012,2,3,5,1,Friday,5,February,2012-02,1660906.14,1763175.1675,119817.72964315444
2,2012-02-10,2103322.68,1,46.98,3.409,219.9049073,7.057,2012,2,10,6,1,Friday,6,February,2012-02,1935299.94,1852824.4675,205167.2621217871
2,2012-02-17,2196688.46,0,43.82,3.51,220.0651993,7.057,2012,2,17,7,1,Friday,7,February,2012-02,2103322.68,1974054.305,235116.95940328078
2,2012-02-24,1861802.7,0,54.63,3.555,220.275944,7.057,2012,2,24,8,1,Friday,8,February,2012-02,2196688.46,2024278.445,153067.2471218476
2,2012-03-02,1952555.66,0,58.79,3.63,220.4866886,7.057,2012,3,2,9,1,Friday,9,March,2012-03,1861802.7,2028592.375,149934.75246733596
2,2012-03-09,1937628.26,0,57.11,3.669,220.6974332,7.057,2012,3,9,10,1,Friday,10,March,2012-03,1952555.66,1987168.77,145221.07459534466
2,2012-03-16,1976082.13,0,63.68,3.734,220.8498468,7.057,2012,3,16,11,1,Friday,11,March,2012-03,1937628.26,1932017.1875,49413.58247707559
2,2012-03-23,1790439.16,0,64.01,3.787,220.9244858,7.057,2012,3,23,12,1,Friday,12,March,2012-03,1976082.13,1914176.3024999998,83996.39140111212
2,2012-03-30,1857480.84,0,66.83,3.845,220.9991248,7.057,2012,3,30,13,1,Friday,13,March,2012-03,1790439.16,1890407.5975,82961.38929585351
2,2012-04-06,2129035.91,0,68.43,3.891,221.0737638,6.891,2012,4,6,14,2,Friday,14,April,2012-04,1857480.84,1938259.51,148551.04036629136
2,2012-04-13,1935869.1,0,68.08,3.891,221.1484028,6.891,2012,4,13,15,2,Friday,15,April,2012-04,2129035.91,1928206.2525,146484.50010448328
2,2012-04-20,1847344.45,0,65.69,3.877,221.2021074,6.891,2012,4,20,16,2,Friday,16,April,2012-04,1935869.1,1942432.575,130540.45686137618
2,2012-04-27,1764133.09,0,67.2,3.814,221.255812,6.891,2012,4,27,17,2,Friday,17,April,2012-04,1847344.45,1919095.6375000002,156543.80760346274
2,2012-05-04,1923957.09,0,76.73,3.749,221.3095166,6.891,2012,5,4,18,2,Friday,18,May,2012-05,1764133.09,1867825.9325,79482.23322826592
2,2012-05-11,1917520.99,0,73.87,3.688,221.3632212,6.891,2012,5,11,19,2,Friday,19,May,2012-05,1923957.09,1863238.9050000003,74627.60661714405
2,2012-05-18,2000940.67,0,71.27,3.63,221.380331,6.891,2012,5,18,20,2,Friday,20,May,2012-05,1917520.99,1901637.96,99195.14721498152
2,2012-05-25,1912791.09,0,78.19,3.561,221.3828029,6.891,2012,5,25,21,2,Friday,21,May,2012-05,2000940.67,1938802.4600000002,41677.46988116187
2,2012-06-01,1910092.37,0,78.38,3.501,221.3852748,6.891,2012,6,1,22,2,Friday,22,June,2012-06,1912791.09,1935336.28,43843.89402295024
2,2012-06-08,2010216.49,0,78.69,3.452,221.3877467,6.891,2012,6,8,23,2,Friday,23,June,2012-06,1910092.37,1958510.1550000003,54492.83895181237
2,2012-06-15,1962924.3,0,80.56,3.393,221.4009901,6.891,2012,6,15,24,2,Friday,24,June,2012-06,2010216.49,1949006.0625000002,47491.169238803755
2,2012-06-22,1887733.21,0,81.04,3.346,221.4411622,6.891,2012,6,22,25,2,Friday,25,June,2012-06,1962924.3,1942741.5925,54930.554186759415
2,2012-06-29,1881046.12,0,86.32,3.286,221.4813343,6.891,2012,6,29,26,2,Friday,26,June,2012-06,1887733.21,1935480.03,62133.01802630569
2,2012-07-06,2041507.4,0,84.2,3.227,221.5215064,6.565,2012,7,6,27,3,Friday,27,July,2012-07,1881046.12,1943302.7575,75261.81028206338
2,2012-07-13,1830075.13,0,80.17,3.256,221.5616784,6.565,2012,7,13,28,3,Friday,28,July,2012-07,2041507.4,1910090.4649999999,91316.82113677503
2,2012-07-20,1819666.46,0,83.23,3.311,221.5701123,6.565,2012,7,20,29,3,Friday,29,July,2012-07,1830075.13,1893073.7774999999,102525.88076967323
2,2012-07-27,1757923.88,0,86.37,3.407,221.5785461,6.565,2012,7,27,30,3,Friday,30,July,2012-07,1819666.46,1862293.2174999998,123646.9806026559
2,2012-08-03,1946104.64,0,90.22,3.417,221.5869799,6.565,2012,8,3,31,3,Friday,31,August,2012-08,1757923.88,1838442.5274999999,78521.62571522701
2,2012-08-10,1866719.96,0,88.55,3.494,221.5954138,6.565,2012,8,10,32,3,Friday,32,August,2012-08,1946104.64,1847603.7349999999,79353.27355424261
2,2012-08-17,1928016.01,0,84.79,3.571,221.6751459,6.565,2012,8,17,33,3,Friday,33,August,2012-08,1866719.96,1874691.1225,84934.41089309762
2,2012-08-24,1876788.15,0,76.91,3.62,221.8083518,6.565,2012,8,24,34,3,Friday,34,August,2012-08,1928016.01,1904407.19,38640.18803394637
2,2012-08-31,1947083.3,0,82.64,3.638,221.9415576,6.565,2012,8,31,35,3,Friday,35,August,2012-08,1876788.15,1904651.855,38993.70025306185
2,2012-09-07,1898777.07,1,87.65,3.73,222.0747635,6.565,2012,9,7,36,3,Friday,36,September,2012-09,1947083.3,1912666.1325,31092.849356907594
2,2012-09-14,1814806.63,0,75.88,3.717,222.2174395,6.565,2012,9,14,37,3,Friday,37,September,2012-09,1898777.07,1884363.7874999999,54884.9354063588
2,2012-09-21,1829415.67,0,71.09,3.721,222.4169362,6.565,2012,9,21,38,3,Friday,38,September,2012-09,1814806.63,1872520.6675,61746.62142337662
2,2012-09-28,1746470.56,0,79.45,3.666,222.6164329,6.565,2012,9,28,39,3,Friday,39,September,2012-09,1829415.67,1822367.4825,62464.95375931513
2,2012-10-05,1998321.04,0,70.27,3.617,222.8159296,6.17,2012,10,5,40,4,Friday,40,October,2012-10,1746470.56,1847253.475,107004.03448562963
2,2012-10-12,1900745.13,0,60.97,3.601,223.0154263,6.17,2012,10,12,41,4,Friday,41,October,2012-10,1998321.04,1868738.1,106945.14660520726
2,2012-10-19,1847990.41,0,68.08,3.594,223.0598077,6.17,2012,10,19,42,4,Friday,42,October,2012-10,1900745.13,1873381.7850000001,105055.14590750597
2,2012-10-26,1834458.35,0,69.79,3.506,223.0783366,6.17,2012,10,26,43,4,Friday,43,October,2012-10,1847990.41,1895378.7325,74347.97241994245
3,2010-02-26,407204.86,0,52.05,2.561,214.6475127,7.368,2010,2,26,8,1,Friday,8,February,2010-02,421642.19,427799.5575,23494.826290359273
3,2010-03-05,415202.04,0,53.04,2.625,214.6751386,7.368,2010,3,5,9,1,Friday,9,March,2010-03,407204.86,416194.5125,6634.185657342681
3,2010-03-12,384200.69,0,63.08,2.667,214.7027646,7.368,2010,3,12,10,1,Friday,10,March,2010-03,415202.04,407062.445,16345.255119262183
3,2010-03-19,375328.59,0,60.42,2.72,214.5301219,7.368,2010,3,19,11,1,Friday,11,March,2010-03,384200.69,395484.045,18794.798016093893
3,2010-03-26,359949.27,0,57.06,2.732,214.3241011,7.368,2010,3,26,12,1,Friday,12,March,2010-03,375328.59,383670.1475,23286.643746088164
3,2010-04-02,423294.4,0,65.56,2.719,214.1180803,7.343,2010,4,2,13,2,Friday,13,April,2010-04,359949.27,385693.2375,26995.38787664467
3,2010-04-09,415870.28,0,68.0,2.77,213.9120595,7.343,2010,4,9,14,2,Friday,14,April,2010-04,423294.4,393610.635,30789.274989550617
3,2010-04-16,354993.26,0,66.98,2.808,213.7726889,7.343,2010,4,16,15,2,Friday,15,April,2010-04,415870.28,388526.8025,36044.534648602326
3,2010-04-23,339976.65,0,67.87,2.795,213.7221852,7.343,2010,4,23,16,2,Friday,16,April,2010-04,354993.26,383533.6475,42183.491994979435
3,2010-04-30,361248.39,0,70.24,2.78,213.6716815,7.343,2010,4,30,17,2,Friday,17,April,2010-04,339976.65,368022.145,33124.15741779461
3,2010-05-07,399323.86,0,73.47,2.835,213.6211778,7.343,2010,5,7,18,2,Friday,18,May,2010-05,361248.39,363885.54000000004,25255.604983022487
3,2010-05-14,384357.94,0,77.18,2.854,213.6196139,7.343,2010,5,14,19,2,Friday,19,May,2010-05,399323.86,371226.71,26064.101490117308
3,2010-05-21,343763.17,0,75.81,2.826,213.9116886,7.343,2010,5,21,20,2,Friday,20,May,2010-05,384357.94,372173.33999999997,24577.140499264813
3,2010-05-28,350089.23,0,78.6,2.759,214.2037634,7.343,2010,5,28,21,2,Friday,21,May,2010-05,343763.17,369383.55,26766.453969941616
3,2010-06-04,396968.8,0,78.53,2.705,214.4958382,7.343,2010,6,4,22,2,Friday,22,June,2010-06,350089.23,368794.785,25900.23456869655
3,2010-06-11,355017.09,0,82.1,2.668,214.787913,7.343,2010,6,11,23,2,Friday,23,June,2010-06,396968.8,361459.5725,24116.786466545713
3,2010-06-18,364076.85,0,83.52,2.637,214.7858259,7.343,2010,6,18,24,2,Friday,24,June,2010-06,355017.09,366537.9925,21098.058755118414
3,2010-06-25,357346.48,0,83.79,2.653,214.6660741,7.343,2010,6,25,25,2,Friday,25,June,2010-06,364076.85,368352.305,19460.553645506516
3,2010-07-02,381151.72,0,82.2,2.669,214.5463222,7.346,2010,7,2,26,3,Friday,26,July,2010-07,357346.48,364398.035,11811.23304167846
3,2010-07-09,349214.18,0,81.75,2.642,214.4265704,7.346,2010,7,9,27,3,Friday,27,July,2010-07,381151.72,362947.3075,13572.577258888425
3,2010-07-16,352728.78,0,84.32,2.623,214.4176476,7.346,2010,7,16,28,3,Friday,28,July,2010-07,349214.18,360110.29000000004,14417.493138235573
3,2010-07-23,352864.49,0,83.32,2.608,214.5564968,7.346,2010,7,23,29,3,Friday,29,July,2010-07,352728.78,358989.7925,14870.925083386535
3,2010-07-30,347955.05,0,82.04,2.64,214.695346,7.346,2010,7,30,30,3,Friday,30,July,2010-07,352864.49,350690.625,2486.163393726071
3,2010-08-06,402635.76,0,85.13,2.627,214.8341952,7.346,2010,8,6,31,3,Friday,31,August,2010-08,347955.05,364046.01999999996,25827.594307684503
3,2010-08-13,339597.38,0,86.74,2.692,214.9730444,7.346,2010,8,13,32,3,Friday,32,August,2010-08,402635.76,360763.17,28447.270187190265
3,2010-08-20,351728.21,0,88.02,2.664,214.9314191,7.346,2010,8,20,33,3,Friday,33,August,2010-08,339597.38,360479.1,28557.89509463546
3,2010-08-27,362134.09,0,86.15,2.619,214.8897938,7.346,2010,8,27,34,3,Friday,34,August,2010-08,351728.21,364023.86000000004,27339.141576232232
3,2010-09-03,366473.97,0,84.16,2.577,214.8481685,7.346,2010,9,3,35,3,Friday,35,September,2010-09,362134.09,354983.41250000003,11979.029451182458
3,2010-09-10,352260.97,1,80.84,2.565,214.8065431,7.346,2010,9,10,36,3,Friday,36,September,2010-09,366473.97,358149.31,7327.607816325262
3,2010-09-17,363064.64,0,82.36,2.582,214.8322484,7.346,2010,9,17,37,3,Friday,37,September,2010-09,352260.97,360983.4175,6106.902964195139
3,2010-09-24,355626.87,0,76.9,2.624,214.9084516,7.346,2010,9,24,38,3,Friday,38,September,2010-09,363064.64,359356.6125,6548.927834072969
3,2010-10-01,358784.1,0,73.6,2.603,214.9846548,7.564,2010,10,1,39,4,Friday,39,October,2010-10,355626.87,357434.14499999996,4602.638191056415
3,2010-10-08,395107.35,0,66.99,2.633,215.060858,7.564,2010,10,8,40,4,Friday,40,October,2010-10,358784.1,368145.74,18231.00290319216
3,2010-10-15,345584.39,0,69.71,2.72,215.1293114,7.564,2010,10,15,41,4,Friday,41,October,2010-10,395107.35,363775.6775,21632.657042578634
3,2010-10-22,348895.98,0,71.64,2.725,215.17839,7.564,2010,10,22,42,4,Friday,42,October,2010-10,345584.39,362092.95499999996,22712.63720293843
3,2010-10-29,348591.74,0,72.04,2.716,215.2274686,7.564,2010,10,29,43,4,Friday,43,October,2010-10,348895.98,359544.865,23755.38465702538
3,2010-11-05,423175.56,0,62.94,2.689,215.2765472,7.564,2010,11,5,44,4,Friday,44,November,2010-11,348591.74,366561.9175,37772.008173013
3,2010-11-12,386635.03,0,62.79,2.728,215.3256258,7.564,2010,11,12,45,4,Friday,45,November,2010-11,423175.56,376824.5775,35692.00764218078
3,2010-11-19,372545.32,0,57.72,2.771,215.2074519,7.564,2010,11,19,46,4,Friday,46,November,2010-11,386635.03,382736.91250000003,31199.5774245628
3,2010-11-26,565567.84,1,68.71,2.735,215.0614025,7.564,2010,11,26,47,4,Friday,47,November,2010-11,372545.32,436980.9375,88339.94782857645
3,2010-12-03,476420.77,0,53.76,2.708,214.9153531,7.564,2010,12,3,48,4,Friday,48,December,2010-12,565567.84,450292.24,89569.31764429035
3,2010-12-10,467642.03,0,51.13,2.843,214.7693037,7.564,2010,12,10,49,4,Friday,49,December,2010-12,476420.77,470543.99,78901.26595013401
3,2010-12-17,498159.39,0,52.2,2.869,214.704919,7.564,2010,12,17,50,4,Friday,50,December,2010-12,467642.03,501947.50749999995,44310.93414911335
3,2010-12-24,605990.41,0,57.16,2.886,214.7017828,7.564,2010,12,24,51,4,Friday,51,December,2010-12,498159.39,512053.15,63925.11104765195
3,2010-12-31,382677.76,1,53.2,2.943,214.6986466,7.564,2010,12,31,52,4,Friday,52,December,2010-12,605990.41,488617.3975,92250.82929995192
3,2011-01-07,378241.34,0,53.35,2.976,214.6955104,7.551,2011,1,7,1,1,Friday,1,January,2011-01,382677.76,466267.22500000003,108436.51553474479
3,2011-01-14,381061.1,0,44.76,2.983,214.7470729,7.551,2011,1,14,2,1,Friday,2,January,2011-01,378241.34,436992.6525,112680.08530473673
3,2011-01-21,350876.7,0,50.74,3.016,215.1268275,7.551,2011,1,21,3,1,Friday,3,January,2011-01,381061.1,373214.225,15004.09777705964
3,2011-01-28,364866.24,0,48.71,3.01,215.5065821,7.551,2011,1,28,4,1,Friday,4,January,2011-01,350876.7,368761.345,13858.651305196825
3,2011-02-04,438516.53,0,45.95,2.989,215.8863367,7.551,2011,2,4,5,1,Friday,5,February,2011-02,364866.24,383830.14249999996,38487.346599444296
3,2011-02-11,430526.21,1,43.57,3.022,216.2660913,7.551,2011,2,11,6,1,Friday,6,February,2011-02,438516.53,396196.42000000004,44739.92769911825
3,2011-02-18,432782.1,0,61.58,3.045,216.5843571,7.551,2011,2,18,7,1,Friday,7,February,2011-02,430526.21,416672.76999999996,34701.07930339233
3,2011-02-25,397211.19,0,67.4,3.065,216.8780275,7.551,2011,2,25,8,1,Friday,8,February,2011-02,432782.1,424759.00749999995,18670.67497700461
3,2011-03-04,437084.51,0,65.11,3.288,217.1716979,7.551,2011,3,4,9,1,Friday,9,March,2011-03,397211.19,424401.00250000006,18329.55926466171
3,2011-03-11,404753.3,0,61.29,3.459,217.4653683,7.551,2011,3,11,10,1,Friday,10,March,2011-03,437084.51,417957.77499999997,19919.601340167974
3,2011-03-18,392109.51,0,69.47,3.488,217.7235226,7.551,2011,3,18,11,1,Friday,11,March,2011-03,404753.3,407789.6275,20208.73449881877
3,2011-03-25,380683.67,0,72.94,3.473,217.9674705,7.551,2011,3,25,12,1,Friday,12,March,2011-03,392109.51,403657.74749999994,24356.50982690286
3,2011-04-01,374556.08,0,68.76,3.524,218.2114184,7.574,2011,4,1,13,2,Friday,13,April,2011-04,380683.67,388025.64,13314.4805046608
3,2011-04-08,384075.31,0,72.55,3.622,218.4553663,7.574,2011,4,8,14,2,Friday,14,April,2011-04,374556.08,382856.1425,7319.422876845224
3,2011-04-15,366250.69,0,75.88,3.743,218.6788642,7.574,2011,4,15,15,2,Friday,15,April,2011-04,384075.31,376391.4375,7824.501122368952
3,2011-04-22,391860.04,0,76.91,3.807,218.851237,7.574,2011,4,22,16,2,Friday,16,April,2011-04,366250.69,379185.53,11154.894969124281
3,2011-04-29,367405.4,0,78.69,3.81,219.0236099,7.574,2011,4,29,17,2,Friday,17,April,2011-04,391860.04,377397.86,12620.771829479936
3,2011-05-06,413042.12,0,69.45,3.906,219.1959827,7.574,2011,5,6,18,2,Friday,18,May,2011-05,367405.4,384639.5625,22315.97004215034
3,2011-05-13,386312.68,0,79.87,3.899,219.3683556,7.574,2011,5,13,19,2,Friday,19,May,2011-05,413042.12,389655.06,18779.735411909445
3,2011-05-20,364603.13,0,75.79,3.907,219.127216,7.574,2011,5,20,20,2,Friday,20,May,2011-05,386312.68,382840.8325,22323.663533430587
3,2011-05-27,369350.6,0,84.41,3.786,218.8860765,7.574,2011,5,27,21,2,Friday,21,May,2011-05,364603.13,383327.1325,21892.35563953361
3,2011-06-03,394507.84,0,84.29,3.699,218.6449369,7.574,2011,6,3,22,2,Friday,22,June,2011-06,369350.6,378693.5625,14070.934115393808
3,2011-06-10,391638.75,0,84.84,3.648,218.4037974,7.574,2011,6,10,23,2,Friday,23,June,2011-06,394507.84,380025.08,15236.017996394645
3,2011-06-17,403423.34,0,86.96,3.637,218.3551748,7.574,2011,6,17,24,2,Friday,24,June,2011-06,391638.75,389730.1325,14483.307475313952
3,2011-06-24,385520.71,0,84.94,3.594,218.45094,7.574,2011,6,24,25,2,Friday,25,June,2011-06,403423.34,393772.66000000003,7445.901888183778
3,2011-07-01,368962.72,0,85.1,3.524,218.5467052,7.567,2011,7,1,26,3,Friday,26,July,2011-07,385520.71,387386.38,14354.775152110891
3,2011-07-08,395146.24,0,85.38,3.48,218.6424704,7.567,2011,7,8,27,3,Friday,27,July,2011-07,368962.72,388263.2525,14801.304718173275
3,2011-07-15,373454.33,0,87.14,3.575,218.7275216,7.567,2011,7,15,28,3,Friday,28,July,2011-07,395146.24,380771.0,11862.77660849239
3,2011-07-22,360617.37,0,86.19,3.651,218.7857881,7.567,2011,7,22,29,3,Friday,29,July,2011-07,373454.33,374545.165,14727.993503222418
3,2011-07-29,345381.29,0,88.07,3.682,218.8440545,7.567,2011,7,29,30,3,Friday,30,July,2011-07,360617.37,368649.8075,21064.09528494132
3,2011-08-05,409981.25,0,88.45,3.684,218.9023209,7.567,2011,8,5,31,3,Friday,31,August,2011-08,345381.29,372358.56,27581.975720857918
3,2011-08-12,380376.85,0,88.88,3.638,218.9605873,7.567,2011,8,12,32,3,Friday,32,August,2011-08,409981.25,374089.18999999994,27889.114339000836
3,2011-08-19,379716.91,0,88.44,3.554,219.023271,7.567,2011,8,19,33,3,Friday,33,August,2011-08,380376.85,378864.075,26409.539230327908
3,2011-08-26,366367.55,0,87.67,3.523,219.0866908,7.567,2011,8,26,34,3,Friday,34,August,2011-08,379716.91,384110.64,18415.136487838696
3,2011-09-02,375988.69,0,89.12,3.533,219.1501106,7.567,2011,9,2,35,3,Friday,35,September,2011-09,366367.55,375612.5,6458.994549958604
3,2011-09-09,377347.49,1,81.72,3.546,219.2135305,7.567,2011,9,9,36,3,Friday,36,September,2011-09,375988.69,374855.16,5864.37651316219
3,2011-09-16,375629.51,0,83.63,3.526,219.3972867,7.567,2011,9,16,37,3,Friday,37,September,2011-09,377347.49,373833.31,5031.866149332193
3,2011-09-23,365248.94,0,80.19,3.467,219.7414914,7.567,2011,9,23,38,3,Friday,38,September,2011-09,375629.51,373553.6575,5585.697350395924
3,2011-09-30,368477.93,0,82.58,3.355,220.085696,7.567,2011,9,30,39,3,Friday,39,September,2011-09,365248.94,371675.96749999997,5754.151895355232
3,2011-10-07,403342.4,0,75.54,3.285,220.4299007,7.197,2011,10,7,40,4,Friday,40,October,2011-10,368477.93,378174.695,17330.067661307487
3,2011-10-14,368282.57,0,73.75,3.274,220.7486167,7.197,2011,10,14,41,4,Friday,41,October,2011-10,403342.4,376337.95999999996,18063.55007491594
3,2011-10-21,394976.36,0,69.03,3.353,220.9144005,7.197,2011,10,21,42,4,Friday,42,October,2011-10,368282.57,383769.815,18095.756767471616
3,2011-10-28,389540.62,0,71.04,3.372,221.0801842,7.197,2011,10,28,43,4,Friday,43,October,2011-10,394976.36,389035.48750000005,14954.603025470744
3,2011-11-04,459443.22,0,59.31,3.332,221.245968,7.197,2011,11,4,44,4,Friday,44,November,2011-11,389540.62,403060.6925,39313.50914672568
3,2011-11-11,407764.25,0,61.7,3.297,221.4117517,7.197,2011,11,11,45,4,Friday,45,November,2011-11,459443.22,412931.11250000005,31935.147246225173
3,2011-11-18,398838.97,0,63.91,3.308,221.6432852,7.197,2011,11,18,46,4,Friday,46,November,2011-11,407764.25,413896.765,31262.577697172677
3,2011-11-25,556925.19,1,68.0,3.236,221.9011185,7.197,2011,11,25,47,4,Friday,47,November,2011-11,398838.97,455742.9075,72552.40929381925
3,2011-12-02,472511.32,0,54.97,3.172,222.1589519,7.197,2011,12,2,48,4,Friday,48,December,2011-12,556925.19,459009.9325,73066.97799230422
3,2011-12-09,468772.8,0,49.26,3.158,222.4167852,7.197,2011,12,9,49,4,Friday,49,December,2011-12,472511.32,474262.07,64691.66003033085
3,2011-12-16,510747.62,0,57.95,3.159,222.6426418,7.197,2011,12,16,50,4,Friday,50,December,2011-12,468772.8,502239.23250000004,41096.21836384528
3,2011-12-23,551221.21,0,53.41,3.112,222.8258628,7.197,2011,12,23,51,4,Friday,51,December,2011-12,510747.62,500813.23750000005,38588.61583673422
3,2011-12-30,410553.88,1,48.29,3.129,223.0090839,7.197,2011,12,30,52,4,Friday,52,December,2011-12,551221.21,485323.8775,60147.91713180317
3,2012-01-06,398178.21,0,52.42,3.157,223.1923049,6.833,2012,1,6,1,1,Friday,1,January,2012-01,410553.88,467675.23,75117.34369011223
3,2012-01-13,367438.62,0,51.86,3.261,223.3755259,6.833,2012,1,13,2,1,Friday,2,January,2012-01,398178.21,431847.98,81620.31161197026
3,2012-01-20,365818.61,0,56.2,3.268,223.4700552,6.833,2012,1,20,3,1,Friday,3,January,2012-01,367438.62,385497.32999999996,22375.61502454143
3,2012-01-27,349518.1,0,58.06,3.29,223.5645845,6.833,2012,1,27,4,1,Friday,4,January,2012-01,365818.61,370238.385,20308.75941244545
3,2012-02-03,424960.66,0,59.33,3.36,223.6591137,6.833,2012,2,3,5,1,Friday,5,February,2012-02,349518.1,376933.9975,33024.76737118238
3,2012-02-10,473292.47,1,51.65,3.409,223.753643,6.833,2012,2,10,6,1,Friday,6,February,2012-02,424960.66,403397.45999999996,56761.01778061013
3,2012-02-17,475591.08,0,52.39,3.51,223.9170153,6.833,2012,2,17,7,1,Friday,7,February,2012-02,473292.47,430840.5775,59027.36491769122
3,2012-02-24,418925.47,0,60.12,3.555,224.1320199,6.833,2012,2,24,8,1,Friday,8,February,2012-02,475591.08,448192.42,30424.595942527318
3,2012-03-02,469752.56,0,61.65,3.63,224.3470245,6.833,2012,3,2,9,1,Friday,9,March,2012-03,418925.47,459390.395,27083.294374439472
3,2012-03-09,445162.05,0,60.71,3.669,224.5620291,6.833,2012,3,9,10,1,Friday,10,March,2012-03,469752.56,452357.79,25896.347762486654
3,2012-03-16,411775.8,0,64.0,3.734,224.7166953,6.833,2012,3,16,11,1,Friday,11,March,2012-03,445162.05,436403.97,26463.03799688264
3,2012-03-23,413907.25,0,66.53,3.787,224.7909104,6.833,2012,3,23,12,1,Friday,12,March,2012-03,411775.8,435149.415,27659.7538889368
3,2012-03-30,407488.84,0,69.36,3.845,224.8651254,6.833,2012,3,30,13,1,Friday,13,March,2012-03,413907.25,419583.48500000004,17260.002066142046
3,2012-04-06,503232.13,0,73.01,3.891,224.9393405,6.664,2012,4,6,14,2,Friday,14,April,2012-04,407488.84,434101.005,46164.641191590454
3,2012-04-13,420789.74,0,72.83,3.891,225.0135556,6.664,2012,4,13,15,2,Friday,15,April,2012-04,503232.13,436354.49,44914.676547398056
3,2012-04-20,434822.13,0,72.05,3.877,225.0689541,6.664,2012,4,20,16,2,Friday,16,April,2012-04,420789.74,441583.21,42587.54121520582
3,2012-04-27,394616.11,0,73.39,3.814,225.1243526,6.664,2012,4,27,17,2,Friday,17,April,2012-04,434822.13,438365.02749999997,46343.46995557715
3,2012-05-04,439913.57,0,79.51,3.749,225.1797511,6.664,2012,5,4,18,2,Friday,18,May,2012-05,394616.11,422535.3875,20293.665757085077
3,2012-05-11,431985.36,0,75.19,3.688,225.2351496,6.664,2012,5,11,19,2,Friday,19,May,2012-05,439913.57,425334.2925,20739.799322729374
3,2012-05-18,418112.76,0,72.38,3.63,225.2512024,6.664,2012,5,18,20,2,Friday,20,May,2012-05,431985.36,421156.94999999995,19855.71737656595
3,2012-05-25,413701.29,0,78.58,3.561,225.2515168,6.664,2012,5,25,21,2,Friday,21,May,2012-05,418112.76,425928.245,12149.872315324714
3,2012-06-01,432268.53,0,81.55,3.501,225.2518313,6.664,2012,6,1,22,2,Friday,22,June,2012-06,413701.29,424016.985,9536.883334564542
3,2012-06-08,446336.8,0,81.65,3.452,225.2521458,6.664,2012,6,8,23,2,Friday,23,June,2012-06,432268.53,427604.84500000003,14787.884851982495
3,2012-06-15,442074.79,0,84.66,3.393,225.2644795,6.664,2012,6,15,24,2,Friday,24,June,2012-06,446336.8,433595.35250000004,14511.82880058021
3,2012-06-22,419497.95,0,82.7,3.346,225.3068615,6.664,2012,6,22,25,2,Friday,25,June,2012-06,442074.79,435044.5175,11921.161060850927
3,2012-06-29,422965.33,0,86.42,3.286,225.3492435,6.664,2012,6,29,26,2,Friday,26,June,2012-06,419497.95,432718.7175,13452.453612832725
3,2012-07-06,411206.5,0,83.14,3.227,225.3916254,6.334,2012,7,6,27,3,Friday,27,July,2012-07,422965.33,423936.1425,13060.04544254808
3,2012-07-13,416913.1,0,82.28,3.256,225.4340074,6.334,2012,7,13,28,3,Friday,28,July,2012-07,411206.5,417645.72,4957.462146360722
3,2012-07-20,432424.85,0,81.38,3.311,225.4438827,6.334,2012,7,20,29,3,Friday,29,July,2012-07,416913.1,420877.445,9072.762065275245
3,2012-07-27,389427.9,0,84.94,3.407,225.4537579,6.334,2012,7,27,30,3,Friday,30,July,2012-07,432424.85,412493.08749999997,17799.530411988202
3,2012-08-03,419990.29,0,86.55,3.417,225.4636332,6.334,2012,8,3,31,3,Friday,31,August,2012-08,389427.9,414689.035,18126.719181930494
3,2012-08-10,391811.6,0,85.85,3.494,225.4735085,6.334,2012,8,10,32,3,Friday,32,August,2012-08,419990.29,408413.66000000003,21186.812615352737
3,2012-08-17,394918.83,0,87.36,3.571,225.5558664,6.334,2012,8,17,33,3,Friday,33,August,2012-08,391811.6,399037.15499999997,14148.508682860334
3,2012-08-24,412449.67,0,83.01,3.62,225.6925864,6.334,2012,8,24,34,3,Friday,34,August,2012-08,394918.83,404792.59750000003,13608.798591767652
3,2012-08-31,408838.73,0,85.18,3.638,225.8293063,6.334,2012,8,31,35,3,Friday,35,August,2012-08,412449.67,402004.7075,10163.828110977602
3,2012-09-07,408229.73,1,84.99,3.73,225.9660263,6.334,2012,9,7,36,3,Friday,36,September,2012-09,408838.73,406109.24,7689.233209564637
3,2012-09-14,407589.16,0,78.36,3.717,226.1122067,6.334,2012,9,14,37,3,Friday,37,September,2012-09,408229.73,409276.8225,2175.890140784253
3,2012-09-21,414392.09,0,72.78,3.721,226.3151496,6.334,2012,9,21,38,3,Friday,38,September,2012-09,407589.16,409762.4275,3128.3246415339936
3,2012-09-28,389813.02,0,77.46,3.666,226.5180926,6.334,2012,9,28,39,3,Friday,39,September,2012-09,414392.09,405006.0,10582.85527739742
3,2012-10-05,443557.65,0,72.74,3.617,226.7210356,6.034,2012,10,5,40,4,Friday,40,October,2012-10,389813.02,413837.98000000004,22359.280528041792
3,2012-10-12,410804.39,0,70.31,3.601,226.9239785,6.034,2012,10,12,41,4,Friday,41,October,2012-10,443557.65,414641.7875,22116.22909466018
3,2012-10-19,424513.08,0,73.44,3.594,226.9688442,6.034,2012,10,19,42,4,Friday,42,October,2012-10,410804.39,417172.03500000003,22650.638145804354
3,2012-10-26,405432.7,0,74.66,3.506,226.9873637,6.034,2012,10,26,43,4,Friday,43,October,2012-10,424513.08,421076.9550000001,17004.478908833582
4,2010-02-26,1925728.84,0,41.36,2.59,126.5522857,8.623,2010,2,26,8,1,Friday,8,February,2010-02,2049860.26,2074760.09,114556.39838811534
4,2010-03-05,1971057.44,0,43.49,2.654,126.5782857,8.623,2010,3,5,9,1,Friday,9,March,2010-03,1925728.84,2033738.4825,115103.51115027965
4,2010-03-12,1894324.09,0,49.63,2.704,126.6042857,8.623,2010,3,12,10,1,Friday,10,March,2010-03,1971057.44,1960242.6575,67539.45843738446
4,2010-03-19,1897429.36,0,55.19,2.743,126.6066452,8.623,2010,3,19,11,1,Friday,11,March,2010-03,1894324.09,1922134.9325,35544.03927673636
4,2010-03-26,1762539.3,0,39.91,2.752,126.6050645,8.623,2010,3,26,12,1,Friday,12,March,2010-03,1897429.36,1881337.5475,86776.10929843562
4,2010-04-02,1979247.12,0,48.77,2.74,126.6034839,7.896,2010,4,2,13,2,Friday,13,April,2010-04,1762539.3,1883384.9675,89647.71236571476
4,2010-04-09,1818452.72,0,54.16,2.773,126.6019032,7.896,2010,4,9,14,2,Friday,14,April,2010-04,1979247.12,1864417.125,94459.07961498426
4,2010-04-16,1851519.69,0,56.23,2.81,126.5621,7.896,2010,4,16,15,2,Friday,15,April,2010-04,1818452.72,1852939.7075,91864.32910391383
4,2010-04-23,1802677.9,0,56.87,2.805,126.4713333,7.896,2010,4,23,16,2,Friday,16,April,2010-04,1851519.69,1862974.3575,80142.38100540725
4,2010-04-30,1817273.28,0,53.04,2.787,126.3805667,7.896,2010,4,30,17,2,Friday,17,April,2010-04,1802677.9,1822480.8975,20645.868624987375
4,2010-05-07,2000626.14,0,56.77,2.836,126.2898,7.896,2010,5,7,18,2,Friday,18,May,2010-05,1817273.28,1868024.2525,90740.41390440626
4,2010-05-14,1875597.28,0,62.35,2.845,126.2085484,7.896,2010,5,14,19,2,Friday,19,May,2010-05,2000626.14,1874043.6500000001,90076.79265266984
4,2010-05-21,1903752.6,0,67.4,2.82,126.1843871,7.896,2010,5,21,20,2,Friday,20,May,2010-05,1875597.28,1899312.325,76544.13414450022
4,2010-05-28,1857533.7,0,67.73,2.756,126.1602258,7.896,2010,5,28,21,2,Friday,21,May,2010-05,1903752.6,1909377.43,63736.009349838874
4,2010-06-04,1903290.58,0,70.83,2.701,126.1360645,7.896,2010,6,4,22,2,Friday,22,June,2010-06,1857533.7,1885043.54,22575.84638249666
4,2010-06-11,1870619.23,0,78.45,2.668,126.1119032,7.896,2010,6,11,23,2,Friday,23,June,2010-06,1903290.58,1883799.0274999999,23392.59259677545
4,2010-06-18,1929736.35,0,81.53,2.635,126.114,7.896,2010,6,18,24,2,Friday,24,June,2010-06,1870619.23,1890294.965,32582.939769848716
4,2010-06-25,1846651.95,0,81.1,2.654,126.1266,7.896,2010,6,25,25,2,Friday,25,June,2010-06,1929736.35,1887574.5275,36454.323224464264
4,2010-07-02,1881337.21,0,73.66,2.668,126.1392,7.372,2010,7,2,26,3,Friday,26,July,2010-07,1846651.95,1882086.185,34919.790258462184
4,2010-07-09,1812208.22,0,80.35,2.637,126.1518,7.372,2010,7,9,27,3,Friday,27,July,2010-07,1881337.21,1867483.4324999999,50188.48695451033
4,2010-07-16,1898427.66,0,78.53,2.621,126.1498065,7.372,2010,7,16,28,3,Friday,28,July,2010-07,1812208.22,1859656.26,38269.716614576886
4,2010-07-23,1848426.78,0,79.78,2.612,126.1283548,7.372,2010,7,23,29,3,Friday,29,July,2010-07,1898427.66,1860099.9674999998,38078.49465858709
4,2010-07-30,1796637.61,0,80.7,2.65,126.1069032,7.372,2010,7,30,30,3,Friday,30,July,2010-07,1848426.78,1838925.0675,45213.788666755834
4,2010-08-06,1907638.58,0,76.53,2.64,126.0854516,7.372,2010,8,6,31,3,Friday,31,August,2010-08,1796637.61,1862782.6575,51198.562851324605
4,2010-08-13,2007050.75,0,78.08,2.698,126.064,7.372,2010,8,13,32,3,Friday,32,August,2010-08,1907638.58,1889938.43,90289.99742348633
4,2010-08-20,1997181.09,0,78.83,2.671,126.0766452,7.372,2010,8,20,33,3,Friday,33,August,2010-08,2007050.75,1927127.0074999998,97813.87215260493
4,2010-08-27,1848403.92,0,74.44,2.621,126.0892903,7.372,2010,8,27,34,3,Friday,34,August,2010-08,1997181.09,1940068.585,75724.4229411798
4,2010-09-03,1935857.58,0,76.8,2.584,126.1019355,7.372,2010,9,3,35,3,Friday,35,September,2010-09,1848403.92,1947123.335,72960.0667897264
4,2010-09-10,1865820.81,1,73.54,2.574,126.1145806,7.372,2010,9,10,36,3,Friday,36,September,2010-09,1935857.58,1911815.85,68317.50764525059
4,2010-09-17,1899959.61,0,64.91,2.594,126.1454667,7.372,2010,9,17,37,3,Friday,37,September,2010-09,1865820.81,1887510.4800000002,38696.20022650402
4,2010-09-24,1810684.68,0,60.96,2.642,126.1900333,7.372,2010,9,24,38,3,Friday,38,September,2010-09,1899959.61,1878080.67,53258.43588882142
4,2010-10-01,1842821.02,0,63.96,2.619,126.2346,7.127,2010,10,1,39,4,Friday,39,October,2010-10,1810684.68,1854821.5299999998,37640.8651812856
4,2010-10-08,1951494.85,0,67.73,2.645,126.2791667,7.127,2010,10,8,40,4,Friday,40,October,2010-10,1842821.02,1876240.04,62290.28964349291
4,2010-10-15,1867345.09,0,62.03,2.732,126.3266774,7.127,2010,10,15,41,4,Friday,41,October,2010-10,1951494.85,1868086.41,60251.738446346186
4,2010-10-22,1927610.06,0,64.17,2.736,126.3815484,7.127,2010,10,22,42,4,Friday,42,October,2010-10,1867345.09,1897317.7550000001,50731.43712306384
4,2010-10-29,1933333.0,0,56.94,2.718,126.4364194,7.127,2010,10,29,43,4,Friday,43,October,2010-10,1927610.06,1919945.75,36515.454507116054
4,2010-11-05,2013115.79,0,51.6,2.699,126.4912903,7.127,2010,11,5,44,4,Friday,44,November,2010-11,1933333.0,1935350.985,59822.4061556495
4,2010-11-12,1999794.26,0,52.65,2.741,126.5461613,7.127,2010,11,12,45,4,Friday,45,November,2010-11,2013115.79,1968463.2775,44266.61313114301
4,2010-11-19,2097809.4,0,48.05,2.78,126.6072,7.127,2010,11,19,46,4,Friday,46,November,2010-11,1999794.26,2011013.1124999998,67572.37923363017
4,2010-11-26,2789469.45,1,48.08,2.752,126.6692667,7.127,2010,11,26,47,4,Friday,47,November,2010-11,2097809.4,2225047.225,378776.86640339735
4,2010-12-03,2102530.17,0,46.4,2.727,126.7313333,7.127,2010,12,3,48,4,Friday,48,December,2010-12,2789469.45,2247400.82,364468.79443657404
4,2010-12-10,2302504.86,0,42.4,2.86,126.7934,7.127,2010,12,10,49,4,Friday,49,December,2010-12,2102530.17,2323078.4699999997,325234.03172963875
4,2010-12-17,2740057.14,0,46.57,2.884,126.8794839,7.127,2010,12,17,50,4,Friday,50,December,2010-12,2302504.86,2483640.405,335328.7161566863
4,2010-12-24,3526713.39,0,43.21,2.887,126.9835806,7.127,2010,12,24,51,4,Friday,51,December,2010-12,2740057.14,2667951.39,631380.4278833253
4,2010-12-31,1794868.74,1,38.09,2.955,127.0876774,7.127,2010,12,31,52,4,Friday,52,December,2010-12,3526713.39,2591036.0325,733673.8610058549
4,2011-01-07,1862476.27,0,39.34,2.98,127.1917742,6.51,2011,1,7,1,1,Friday,1,January,2011-01,1794868.74,2481028.8850000002,819344.2099214061
4,2011-01-14,1865502.46,0,31.6,2.992,127.3009355,6.51,2011,1,14,2,1,Friday,2,January,2011-01,1862476.27,2262390.215,843512.5910743042
4,2011-01-21,1886393.94,0,38.34,3.017,127.4404839,6.51,2011,1,21,3,1,Friday,3,January,2011-01,1865502.46,1852310.3525,39743.374132794124
4,2011-01-28,1814240.85,0,40.6,3.022,127.5800323,6.51,2011,1,28,4,1,Friday,4,January,2011-01,1886393.94,1857153.38,30520.680829628043
4,2011-02-04,2119086.04,0,34.61,2.996,127.7195806,6.51,2011,2,4,5,1,Friday,5,February,2011-02,1814240.85,1921305.8225,135293.23409637844
4,2011-02-11,2187847.29,1,33.29,3.033,127.859129,6.51,2011,2,11,6,1,Friday,6,February,2011-02,2119086.04,2001892.03,179691.00223308094
4,2011-02-18,2316495.56,0,48.17,3.058,127.99525,6.51,2011,2,18,7,1,Friday,7,February,2011-02,2187847.29,2109417.435,213116.00148256036
4,2011-02-25,2078094.69,0,49.0,3.087,128.13,6.51,2011,2,25,8,1,Friday,8,February,2011-02,2316495.56,2175380.895,104407.01774805892
4,2011-03-04,2103455.75,0,46.56,3.305,128.26475,6.51,2011,3,4,9,1,Friday,9,March,2011-03,2078094.69,2171473.3225,107463.97126100672
4,2011-03-11,2039818.41,0,50.93,3.461,128.3995,6.51,2011,3,11,10,1,Friday,10,March,2011-03,2103455.75,2134466.1025,124140.09183544393
4,2011-03-18,2116475.38,0,51.86,3.495,128.5121935,6.51,2011,3,18,11,1,Friday,11,March,2011-03,2039818.41,2084461.0574999999,33759.995059521476
4,2011-03-25,1944164.32,0,59.1,3.48,128.6160645,6.51,2011,3,25,12,1,Friday,12,March,2011-03,2116475.38,2050978.465,78692.48103677842
4,2011-04-01,1900246.47,0,56.99,3.521,128.7199355,5.946,2011,4,1,13,2,Friday,13,April,2011-04,1944164.32,2000176.145,96988.46275262191
4,2011-04-08,2074953.46,0,62.61,3.605,128.8238065,5.946,2011,4,8,14,2,Friday,14,April,2011-04,1900246.47,2008959.9075,103169.44872555307
4,2011-04-15,1960587.76,0,62.34,3.724,128.9107333,5.946,2011,4,15,15,2,Friday,15,April,2011-04,2074953.46,1969988.0025,74468.91020318684
4,2011-04-22,2220600.76,0,68.8,3.781,128.9553,5.946,2011,4,22,16,2,Friday,16,April,2011-04,1960587.76,2039097.1124999998,141034.83147137283
4,2011-04-29,1878167.44,0,64.22,3.781,128.9998667,5.946,2011,4,29,17,2,Friday,17,April,2011-04,2220600.76,2033577.355,148514.26277334985
4,2011-05-06,2063682.76,0,63.41,3.866,129.0444333,5.946,2011,5,6,18,2,Friday,18,May,2011-05,1878167.44,2030759.68,147571.51364333535
4,2011-05-13,2002362.37,0,70.65,3.872,129.089,5.946,2011,5,13,19,2,Friday,19,May,2011-05,2063682.76,2041203.3325,142335.3835904739
4,2011-05-20,2015563.48,0,70.49,3.881,129.0756774,5.946,2011,5,20,20,2,Friday,20,May,2011-05,2002362.37,1989944.0125,79040.02732939884
4,2011-05-27,1986597.95,0,73.65,3.771,129.0623548,5.946,2011,5,27,21,2,Friday,21,May,2011-05,2015563.48,2017051.64,33265.98793756931
4,2011-06-03,2065377.15,0,78.26,3.683,129.0490323,5.946,2011,6,3,22,2,Friday,22,June,2011-06,1986597.95,2017475.2374999998,34059.035440076645
4,2011-06-10,2073951.38,0,80.05,3.64,129.0357097,5.946,2011,6,10,23,2,Friday,23,June,2011-06,2065377.15,2035372.4899999998,41472.73403389257
4,2011-06-17,2141210.62,0,83.51,3.618,129.0432,5.946,2011,6,17,24,2,Friday,24,June,2011-06,2073951.38,2066784.275,63304.75216998594
4,2011-06-24,2008344.92,0,81.85,3.57,129.0663,5.946,2011,6,24,25,2,Friday,25,June,2011-06,2141210.62,2072221.0175,54435.14110595359
4,2011-07-01,2051533.53,0,84.54,3.504,129.0894,5.644,2011,7,1,26,3,Friday,26,July,2011-07,2008344.92,2068760.1124999998,55445.997525232364
4,2011-07-08,2066541.86,0,84.59,3.469,129.1125,5.644,2011,7,8,27,3,Friday,27,July,2011-07,2051533.53,2066907.7325000002,55338.419637547224
4,2011-07-15,2049046.95,0,83.27,3.563,129.1338387,5.644,2011,7,15,28,3,Friday,28,July,2011-07,2066541.86,2043866.8150000002,24910.339270077922
4,2011-07-22,2036231.39,0,82.84,3.627,129.1507742,5.644,2011,7,22,29,3,Friday,29,July,2011-07,2049046.95,2050838.4324999999,12431.893070185266
4,2011-07-29,1989674.07,0,84.36,3.659,129.1677097,5.644,2011,7,29,30,3,Friday,30,July,2011-07,2036231.39,2035373.5675000001,32901.89344880481
4,2011-08-05,2160057.39,0,86.09,3.662,129.1846452,5.644,2011,8,5,31,3,Friday,31,August,2011-08,1989674.07,2058752.45,72193.97095233625
4,2011-08-12,2105668.74,0,82.98,3.617,129.2015806,5.644,2011,8,12,32,3,Friday,32,August,2011-08,2160057.39,2072907.8975,75147.28446416286
4,2011-08-19,2232892.1,0,82.77,3.55,129.2405806,5.644,2011,8,19,33,3,Friday,33,August,2011-08,2105668.74,2122073.075,102505.71239326289
4,2011-08-26,1988490.21,0,81.47,3.523,129.2832581,5.644,2011,8,26,34,3,Friday,34,August,2011-08,2232892.1,2121777.11,103015.85336772888
4,2011-09-02,2078420.31,0,77.99,3.533,129.3259355,5.644,2011,9,2,35,3,Friday,35,September,2011-09,1988490.21,2101367.84,100970.42008574282
4,2011-09-09,2093139.01,1,73.34,3.554,129.3686129,5.644,2011,9,9,36,3,Friday,36,September,2011-09,2078420.31,2098235.4075,100986.87136746173
4,2011-09-16,2075577.33,0,72.76,3.532,129.4306,5.644,2011,9,16,37,3,Friday,37,September,2011-09,2093139.01,2058906.715,47571.08362469351
4,2011-09-23,2031406.41,0,69.23,3.473,129.5183333,5.644,2011,9,23,38,3,Friday,38,September,2011-09,2075577.33,2069635.7650000001,26623.025965949113
4,2011-09-30,1929486.63,0,72.15,3.371,129.6060667,5.644,2011,9,30,39,3,Friday,39,September,2011-09,2031406.41,2032402.345,73361.33878630314
4,2011-10-07,2166737.65,0,65.79,3.299,129.6938,5.143,2011,10,7,40,4,Friday,40,October,2011-10,1929486.63,2050802.005,98570.61737186981
4,2011-10-14,2074548.85,0,63.75,3.283,129.7706452,5.143,2011,10,14,41,4,Friday,41,October,2011-10,2166737.65,2050544.885,98485.75413570482
4,2011-10-21,2207742.13,0,64.79,3.361,129.7821613,5.143,2011,10,21,42,4,Friday,42,October,2011-10,2074548.85,2094628.815,123382.13319645125
4,2011-10-28,2151659.59,0,55.31,3.362,129.7936774,5.143,2011,10,28,43,4,Friday,43,October,2011-10,2207742.13,2150172.0549999997,55707.01442384911
4,2011-11-04,2281217.31,0,49.86,3.322,129.8051935,5.143,2011,11,4,44,4,Friday,44,November,2011-11,2151659.59,2178791.9699999997,87429.69775756802
4,2011-11-11,2203028.96,0,47.12,3.286,129.8167097,5.143,2011,11,11,45,4,Friday,45,November,2011-11,2281217.31,2210911.9975,53310.021260740956
4,2011-11-18,2243946.59,0,50.44,3.294,129.8268333,5.143,2011,11,18,46,4,Friday,46,November,2011-11,2203028.96,2219963.1125,55616.00672217357
4,2011-11-25,3004702.33,1,47.96,3.225,129.8364,5.143,2011,11,25,47,4,Friday,47,November,2011-11,2243946.59,2433223.7975,382321.5094834409
4,2011-12-02,2180999.26,0,38.71,3.176,129.8459667,5.143,2011,12,2,48,4,Friday,48,December,2011-12,3004702.33,2408169.2849999997,398542.9882834226
4,2011-12-09,2508955.24,0,31.64,3.153,129.8555333,5.143,2011,12,9,49,4,Friday,49,December,2011-12,2180999.26,2484650.855,374694.1304206841
4,2011-12-16,2771397.17,0,36.44,3.149,129.8980645,5.143,2011,12,16,50,4,Friday,50,December,2011-12,2508955.24,2616513.5,353987.2650752862
4,2011-12-23,3676388.98,0,35.92,3.103,129.9845484,5.143,2011,12,23,51,4,Friday,51,December,2011-12,2771397.17,2784435.1625,641814.0119816252
4,2011-12-30,2007105.86,1,36.89,3.119,130.0710323,5.143,2011,12,30,52,4,Friday,52,December,2011-12,3676388.98,2740961.8125,699600.3395716028
4,2012-01-06,2047766.07,0,38.64,3.158,130.1575161,4.607,2012,1,6,1,1,Friday,1,January,2012-01,2007105.86,2625664.52,783547.7714625342
4,2012-01-13,1941676.61,0,34.41,3.263,130.244,4.607,2012,1,13,2,1,Friday,2,January,2012-01,2047766.07,2418234.3800000004,839907.4818732869
4,2012-01-20,2005097.76,0,42.09,3.273,130.2792258,4.607,2012,1,20,3,1,Friday,3,January,2012-01,1941676.61,2000411.5750000002,43814.06962672988
4,2012-01-27,1928720.51,0,40.31,3.29,130.3144516,4.607,2012,1,27,4,1,Friday,4,January,2012-01,2005097.76,1980815.2375,55730.744558950704
4,2012-02-03,2173373.91,0,41.81,3.354,130.3496774,4.607,2012,2,3,5,1,Friday,5,February,2012-02,1928720.51,2012217.1975000002,112501.62025861097
4,2012-02-10,2374660.64,1,33.0,3.411,130.3849032,4.607,2012,2,10,6,1,Friday,6,February,2012-02,2173373.91,2120463.205,197897.5540105574
4,2012-02-17,2427640.17,0,34.19,3.493,130.4546207,4.607,2012,2,17,7,1,Friday,7,February,2012-02,2374660.64,2226098.8075,226497.46541223247
4,2012-02-24,2226662.17,0,41.31,3.541,130.5502069,4.607,2012,2,24,8,1,Friday,8,February,2012-02,2427640.17,2300584.2225,120107.53914293626
4,2012-03-02,2206319.9,0,50.38,3.619,130.6457931,4.607,2012,3,2,9,1,Friday,9,March,2012-03,2226662.17,2308820.7199999997,109101.48517577919
4,2012-03-09,2202450.81,0,53.63,3.667,130.7413793,4.607,2012,3,9,10,1,Friday,10,March,2012-03,2206319.9,2265768.2624999997,108435.86200042603
4,2012-03-16,2214967.44,0,59.81,3.707,130.8261935,4.607,2012,3,16,11,1,Friday,11,March,2012-03,2202450.81,2212600.08,10736.15559531707
4,2012-03-23,2091592.54,0,59.07,3.759,130.8966452,4.607,2012,3,23,12,1,Friday,12,March,2012-03,2214967.44,2178832.6725,58394.99474983443
4,2012-03-30,2089381.77,0,72.63,3.82,130.9670968,4.607,2012,3,30,13,1,Friday,13,March,2012-03,2091592.54,2149598.14,68452.44323848207
4,2012-04-06,2470206.13,0,67.69,3.864,131.0375484,4.308,2012,4,6,14,2,Friday,14,April,2012-04,2089381.77,2216536.9699999997,179006.57495800633
4,2012-04-13,2105301.39,0,68.69,3.881,131.108,4.308,2012,4,13,15,2,Friday,15,April,2012-04,2470206.13,2189120.4575,187522.70248110723
4,2012-04-20,2144336.89,0,68.6,3.864,131.1173333,4.308,2012,4,20,16,2,Friday,16,April,2012-04,2105301.39,2202306.545,180085.78830598426
4,2012-04-27,2064065.66,0,76.47,3.81,131.1266667,4.308,2012,4,27,17,2,Friday,17,April,2012-04,2144336.89,2195977.5175,185733.66645976604
4,2012-05-04,2196968.33,0,80.14,3.747,131.136,4.308,2012,5,4,18,2,Friday,18,May,2012-05,2064065.66,2127668.0675,56644.83067996945
4,2012-05-11,2127661.17,0,67.64,3.685,131.1453333,4.308,2012,5,11,19,2,Friday,19,May,2012-05,2196968.33,2133258.0125,54774.240822554835
4,2012-05-18,2207214.81,0,68.43,3.62,131.0983226,4.308,2012,5,18,20,2,Friday,20,May,2012-05,2127661.17,2148977.4924999997,66731.078559085
4,2012-05-25,2154137.67,0,77.47,3.551,131.0287742,4.308,2012,5,25,21,2,Friday,21,May,2012-05,2207214.81,2171495.495,37181.88144755463
4,2012-06-01,2179360.94,0,77.41,3.483,130.9592258,4.308,2012,6,1,22,2,Friday,22,June,2012-06,2154137.67,2167093.6475,34073.312041330966
4,2012-06-08,2245257.18,0,78.11,3.433,130.8896774,4.308,2012,6,8,23,2,Friday,23,June,2012-06,2179360.94,2196492.65,39074.21963182661
4,2012-06-15,2234190.93,0,80.94,3.372,130.8295333,4.308,2012,6,15,24,2,Friday,24,June,2012-06,2245257.18,2203236.6799999997,43606.772244831984
4,2012-06-22,2197299.65,0,81.63,3.329,130.7929,4.308,2012,6,22,25,2,Friday,25,June,2012-06,2234190.93,2214027.175,30894.70380555404
4,2012-06-29,2128362.92,0,84.23,3.257,130.7562667,4.308,2012,6,29,26,2,Friday,26,June,2012-06,2197299.65,2201277.67,52756.88073401215
4,2012-07-06,2224499.28,0,80.37,3.187,130.7196333,4.077,2012,7,6,27,3,Friday,27,July,2012-07,2128362.92,2196088.1950000003,47774.43061721678
4,2012-07-13,2100252.61,0,76.86,3.224,130.683,4.077,2012,7,13,28,3,Friday,28,July,2012-07,2224499.28,2162603.6149999998,58008.50859745743
4,2012-07-20,2175563.69,0,79.14,3.263,130.7012903,4.077,2012,7,20,29,3,Friday,29,July,2012-07,2100252.61,2157169.625,54592.41986182034
4,2012-07-27,2048613.65,0,81.06,3.356,130.7195806,4.077,2012,7,27,30,3,Friday,30,July,2012-07,2175563.69,2137232.3074999996,78114.41151278914
4,2012-08-03,2174514.13,0,83.86,3.374,130.737871,4.077,2012,8,3,31,3,Friday,31,August,2012-08,2048613.65,2124736.02,61793.64814294742
4,2012-08-10,2193367.69,0,83.21,3.476,130.7561613,4.077,2012,8,10,32,3,Friday,32,August,2012-08,2174514.13,2148014.79,66829.7066763789
4,2012-08-17,2283540.3,0,81.41,3.552,130.7909677,4.077,2012,8,17,33,3,Friday,33,August,2012-08,2193367.69,2175008.9425,96767.95953229176
4,2012-08-24,2125241.68,0,75.76,3.61,130.8381613,4.077,2012,8,24,34,3,Friday,34,August,2012-08,2283540.3,2194165.9499999997,66144.1876541771
4,2012-08-31,2081181.35,0,76.47,3.646,130.8853548,4.077,2012,8,31,35,3,Friday,35,August,2012-08,2125241.68,2170832.755,88179.23892751678
4,2012-09-07,2125104.72,1,82.09,3.709,130.9325484,4.077,2012,9,7,36,3,Friday,36,September,2012-09,2081181.35,2153767.0125,88966.29727919422
4,2012-09-14,2117854.6,0,68.2,3.706,130.9776667,4.077,2012,9,14,37,3,Friday,37,September,2012-09,2125104.72,2112345.5875000004,21060.734251204405
4,2012-09-21,2119438.53,0,68.97,3.721,131.0103333,4.077,2012,9,21,38,3,Friday,38,September,2012-09,2117854.6,2110894.8000000003,20051.97476275648
4,2012-09-28,2027620.23,0,71.74,3.666,131.043,4.077,2012,9,28,39,3,Friday,39,September,2012-09,2119438.53,2097504.52,46693.36705046136
4,2012-10-05,2209835.43,0,63.07,3.62,131.0756667,3.879,2012,10,5,40,4,Friday,40,October,2012-10,2027620.23,2118687.1975,74391.86912703035
4,2012-10-12,2133026.07,0,57.11,3.603,131.1083333,3.879,2012,10,12,41,4,Friday,41,October,2012-10,2209835.43,2122480.065,74721.29827370436
4,2012-10-19,2097266.85,0,64.46,3.61,131.1499677,3.879,2012,10,19,42,4,Friday,42,October,2012-10,2133026.07,2116937.145,75836.17578723679
4,2012-10-26,2149594.46,0,63.64,3.514,131.1930968,3.879,2012,10,26,43,4,Friday,43,October,2012-10,2097266.85,2147430.7025,46985.59139412503
5,2010-02-26,270281.63,0,46.7,2.561,211.8771468,6.566,2010,2,26,8,1,Friday,8,February,2010-02,303447.57,300682.0,21039.40194382752
5,2010-03-05,288855.71,0,48.89,2.625,211.9071653,6.566,2010,3,5,9,1,Friday,9,March,2010-03,270281.63,293602.6525,18215.427658195636
5,2010-03-12,297293.59,0,58.5,2.667,211.9371839,6.566,2010,3,12,10,1,Friday,10,March,2010-03,288855.71,289969.625,14423.977935963681
5,2010-03-19,281706.41,0,55.46,2.72,211.770897,6.566,2010,3,19,11,1,Friday,11,March,2010-03,297293.59,284534.335,11439.837260909813
5,2010-03-26,273282.97,0,52.47,2.732,211.5718925,6.566,2010,3,26,12,1,Friday,12,March,2010-03,281706.41,285284.67,10227.597205039621
5,2010-04-02,331406.0,0,63.18,2.719,211.372888,6.465,2010,4,2,13,2,Friday,13,April,2010-04,273282.97,295922.2425,25661.93155422947
5,2010-04-09,328020.49,0,65.19,2.77,211.1738835,6.465,2010,4,9,14,2,Friday,14,April,2010-04,331406.0,303603.96749999997,30375.349084330825
5,2010-04-16,306858.69,0,65.3,2.808,211.0388528,6.465,2010,4,16,15,2,Friday,15,April,2010-04,328020.49,309892.0375,26714.018746539983
5,2010-04-23,288839.73,0,65.13,2.795,210.9891204,6.465,2010,4,23,16,2,Friday,16,April,2010-04,306858.69,313781.22750000004,19861.09282997008
5,2010-04-30,298697.84,0,67.53,2.78,210.939388,6.465,2010,4,30,17,2,Friday,17,April,2010-04,288839.73,305604.1875,16661.423162043808
5,2010-05-07,333522.6,0,71.53,2.835,210.8896556,6.465,2010,5,7,18,2,Friday,18,May,2010-05,298697.84,306979.715,19167.5759247198
5,2010-05-14,296673.77,0,74.79,2.854,210.8872772,6.465,2010,5,14,19,2,Friday,19,May,2010-05,333522.6,304433.485,19853.233212170544
5,2010-05-21,301615.49,0,75.2,2.826,211.169023,6.465,2010,5,21,20,2,Friday,20,May,2010-05,296673.77,307627.425,17382.208306734152
5,2010-05-28,310013.11,0,79.81,2.759,211.4507688,6.465,2010,5,28,21,2,Friday,21,May,2010-05,301615.49,310456.2425,16333.693884216433
5,2010-06-04,337825.89,0,79.54,2.705,211.7325146,6.465,2010,6,4,22,2,Friday,22,June,2010-06,310013.11,311532.065,18373.7117231866
5,2010-06-11,296641.91,0,80.7,2.668,212.0142605,6.465,2010,6,11,23,2,Friday,23,June,2010-06,337825.89,311524.1,18382.30470962401
5,2010-06-18,313795.6,0,83.91,2.637,212.0119769,6.465,2010,6,18,24,2,Friday,24,June,2010-06,296641.91,314569.1275,17162.14603448793
5,2010-06-25,295257.3,0,83.72,2.653,211.8960815,6.465,2010,6,25,25,2,Friday,25,June,2010-06,313795.6,310880.175,19844.173563607146
5,2010-07-02,305993.27,0,81.25,2.669,211.7801861,6.496,2010,7,2,26,3,Friday,26,July,2010-07,295257.3,302922.02,8676.693549761003
5,2010-07-09,291808.87,0,81.14,2.642,211.6642907,6.496,2010,7,9,27,3,Friday,27,July,2010-07,305993.27,301713.76,10067.733695150262
5,2010-07-16,280701.7,0,83.98,2.623,211.6561123,6.496,2010,7,16,28,3,Friday,28,July,2010-07,291808.87,293440.28500000003,10421.32490976856
5,2010-07-23,274742.63,0,83.66,2.608,211.7915565,6.496,2010,7,23,29,3,Friday,29,July,2010-07,280701.7,288311.6175,13746.513210161816
5,2010-07-30,268929.03,0,82.46,2.64,211.9270006,6.496,2010,7,30,30,3,Friday,30,July,2010-07,274742.63,279045.5575,9772.482927101193
5,2010-08-06,303043.02,0,86.1,2.627,212.0624447,6.496,2010,8,6,31,3,Friday,31,August,2010-08,268929.03,281854.09500000003,14921.22421912357
5,2010-08-13,286477.35,0,87.41,2.692,212.1978889,6.496,2010,8,13,32,3,Friday,32,August,2010-08,303043.02,283298.0075,15051.42004286699
5,2010-08-20,287205.38,0,87.71,2.664,212.1608984,6.496,2010,8,20,33,3,Friday,33,August,2010-08,286477.35,286413.695,13938.89973199799
5,2010-08-27,288519.75,0,87.05,2.619,212.123908,6.496,2010,8,27,34,3,Friday,34,August,2010-08,287205.38,291311.375,7866.631155017681
5,2010-09-03,323798.0,0,84.06,2.577,212.0869176,6.496,2010,9,3,35,3,Friday,35,September,2010-09,288519.75,296500.12,18218.20214301973
5,2010-09-10,306533.08,1,79.86,2.565,212.0499271,6.496,2010,9,10,36,3,Friday,36,September,2010-09,323798.0,301514.0525,17275.75333043649
5,2010-09-17,282558.65,0,82.28,2.582,212.0769346,6.496,2010,9,17,37,3,Friday,37,September,2010-09,306533.08,300352.37,18659.45792088458
5,2010-09-24,293131.58,0,78.53,2.624,212.1519404,6.496,2010,9,24,38,3,Friday,38,September,2010-09,282558.65,301505.3275,17807.655449986127
5,2010-10-01,283178.12,0,71.1,2.603,212.2269463,6.768,2010,10,1,39,4,Friday,39,October,2010-10,293131.58,291350.35750000004,11221.518058748616
5,2010-10-08,290494.85,0,64.99,2.633,212.3019522,6.768,2010,10,8,40,4,Friday,40,October,2010-10,283178.12,287340.8,5281.351715100645
5,2010-10-15,280681.2,0,68.11,2.72,212.3691867,6.768,2010,10,15,41,4,Friday,41,October,2010-10,290494.85,286871.4375,5895.708516304166
5,2010-10-22,284988.27,0,70.96,2.725,212.4169928,6.768,2010,10,22,42,4,Friday,42,October,2010-10,280681.2,284835.61,4165.601117141404
5,2010-10-29,278031.81,0,70.58,2.716,212.464799,6.768,2010,10,29,43,4,Friday,43,October,2010-10,284988.27,283549.0325,5446.099297884797
5,2010-11-05,325310.3,0,58.88,2.689,212.5126051,6.768,2010,11,5,44,4,Friday,44,November,2010-11,278031.81,292252.895,22223.937435978736
5,2010-11-12,301827.36,0,62.37,2.728,212.5604113,6.768,2010,11,12,45,4,Friday,45,November,2010-11,325310.3,297539.435,21037.160927366072
5,2010-11-19,297384.81,0,52.52,2.771,212.445487,6.768,2010,11,19,46,4,Friday,46,November,2010-11,301827.36,300638.57,19423.010706309116
5,2010-11-26,488362.61,1,66.15,2.735,212.303441,6.768,2010,11,26,47,4,Friday,47,November,2010-11,297384.81,353221.27,90923.49948126027
5,2010-12-03,344490.88,0,51.31,2.708,212.1613951,6.768,2010,12,3,48,4,Friday,48,December,2010-12,488362.61,358016.415,89454.77828616966
5,2010-12-10,352811.53,0,48.27,2.843,212.0193491,6.768,2010,12,10,49,4,Friday,49,December,2010-12,344490.88,370762.4575,82110.71104126486
5,2010-12-17,367801.19,0,51.61,2.869,211.9580815,6.768,2010,12,17,50,4,Friday,50,December,2010-12,352811.53,388366.5525,67358.19651337291
5,2010-12-24,466010.25,0,55.01,2.886,211.9573978,6.768,2010,12,24,51,4,Friday,51,December,2010-12,367801.19,382778.4625,56319.934774874295
5,2010-12-31,298180.18,1,49.79,2.943,211.9567142,6.768,2010,12,31,52,4,Friday,52,December,2010-12,466010.25,371200.7875,69929.88239127173
5,2011-01-07,286347.26,0,48.3,2.976,211.9560305,6.634,2011,1,7,1,1,Friday,1,January,2011-01,298180.18,354584.72,82518.98144246373
5,2011-01-14,260636.71,0,37.74,2.983,212.008514,6.634,2011,1,14,2,1,Friday,2,January,2011-01,286347.26,327793.60000000003,93467.71983807499
5,2011-01-21,275313.34,0,45.41,3.016,212.3800012,6.634,2011,1,21,3,1,Friday,3,January,2011-01,260636.71,280119.37250000006,15996.36872068901
5,2011-01-28,279088.39,0,44.5,3.01,212.7514884,6.634,2011,1,28,4,1,Friday,4,January,2011-01,275313.34,275346.42500000005,10822.776642447794
5,2011-02-04,329613.2,0,41.67,2.989,213.1229755,6.634,2011,2,4,5,1,Friday,5,February,2011-02,279088.39,286162.91000000003,30040.39829928713
5,2011-02-11,311590.54,1,38.25,3.022,213.4944627,6.634,2011,2,11,6,1,Friday,6,February,2011-02,329613.2,298901.36750000005,26160.917880170728
5,2011-02-18,356622.61,0,58.83,3.045,213.8068304,6.634,2011,2,18,7,1,Friday,7,February,2011-02,311590.54,319228.685,32535.766577818773
5,2011-02-25,294659.5,0,63.35,3.065,214.0955503,6.634,2011,2,25,8,1,Friday,8,February,2011-02,356622.61,323121.4625,26504.8110264162
5,2011-03-04,329033.66,0,60.35,3.288,214.3842702,6.634,2011,3,4,9,1,Friday,9,March,2011-03,294659.5,322976.5775,26459.040543799645
5,2011-03-11,293098.1,0,55.74,3.459,214.6729901,6.634,2011,3,11,10,1,Friday,10,March,2011-03,329033.66,318353.46749999997,30429.32501701553
5,2011-03-18,312177.67,0,64.31,3.488,214.9257339,6.634,2011,3,18,11,1,Friday,11,March,2011-03,293098.1,307242.2325,16907.656028638878
5,2011-03-25,294732.5,0,70.71,3.473,215.1640872,6.634,2011,3,25,12,1,Friday,12,March,2011-03,312177.67,307260.4825,16889.57681484161
5,2011-04-01,314316.55,0,61.5,3.524,215.4024406,6.489,2011,4,1,13,2,Friday,13,April,2011-04,294732.5,303581.205,11215.196734540346
5,2011-04-08,307333.62,0,69.64,3.622,215.6407939,6.489,2011,4,8,14,2,Friday,14,April,2011-04,314316.55,307140.08499999996,8772.39104343721
5,2011-04-15,307913.58,0,72.02,3.743,215.8592673,6.489,2011,4,15,15,2,Friday,15,April,2011-04,307333.62,306074.0625,8196.339627291109
5,2011-04-22,328415.44,0,74.34,3.807,216.0280407,6.489,2011,4,22,16,2,Friday,16,April,2011-04,307913.58,314494.7975,9804.946825504434
5,2011-04-29,307291.56,0,74.75,3.81,216.1968142,6.489,2011,4,29,17,2,Friday,17,April,2011-04,328415.44,312738.55,10455.113325354781
5,2011-05-06,322904.68,0,66.27,3.906,216.3655877,6.489,2011,5,6,18,2,Friday,18,May,2011-05,307291.56,316631.315,10668.499385717034
5,2011-05-13,290930.01,0,77.38,3.899,216.5343611,6.489,2011,5,13,19,2,Friday,19,May,2011-05,322904.68,312385.4225,16871.06398655902
5,2011-05-20,299614.33,0,71.37,3.907,216.3023847,6.489,2011,5,20,20,2,Friday,20,May,2011-05,290930.01,305185.145,13572.788443560245
5,2011-05-27,297149.69,0,80.14,3.786,216.0704083,6.489,2011,5,27,21,2,Friday,21,May,2011-05,299614.33,302649.6775,13989.030577938574
5,2011-06-03,329183.92,0,83.81,3.699,215.8384319,6.489,2011,6,3,22,2,Friday,22,June,2011-06,297149.69,304219.48750000005,17039.391759106325
5,2011-06-10,304984.14,0,83.61,3.648,215.6064555,6.489,2011,6,10,23,2,Friday,23,June,2011-06,329183.92,307733.02,14669.894947015684
5,2011-06-17,304811.82,0,86.84,3.637,215.560463,6.489,2011,6,17,24,2,Friday,24,June,2011-06,304984.14,309032.3925,13922.215578208148
5,2011-06-24,302881.64,0,84.76,3.594,215.6539583,6.489,2011,6,24,25,2,Friday,25,June,2011-06,304811.82,310465.38,12515.37167819945
5,2011-07-01,327093.89,0,85.81,3.524,215.7474537,6.529,2011,7,1,26,3,Friday,26,July,2011-07,302881.64,309942.8725,11473.66743851193
5,2011-07-08,310804.93,0,86.64,3.48,215.8409491,6.529,2011,7,8,27,3,Friday,27,July,2011-07,327093.89,311398.07,10994.223476284162
5,2011-07-15,283248.62,0,88.64,3.575,215.9250696,6.529,2011,7,15,28,3,Friday,28,July,2011-07,310804.93,306007.27,18215.2756152579
5,2011-07-22,292539.73,0,86.97,3.651,215.985753,6.529,2011,7,22,29,3,Friday,29,July,2011-07,283248.62,303421.7925,19495.7695613014
5,2011-07-29,275142.17,0,89.42,3.682,216.0464364,6.529,2011,7,29,30,3,Friday,30,July,2011-07,292539.73,290433.8625,15328.39019940319
5,2011-08-05,317738.56,0,91.07,3.684,216.1071198,6.529,2011,8,5,31,3,Friday,31,August,2011-08,275142.17,292167.27,18470.029295665343
5,2011-08-12,289886.16,0,90.16,3.638,216.1678032,6.529,2011,8,12,32,3,Friday,32,August,2011-08,317738.56,293826.65499999997,17683.069654756506
5,2011-08-19,303643.84,0,89.35,3.554,216.2311855,6.529,2011,8,19,33,3,Friday,33,August,2011-08,289886.16,296602.6825,18275.379502584812
5,2011-08-26,310338.17,0,89.18,3.523,216.2950176,6.529,2011,8,26,34,3,Friday,34,August,2011-08,303643.84,305401.6825,11837.63636303727
5,2011-09-02,315645.53,0,90.38,3.533,216.3588498,6.529,2011,9,2,35,3,Friday,35,September,2011-09,310338.17,304878.425,11136.00130954452
5,2011-09-09,321110.22,1,79.04,3.546,216.4226819,6.529,2011,9,9,36,3,Friday,36,September,2011-09,315645.53,312684.44,7460.993094520467
5,2011-09-16,278529.71,0,83.55,3.526,216.6033083,6.529,2011,9,16,37,3,Friday,37,September,2011-09,321110.22,306405.9075,19097.403885241438
5,2011-09-23,291024.98,0,78.01,3.467,216.9396605,6.529,2011,9,23,38,3,Friday,38,September,2011-09,278529.71,301577.61,20182.442211531437
5,2011-09-30,292315.38,0,81.16,3.355,217.2760127,6.529,2011,9,30,39,3,Friday,39,September,2011-09,291024.98,295745.0725,18016.672626174884
5,2011-10-07,309111.47,0,71.64,3.285,217.6123648,6.3,2011,10,7,40,4,Friday,40,October,2011-10,292315.38,292745.385,12557.585378260384
5,2011-10-14,286117.72,0,72.36,3.274,217.9237458,6.3,2011,10,14,41,4,Friday,41,October,2011-10,309111.47,294642.38749999995,10008.744598324634
5,2011-10-21,306069.18,0,66.9,3.353,218.0852999,6.3,2011,10,21,42,4,Friday,42,October,2011-10,286117.72,298403.4375,10976.169136064504
5,2011-10-28,307035.11,0,69.27,3.372,218.2468539,6.3,2011,10,28,43,4,Friday,43,October,2011-10,306069.18,302083.37,10719.181870463448
5,2011-11-04,353652.23,0,56.71,3.332,218.408408,6.3,2011,11,4,44,4,Friday,44,November,2011-11,307035.11,313218.56,28627.992633443213
5,2011-11-11,311906.7,0,60.71,3.297,218.5699621,6.3,2011,11,11,45,4,Friday,45,November,2011-11,353652.23,319665.805,22801.194868217957
5,2011-11-18,307944.37,0,64.33,3.308,218.793912,6.3,2011,11,18,46,4,Friday,46,November,2011-11,311906.7,320134.60250000004,22444.956411481562
5,2011-11-25,507900.07,1,61.93,3.236,219.0428204,6.3,2011,11,25,47,4,Friday,47,November,2011-11,307944.37,370350.84249999997,94001.62985772392
5,2011-12-02,376225.61,0,51.14,3.172,219.2917287,6.3,2011,12,2,48,4,Friday,48,December,2011-12,507900.07,375994.1875,93340.23625126056
5,2011-12-09,367433.77,0,44.12,3.158,219.540637,6.3,2011,12,9,49,4,Friday,49,December,2011-12,376225.61,389875.955,84325.67803529928
5,2011-12-16,379530.3,0,54.42,3.159,219.7596266,6.3,2011,12,16,50,4,Friday,50,December,2011-12,367433.77,407772.4375,66946.67415591427
5,2011-12-23,458562.24,0,50.33,3.112,219.9387246,6.3,2011,12,23,51,4,Friday,51,December,2011-12,379530.3,395437.98,42391.34118453586
5,2011-12-30,349624.88,1,45.62,3.129,220.1178226,6.3,2011,12,30,52,4,Friday,52,December,2011-12,458562.24,388787.7975,48110.64568170278
5,2012-01-06,312078.71,0,50.21,3.157,220.2969205,5.943,2012,1,6,1,1,Friday,1,January,2012-01,349624.88,374949.0325,62198.9995402981
5,2012-01-13,291454.52,0,48.86,3.261,220.4760185,5.943,2012,1,13,2,1,Friday,2,January,2012-01,312078.71,352930.0875,74424.8087703197
5,2012-01-20,287523.98,0,54.65,3.268,220.5694104,5.943,2012,1,20,3,1,Friday,3,January,2012-01,291454.52,310170.5225,28422.069723235003
5,2012-01-27,295974.22,0,54.63,3.29,220.6628023,5.943,2012,1,27,4,1,Friday,4,January,2012-01,287523.98,296757.8575,10781.658675455472
5,2012-02-03,333948.0,0,57.35,3.36,220.7561941,5.943,2012,2,3,5,1,Friday,5,February,2012-02,295974.22,302225.18,21428.518442717137
5,2012-02-10,349239.88,1,48.57,3.409,220.849586,5.943,2012,2,10,6,1,Friday,6,February,2012-02,333948.0,316671.52,29648.677034125427
5,2012-02-17,356427.98,0,48.25,3.51,221.0106341,5.943,2012,2,17,7,1,Friday,7,February,2012-02,349239.88,333897.52,26964.104962595833
5,2012-02-24,312220.47,0,57.75,3.555,221.2224243,5.943,2012,2,24,8,1,Friday,8,February,2012-02,356427.98,337959.0825,19552.67691262535
5,2012-03-02,359206.21,0,60.66,3.63,221.4342146,5.943,2012,3,2,9,1,Friday,9,March,2012-03,312220.47,344273.635,21777.50272205221
5,2012-03-09,347295.6,0,57.69,3.669,221.6460048,5.943,2012,3,9,10,1,Friday,10,March,2012-03,359206.21,343787.56499999994,21651.03924610066
5,2012-03-16,339392.54,0,63.55,3.734,221.7989713,5.943,2012,3,16,11,1,Friday,11,March,2012-03,347295.6,339528.70499999996,19943.98071840696
5,2012-03-23,321299.99,0,64.44,3.787,221.8735063,5.943,2012,3,23,12,1,Friday,12,March,2012-03,339392.54,341798.58499999996,15908.321004712896
5,2012-03-30,331318.73,0,67.76,3.845,221.9480412,5.943,2012,3,30,13,1,Friday,13,March,2012-03,321299.99,334826.71499999997,11129.511805102622
5,2012-04-06,402985.7,0,70.4,3.891,222.0225762,5.801,2012,4,6,14,2,Friday,14,April,2012-04,331318.73,348749.24,36907.205406010165
5,2012-04-13,351832.03,0,70.56,3.891,222.0971111,5.801,2012,4,13,15,2,Friday,15,April,2012-04,402985.7,351859.1125,36376.25582745498
5,2012-04-20,330063.06,0,67.33,3.877,222.1512315,5.801,2012,4,20,16,2,Friday,16,April,2012-04,351832.03,354049.88,34116.008225513346
5,2012-04-27,324839.74,0,68.96,3.814,222.2053519,5.801,2012,4,27,17,2,Friday,17,April,2012-04,330063.06,352430.1325,35673.233767873055
5,2012-05-04,360932.69,0,77.1,3.749,222.2594722,5.801,2012,5,4,18,2,Friday,18,May,2012-05,324839.74,341916.88,17243.86836579562
5,2012-05-11,333870.52,0,73.45,3.688,222.3135926,5.801,2012,5,11,19,2,Friday,19,May,2012-05,360932.69,337426.5025,16102.098600366004
5,2012-05-18,336189.66,0,70.45,3.63,222.330443,5.801,2012,5,18,20,2,Friday,20,May,2012-05,333870.52,338958.15249999997,15446.233899527411
5,2012-05-25,341994.48,0,78.23,3.561,222.3323853,5.801,2012,5,25,21,2,Friday,21,May,2012-05,336189.66,343246.83749999997,12275.678692533133
5,2012-06-01,359867.8,0,79.72,3.501,222.3343277,5.801,2012,6,1,22,2,Friday,22,June,2012-06,341994.48,342980.615,11765.208316381548
5,2012-06-08,341704.59,0,81.02,3.452,222.33627,5.801,2012,6,8,23,2,Friday,23,June,2012-06,359867.8,344939.1325,10304.556045490099
5,2012-06-15,327383.64,0,81.64,3.393,222.3492901,5.801,2012,6,15,24,2,Friday,24,June,2012-06,341704.59,342737.6275,13301.71889535504
5,2012-06-22,325041.68,0,80.57,3.346,222.3900046,5.801,2012,6,22,25,2,Friday,25,June,2012-06,327383.64,338499.4275,16036.958455072145
5,2012-06-29,329658.1,0,87.08,3.286,222.4307191,5.801,2012,6,29,26,2,Friday,26,June,2012-06,325041.68,330947.0025,7415.2398165336845
5,2012-07-06,341214.43,0,82.35,3.227,222.4714336,5.603,2012,7,6,27,3,Friday,27,July,2012-07,329658.1,330824.46249999997,7178.4784611438445
5,2012-07-13,316203.64,0,80.78,3.256,222.5121481,5.603,2012,7,13,28,3,Friday,28,July,2012-07,341214.43,328029.4625,10412.696579197833
5,2012-07-20,321205.12,0,81.05,3.311,222.5209358,5.603,2012,7,20,29,3,Friday,29,July,2012-07,316203.64,327070.3225,10942.847866421145
5,2012-07-27,306827.36,0,85.06,3.407,222.5297234,5.603,2012,7,27,30,3,Friday,30,July,2012-07,321205.12,321362.6375,14514.45284802826
5,2012-08-03,324195.17,0,86.91,3.417,222.5385111,5.603,2012,8,3,31,3,Friday,31,August,2012-08,306827.36,317107.8225,7605.344537374176
5,2012-08-10,306759.7,0,86.96,3.494,222.5472987,5.603,2012,8,10,32,3,Friday,32,August,2012-08,324195.17,314746.83749999997,9264.500151965358
5,2012-08-17,314014.18,0,87.52,3.571,222.6276753,5.603,2012,8,17,33,3,Friday,33,August,2012-08,306759.7,312949.10250000004,8233.930993939983
5,2012-08-24,320831.36,0,79.45,3.62,222.7617437,5.603,2012,8,24,34,3,Friday,34,August,2012-08,314014.18,316450.1025,7724.832401610184
5,2012-08-31,344642.01,0,84.25,3.638,222.8958121,5.603,2012,8,31,35,3,Friday,35,August,2012-08,320831.36,321561.8125,16424.558525893528
5,2012-09-07,350648.91,1,86.3,3.73,223.0298805,5.603,2012,9,7,36,3,Friday,36,September,2012-09,344642.01,332534.115,17838.996479784953
5,2012-09-14,299800.67,0,76.65,3.717,223.1734167,5.603,2012,9,14,37,3,Friday,37,September,2012-09,350648.91,328980.7375,23328.622253583057
5,2012-09-21,307306.76,0,71.09,3.721,223.3737593,5.603,2012,9,21,38,3,Friday,38,September,2012-09,299800.67,325599.5875,25757.16142806441
5,2012-09-28,310141.68,0,78.33,3.666,223.5741019,5.603,2012,9,28,39,3,Friday,39,September,2012-09,307306.76,316974.505,22869.62287676909
5,2012-10-05,343048.29,0,71.17,3.617,223.7744444,5.422,2012,10,5,40,4,Friday,40,October,2012-10,310141.68,315074.35,19152.835365405805
5,2012-10-12,325345.41,0,66.24,3.601,223.974787,5.422,2012,10,12,41,4,Friday,41,October,2012-10,343048.29,321460.535,16427.306991382004
5,2012-10-19,313358.15,0,69.17,3.594,224.0192873,5.422,2012,10,19,42,4,Friday,42,October,2012-10,325345.41,322973.3825,14896.685433029506
5,2012-10-26,319550.77,0,71.7,3.506,224.0378139,5.422,2012,10,26,43,4,Friday,43,October,2012-10,313358.15,325325.655,12788.831772182168
6,2010-02-26,1432953.21,0,47.1,2.561,212.845337,7.259,2010,2,26,8,1,Friday,8,February,2010-02,1567138.07,1564752.56,94560.29652189165
6,2010-03-05,1601348.82,0,49.63,2.625,212.8745193,7.259,2010,3,5,9,1,Friday,9,March,2010-03,1432953.21,1551930.9900000002,81206.16523187676
6,2010-03-12,1558621.36,0,58.82,2.667,212.9037017,7.259,2010,3,12,10,1,Friday,10,March,2010-03,1601348.82,1540015.3650000002,73724.53664811583
6,2010-03-19,1693058.91,0,56.55,2.72,212.7351935,7.259,2010,3,19,11,1,Friday,11,March,2010-03,1558621.36,1571495.575,108056.45586916074
6,2010-03-26,1472033.38,0,53.74,2.732,212.533737,7.259,2010,3,26,12,1,Friday,12,March,2010-03,1693058.91,1581265.6175,91915.75740431964
6,2010-04-02,1770333.9,0,64.94,2.719,212.3322805,7.092,2010,4,2,13,2,Friday,13,April,2010-04,1472033.38,1623511.8875,133603.90524085407
6,2010-04-09,1667181.82,0,66.15,2.77,212.1308239,7.092,2010,4,9,14,2,Friday,14,April,2010-04,1770333.9,1650652.0025,126885.70915499076
6,2010-04-16,1519846.36,0,65.68,2.808,211.9942765,7.092,2010,4,16,15,2,Friday,15,April,2010-04,1667181.82,1607348.865,136761.4382785384
6,2010-04-23,1540435.99,0,64.11,2.795,211.9442745,7.092,2010,4,23,16,2,Friday,16,April,2010-04,1519846.36,1624449.5175,117058.95394532438
6,2010-04-30,1498080.16,0,68.91,2.78,211.8942725,7.092,2010,4,30,17,2,Friday,17,April,2010-04,1540435.99,1556386.0825,75861.34900347369
6,2010-05-07,1619920.04,0,73.68,2.835,211.8442706,7.092,2010,5,7,18,2,Friday,18,May,2010-05,1498080.16,1544570.6375,53126.5224507538
6,2010-05-14,1524059.4,0,74.95,2.854,211.8421769,7.092,2010,5,14,19,2,Friday,19,May,2010-05,1619920.04,1545623.8975,52511.15977423385
6,2010-05-21,1531938.44,0,74.8,2.826,212.1275324,7.092,2010,5,21,20,2,Friday,20,May,2010-05,1524059.4,1543499.51,52960.96353686827
6,2010-05-28,1644470.66,0,78.89,2.759,212.412888,7.092,2010,5,28,21,2,Friday,21,May,2010-05,1531938.44,1580097.1349999998,61071.82146619922
6,2010-06-04,1857380.09,0,79.44,2.705,212.6982436,7.092,2010,6,4,22,2,Friday,22,June,2010-06,1644470.66,1639462.1475,155340.97620609784
6,2010-06-11,1685652.35,0,81.81,2.668,212.9835992,7.092,2010,6,11,23,2,Friday,23,June,2010-06,1857380.09,1679860.385,135006.32944422393
6,2010-06-18,1677248.24,0,83.89,2.637,212.9813843,7.092,2010,6,18,24,2,Friday,24,June,2010-06,1685652.35,1716187.835,95790.2464849022
6,2010-06-25,1640681.88,0,84.2,2.653,212.8641412,7.092,2010,6,25,25,2,Friday,25,June,2010-06,1677248.24,1715240.64,96749.7136979817
6,2010-07-02,1759777.25,0,80.34,2.669,212.746898,6.973,2010,7,2,26,3,Friday,26,July,2010-07,1640681.88,1690839.93,49932.71837148289
6,2010-07-09,1690317.99,0,80.93,2.642,212.6296549,6.973,2010,7,9,27,3,Friday,27,July,2010-07,1759777.25,1692006.34,49825.523840204216
6,2010-07-16,1560120.8,0,83.75,2.623,212.6212163,6.973,2010,7,16,28,3,Friday,28,July,2010-07,1690317.99,1662724.48,84051.6375471957
6,2010-07-23,1585240.92,0,83.9,2.608,212.7578505,6.973,2010,7,23,29,3,Friday,29,July,2010-07,1560120.8,1648864.24,92993.60939903108
6,2010-07-30,1532308.78,0,81.37,2.64,212.8944846,6.973,2010,7,30,30,3,Friday,30,July,2010-07,1585240.92,1591997.1225,69020.37724395827
6,2010-08-06,1633241.59,0,86.61,2.627,213.0311188,6.973,2010,8,6,31,3,Friday,31,August,2010-08,1532308.78,1577728.0225,42860.711142260814
6,2010-08-13,1547654.98,0,86.83,2.692,213.1677529,6.973,2010,8,13,32,3,Friday,32,August,2010-08,1633241.59,1574611.5675,44969.049033141164
6,2010-08-20,1539930.5,0,87.36,2.664,213.1291427,6.973,2010,8,20,33,3,Friday,33,August,2010-08,1547654.98,1563283.9625,47057.34402854089
6,2010-08-27,1450766.12,0,85.71,2.619,213.0905324,6.973,2010,8,27,34,3,Friday,34,August,2010-08,1539930.5,1542898.2974999999,74569.168072421
6,2010-09-03,1510925.32,0,82.15,2.577,213.0519222,6.973,2010,9,3,35,3,Friday,35,September,2010-09,1450766.12,1512319.23,43976.227649475906
6,2010-09-10,1424225.44,1,78.78,2.565,213.013312,6.973,2010,9,10,36,3,Friday,36,September,2010-09,1510925.32,1481461.845,53244.44749512791
6,2010-09-17,1308537.75,0,81.78,2.582,213.0398643,6.973,2010,9,17,37,3,Friday,37,September,2010-09,1424225.44,1423613.6575000002,84859.53372702377
6,2010-09-24,1275591.84,0,76.49,2.624,213.1152886,6.973,2010,9,24,38,3,Friday,38,September,2010-09,1308537.75,1379820.0875,108174.42170851266
6,2010-10-01,1328468.89,0,70.69,2.603,213.1907129,7.007,2010,10,1,39,4,Friday,39,October,2010-10,1275591.84,1334205.98,63851.11019560032
6,2010-10-08,1360317.9,0,65.21,2.633,213.2661373,7.007,2010,10,8,40,4,Friday,40,October,2010-10,1328468.89,1318229.095,35534.85889383359
6,2010-10-15,1344580.92,0,68.93,2.72,213.3337977,7.007,2010,10,15,41,4,Friday,41,October,2010-10,1360317.9,1327239.8875,36805.33284196448
6,2010-10-22,1332716.53,0,70.97,2.725,213.3820486,7.007,2010,10,22,42,4,Friday,42,October,2010-10,1344580.92,1341521.06,14266.0766322876
6,2010-10-29,1385323.7,0,70.39,2.716,213.4302994,7.007,2010,10,29,43,4,Friday,43,October,2010-10,1332716.53,1355734.7625,22735.857154588528
6,2010-11-05,1505442.15,0,59.9,2.689,213.4785503,7.007,2010,11,5,44,4,Friday,44,November,2010-11,1385323.7,1392015.825,78902.45526360825
6,2010-11-12,1495536.46,0,62.11,2.728,213.5268011,7.007,2010,11,12,45,4,Friday,45,November,2010-11,1505442.15,1429754.71,84550.47848109898
6,2010-11-19,1518841.45,0,52.99,2.771,213.4107412,7.007,2010,11,19,46,4,Friday,46,November,2010-11,1495536.46,1476285.94,61388.83622454459
6,2010-11-26,2267452.4,1,65.79,2.735,213.2672961,7.007,2010,11,26,47,4,Friday,47,November,2010-11,1518841.45,1696818.115,380542.7024313228
6,2010-12-03,1677067.24,0,52.3,2.708,213.123851,7.007,2010,12,3,48,4,Friday,48,December,2010-12,2267452.4,1739724.3875,360943.1115496411
6,2010-12-10,1834737.58,0,48.46,2.843,212.9804059,7.007,2010,12,10,49,4,Friday,49,December,2010-12,1677067.24,1824524.6675,322218.9742940832
6,2010-12-17,2090268.95,0,52.24,2.869,212.918049,7.007,2010,12,17,50,4,Friday,50,December,2010-12,1834737.58,1967381.5425,262691.61226719676
6,2010-12-24,2727575.18,0,55.07,2.886,212.9165082,7.007,2010,12,24,51,4,Friday,51,December,2010-12,2090268.95,2082412.2375,462581.25530281407
6,2010-12-31,1464050.02,1,49.14,2.943,212.9149674,7.007,2010,12,31,52,4,Friday,52,December,2010-12,2727575.18,2029157.9325,531873.2412588837
6,2011-01-07,1350441.68,0,47.78,2.976,212.9134266,6.858,2011,1,7,1,1,Friday,1,January,2011-01,1464050.02,1908083.9575,635842.8219179931
6,2011-01-14,1306194.55,0,38.37,2.983,212.9655882,6.858,2011,1,14,2,1,Friday,2,January,2011-01,1350441.68,1712065.3575000002,680263.3322810971
6,2011-01-21,1261253.18,0,46.2,3.016,213.3399647,6.858,2011,1,21,3,1,Friday,3,January,2011-01,1306194.55,1345484.8575,87026.76141252647
6,2011-01-28,1287034.7,0,44.98,3.01,213.7143412,6.858,2011,1,28,4,1,Friday,4,January,2011-01,1261253.18,1301231.0274999999,37621.30992007242
6,2011-02-04,1514999.17,0,40.59,2.989,214.0887176,6.858,2011,2,4,5,1,Friday,5,February,2011-02,1287034.7,1342370.4,116549.59949874805
6,2011-02-11,1486920.17,1,39.38,3.022,214.4630941,6.858,2011,2,11,6,1,Friday,6,February,2011-02,1514999.17,1387551.805,131873.59336714557
6,2011-02-18,1572117.54,0,59.61,3.045,214.7775231,6.858,2011,2,18,7,1,Friday,7,February,2011-02,1486920.17,1465267.895,123997.2300259654
6,2011-02-25,1422600.43,0,62.86,3.065,215.0679731,6.858,2011,2,25,8,1,Friday,8,February,2011-02,1572117.54,1499159.3275,62141.94274494025
6,2011-03-04,1502617.99,0,60.45,3.288,215.3584231,6.858,2011,3,4,9,1,Friday,9,March,2011-03,1422600.43,1496064.0325,61393.81476897683
6,2011-03-11,1494497.39,0,57.71,3.459,215.6488731,6.858,2011,3,11,10,1,Friday,10,March,2011-03,1502617.99,1497958.3375,61133.98415838799
6,2011-03-18,1685375.47,0,65.07,3.488,215.9035078,6.858,2011,3,18,11,1,Friday,11,March,2011-03,1494497.39,1526272.8199999998,111998.28364659467
6,2011-03-25,1438465.81,0,70.83,3.473,216.1438163,6.858,2011,3,25,12,1,Friday,12,March,2011-03,1685375.47,1530239.165,107284.70783471594
6,2011-04-01,1459276.77,0,62.25,3.524,216.3841249,6.855,2011,4,1,13,2,Friday,13,April,2011-04,1438465.81,1519403.8599999999,113038.55162955755
6,2011-04-08,1534594.0,0,70.35,3.622,216.6244334,6.855,2011,4,8,14,2,Friday,14,April,2011-04,1459276.77,1529428.0125000002,111865.41919573127
6,2011-04-15,1448797.02,0,73.17,3.743,216.8446627,6.855,2011,4,15,15,2,Friday,15,April,2011-04,1534594.0,1470283.4,43707.446868280116
6,2011-04-22,1639358.93,0,74.24,3.807,217.0146941,6.855,2011,4,22,16,2,Friday,16,April,2011-04,1448797.02,1520506.68,87969.09898892429
6,2011-04-29,1479249.9,0,75.27,3.81,217.1847255,6.855,2011,4,29,17,2,Friday,17,April,2011-04,1639358.93,1525499.9625,83803.29283035471
6,2011-05-06,1504651.57,0,65.42,3.906,217.3547569,6.855,2011,5,6,18,2,Friday,18,May,2011-05,1479249.9,1518014.355,84057.1082475817
6,2011-05-13,1453185.65,0,76.95,3.899,217.5247882,6.855,2011,5,13,19,2,Friday,19,May,2011-05,1504651.57,1519111.5125,82872.79177549285
6,2011-05-20,1382783.83,0,72.01,3.907,217.2896095,6.855,2011,5,20,20,2,Friday,20,May,2011-05,1453185.65,1454967.7375,52509.67836310998
6,2011-05-27,1523979.11,0,80.83,3.786,217.0544307,6.855,2011,5,27,21,2,Friday,21,May,2011-05,1382783.83,1466150.04,63099.31200692836
6,2011-06-03,1705506.29,0,84.01,3.699,216.819252,6.855,2011,6,3,22,2,Friday,22,June,2011-06,1523979.11,1516363.72,138645.78547795207
6,2011-06-10,1598643.65,0,84.49,3.648,216.5840732,6.855,2011,6,10,23,2,Friday,23,June,2011-06,1705506.29,1552728.22,135593.72208092175
6,2011-06-17,1622150.33,0,87.08,3.637,216.5371616,6.855,2011,6,17,24,2,Friday,24,June,2011-06,1598643.65,1612569.845,74769.03489433773
6,2011-06-24,1543365.9,0,85.51,3.594,216.6314502,6.855,2011,6,24,25,2,Friday,25,June,2011-06,1622150.33,1617416.5425,67374.90013892137
6,2011-07-01,1694551.15,0,87.0,3.524,216.7257388,6.925,2011,7,1,26,3,Friday,26,July,2011-07,1543365.9,1614677.7574999998,62657.99175590527
6,2011-07-08,1709373.62,0,88.36,3.48,216.8200275,6.925,2011,7,8,27,3,Friday,27,July,2011-07,1694551.15,1642360.25,76208.05731656885
6,2011-07-15,1526801.24,0,88.93,3.575,216.9044732,6.925,2011,7,15,28,3,Friday,28,July,2011-07,1709373.62,1618522.9775,96773.93878641968
6,2011-07-22,1526506.08,0,88.06,3.651,216.964312,6.925,2011,7,22,29,3,Friday,29,July,2011-07,1526801.24,1614308.0225,101395.3408352499
6,2011-07-29,1483991.05,0,90.22,3.682,217.0241507,6.925,2011,7,29,30,3,Friday,30,July,2011-07,1526506.08,1561667.9975,100503.25087921566
6,2011-08-05,1601584.57,0,91.46,3.684,217.0839894,6.925,2011,8,5,31,3,Friday,31,August,2011-08,1483991.05,1534720.735,48902.87083914876
6,2011-08-12,1484995.38,0,90.49,3.638,217.1438281,6.925,2011,8,12,32,3,Friday,32,August,2011-08,1601584.57,1524269.27,55219.05581459945
6,2011-08-19,1493544.04,0,89.26,3.554,217.2069662,6.925,2011,8,19,33,3,Friday,33,August,2011-08,1484995.38,1516028.76,57198.03258418357
6,2011-08-26,1420405.41,0,90.07,3.523,217.2706543,6.925,2011,8,26,34,3,Friday,34,August,2011-08,1493544.04,1500132.35,75103.19920866679
6,2011-09-02,1481618.74,0,91.22,3.533,217.3343423,6.925,2011,9,2,35,3,Friday,35,September,2011-09,1420405.41,1470140.8925,33534.670191393736
6,2011-09-09,1483574.38,1,80.21,3.546,217.3980304,6.925,2011,9,9,36,3,Friday,36,September,2011-09,1481618.74,1469785.6425,33331.76808897511
6,2011-09-16,1351407.79,0,84.94,3.526,217.5797506,6.925,2011,9,16,37,3,Friday,37,September,2011-09,1483574.38,1434251.58,62533.181622612516
6,2011-09-23,1336044.75,0,78.49,3.467,217.9188471,6.925,2011,9,23,38,3,Friday,38,September,2011-09,1351407.79,1413161.415,80425.70320407757
6,2011-09-30,1307551.92,0,82.51,3.355,218.2579435,6.925,2011,9,30,39,3,Friday,39,September,2011-09,1336044.75,1369644.71,78096.15193119866
6,2011-10-07,1481739.2,0,74.1,3.285,218.59704,6.551,2011,10,7,40,4,Friday,40,October,2011-10,1307551.92,1369185.915,77204.0367036718
6,2011-10-14,1386520.99,0,71.24,3.274,218.9109844,6.551,2011,10,14,41,4,Friday,41,October,2011-10,1481739.2,1377964.2149999999,76501.84909139054
6,2011-10-21,1417922.37,0,68.53,3.353,219.0740167,6.551,2011,10,21,42,4,Friday,42,October,2011-10,1386520.99,1398433.62,72390.20464148294
6,2011-10-28,1419445.12,0,69.51,3.372,219.237049,6.551,2011,10,28,43,4,Friday,43,October,2011-10,1417922.37,1426406.92,39887.35334207755
6,2011-11-04,1523420.38,0,58.54,3.332,219.4000812,6.551,2011,11,4,44,4,Friday,44,November,2011-11,1419445.12,1436827.2149999999,59689.81736034016
6,2011-11-11,1536176.54,0,61.33,3.297,219.5631135,6.551,2011,11,11,45,4,Friday,45,November,2011-11,1523420.38,1474241.1025,64366.137790732246
6,2011-11-18,1524390.07,0,63.89,3.308,219.7897137,6.551,2011,11,18,46,4,Friday,46,November,2011-11,1536176.54,1500858.0275,54584.11126379041
6,2011-11-25,2249811.55,1,62.78,3.236,220.0417412,6.551,2011,11,25,47,4,Friday,47,November,2011-11,1524390.07,1708449.635,360954.5174243754
6,2011-12-02,1688531.34,0,51.18,3.172,220.2937686,6.551,2011,12,2,48,4,Friday,48,December,2011-12,2249811.55,1749727.375,341667.47818066843
6,2011-12-09,1903385.14,0,43.64,3.158,220.5457961,6.551,2011,12,9,49,4,Friday,49,December,2011-12,1688531.34,1841529.525,313318.9044068468
6,2011-12-16,2034695.56,0,53.27,3.159,220.7671856,6.551,2011,12,16,50,4,Friday,50,December,2011-12,1903385.14,1969105.8975,235328.82487773654
6,2011-12-23,2644633.02,0,49.45,3.112,220.9477245,6.551,2011,12,23,51,4,Friday,51,December,2011-12,2034695.56,2067811.2650000001,410166.3073475798
6,2011-12-30,1598080.52,1,46.8,3.129,221.1282634,6.551,2011,12,30,52,4,Friday,52,December,2011-12,2644633.02,2045198.56,439491.21061747044
6,2012-01-06,1395339.71,0,50.82,3.157,221.3088023,6.132,2012,1,6,1,1,Friday,1,January,2012-01,1598080.52,1918187.2025,552912.1424256855
6,2012-01-13,1344243.17,0,48.33,3.261,221.4893412,6.132,2012,1,13,2,1,Friday,2,January,2012-01,1395339.71,1745574.105,609314.3526637463
6,2012-01-20,1326255.7,0,55.37,3.268,221.5831306,6.132,2012,1,20,3,1,Friday,3,January,2012-01,1344243.17,1415979.7750000001,124877.59839711564
6,2012-01-27,1315610.66,0,53.95,3.29,221.6769199,6.132,2012,1,27,4,1,Friday,4,January,2012-01,1326255.7,1345362.31,35351.64403776091
6,2012-02-03,1496305.78,0,57.45,3.36,221.7707093,6.132,2012,2,3,5,1,Friday,5,February,2012-02,1315610.66,1370603.8275,84630.31373880793
6,2012-02-10,1620603.92,1,48.58,3.409,221.8644987,6.132,2012,2,10,6,1,Friday,6,February,2012-02,1496305.78,1439694.015,146285.35579660995
6,2012-02-17,1632616.09,0,49.03,3.51,222.026359,6.132,2012,2,17,7,1,Friday,7,February,2012-02,1620603.92,1516284.1124999998,147291.9091845059
6,2012-02-24,1465187.71,0,59.17,3.555,222.2392726,6.132,2012,2,24,8,1,Friday,8,February,2012-02,1632616.09,1553678.375,85308.07674178445
6,2012-03-02,1550385.65,0,60.32,3.63,222.4521862,6.132,2012,3,2,9,1,Friday,9,March,2012-03,1465187.71,1567198.3425,77072.41869011651
6,2012-03-09,1569304.4,0,57.89,3.669,222.6650998,6.132,2012,3,9,10,1,Friday,10,March,2012-03,1550385.65,1554373.4625,69076.87203461841
6,2012-03-16,1748010.29,0,62.8,3.734,222.8186603,6.132,2012,3,16,11,1,Friday,11,March,2012-03,1569304.4,1583222.0125000002,118826.48359128804
6,2012-03-23,1495143.62,0,63.71,3.787,222.8930835,6.132,2012,3,23,12,1,Friday,12,March,2012-03,1748010.29,1590710.9899999998,109484.49986299792
6,2012-03-30,1508933.26,0,67.91,3.845,222.9675066,6.132,2012,3,30,13,1,Friday,13,March,2012-03,1495143.62,1580347.8925,116322.04727882518
6,2012-04-06,1840131.19,0,71.6,3.891,223.0419298,5.964,2012,4,6,14,2,Friday,14,April,2012-04,1508933.26,1648054.5899999999,172840.0719715204
6,2012-04-13,1616394.45,0,71.29,3.891,223.1163529,5.964,2012,4,13,15,2,Friday,15,April,2012-04,1840131.19,1615150.6300000001,159480.0004232135
6,2012-04-20,1456073.24,0,68.64,3.877,223.17092,5.964,2012,4,20,16,2,Friday,16,April,2012-04,1616394.45,1605383.0350000001,170121.44830159866
6,2012-04-27,1456221.1,0,71.5,3.814,223.2254871,5.964,2012,4,27,17,2,Friday,17,April,2012-04,1456073.24,1592204.9949999999,181728.7377009369
6,2012-05-04,1543461.12,0,77.66,3.749,223.2800541,5.964,2012,5,4,18,2,Friday,18,May,2012-05,1456221.1,1518037.4775,77419.39225955098
6,2012-05-11,1517075.67,0,72.66,3.688,223.3346212,5.964,2012,5,11,19,2,Friday,19,May,2012-05,1543461.12,1493207.7825,44128.837557935825
6,2012-05-18,1513635.64,0,70.5,3.63,223.3511928,5.964,2012,5,18,20,2,Friday,20,May,2012-05,1517075.67,1507598.3824999998,36751.546700150175
6,2012-05-25,1603793.42,0,78.47,3.561,223.3525662,5.964,2012,5,25,21,2,Friday,21,May,2012-05,1513635.64,1544491.4625,41719.26505247409
6,2012-06-01,1681121.38,0,80.39,3.501,223.3539397,5.964,2012,6,1,22,2,Friday,22,June,2012-06,1603793.42,1578906.5274999999,79896.96945468409
6,2012-06-08,1696619.52,0,80.5,3.452,223.3553131,5.964,2012,6,8,23,2,Friday,23,June,2012-06,1681121.38,1623792.49,83914.38559635659
6,2012-06-15,1642247.48,0,82.1,3.393,223.3680933,5.964,2012,6,15,24,2,Friday,24,June,2012-06,1696619.52,1655945.4500000002,41616.006684019456
6,2012-06-22,1618272.25,0,81.2,3.346,223.4093906,5.964,2012,6,22,25,2,Friday,25,June,2012-06,1642247.48,1659565.1575000002,35789.67575782111
6,2012-06-29,1648863.46,0,87.35,3.286,223.4506878,5.964,2012,6,29,26,2,Friday,26,June,2012-06,1618272.25,1651500.6774999998,32824.86315168404
6,2012-07-06,1876359.39,0,82.95,3.227,223.4919851,5.668,2012,7,6,27,3,Friday,27,July,2012-07,1648863.46,1696435.645,120666.95259334505
6,2012-07-13,1588142.26,0,80.27,3.256,223.5332824,5.668,2012,7,13,28,3,Friday,28,July,2012-07,1876359.39,1682909.3399999999,131327.57598891496
6,2012-07-20,1574361.97,0,81.57,3.311,223.5424501,5.668,2012,7,20,29,3,Friday,29,July,2012-07,1588142.26,1671931.7699999998,140075.3923228511
6,2012-07-27,1513229.16,0,85.78,3.407,223.5516178,5.668,2012,7,27,30,3,Friday,30,July,2012-07,1574361.97,1638023.1949999998,162191.81264132453
6,2012-08-03,1627274.93,0,87.55,3.417,223.5607856,5.668,2012,8,3,31,3,Friday,31,August,2012-08,1513229.16,1575752.0799999998,47325.71029118345
6,2012-08-10,1588380.73,0,87.04,3.494,223.5699533,5.668,2012,8,10,32,3,Friday,32,August,2012-08,1627274.93,1575811.6975,47346.66685593245
6,2012-08-17,1543049.52,0,87.53,3.571,223.6510224,5.668,2012,8,17,33,3,Friday,33,August,2012-08,1588380.73,1567983.585,50170.581587774475
6,2012-08-24,1501095.49,0,79.03,3.62,223.7860175,5.668,2012,8,24,34,3,Friday,34,August,2012-08,1543049.52,1564950.1675,54743.1136591559
6,2012-08-31,1577439.81,0,83.58,3.638,223.9210125,5.668,2012,8,31,35,3,Friday,35,August,2012-08,1501095.49,1552491.3875000002,39332.581202020636
6,2012-09-07,1608077.01,1,86.33,3.73,224.0560076,5.668,2012,9,7,36,3,Friday,36,September,2012-09,1577439.81,1557415.4575,45992.34173284078
6,2012-09-14,1375166.86,0,76.41,3.717,224.2004678,5.668,2012,9,14,37,3,Friday,37,September,2012-09,1608077.01,1515444.7925,103775.2551470493
6,2012-09-21,1425603.65,0,70.81,3.721,224.4017192,5.668,2012,9,21,38,3,Friday,38,September,2012-09,1375166.86,1496571.8325,113649.5852306965
6,2012-09-28,1369131.46,0,77.82,3.666,224.6029706,5.668,2012,9,28,39,3,Friday,39,September,2012-09,1425603.65,1444494.7449999999,111955.36500081306
6,2012-10-05,1518177.71,0,70.84,3.617,224.804222,5.329,2012,10,5,40,4,Friday,40,October,2012-10,1369131.46,1422019.92,68924.02128656932
6,2012-10-12,1459396.84,0,65.43,3.601,225.0054733,5.329,2012,10,12,41,4,Friday,41,October,2012-10,1518177.71,1443077.415,62395.81894528143
6,2012-10-19,1436883.99,0,69.68,3.594,225.0501013,5.329,2012,10,19,42,4,Friday,42,October,2012-10,1459396.84,1445897.5,61592.55690390819
6,2012-10-26,1431426.34,0,72.34,3.506,225.0686254,5.329,2012,10,26,43,4,Friday,43,October,2012-10,1436883.99,1461471.22,39695.321948536264
7,2010-02-26,496083.24,0,24.91,2.586,189.6018023,9.014,2010,2,26,8,1,Friday,8,February,2010-02,506760.54,505918.535,13072.867515128428
7,2010-03-05,491419.55,0,35.86,2.62,189.6695049,9.014,2010,3,5,9,1,Friday,9,March,2010-03,496083.24,504592.0625,14507.11375363222
7,2010-03-12,480452.1,0,27.25,2.684,189.7372075,9.014,2010,3,12,10,1,Friday,10,March,2010-03,491419.55,493678.85750000004,10908.147667080126
7,2010-03-19,574450.23,0,29.04,2.692,189.734262,9.014,2010,3,19,11,1,Friday,11,March,2010-03,480452.1,510601.28,43067.287361404604
7,2010-03-26,514731.6,0,23.33,2.717,189.7195417,9.014,2010,3,26,12,1,Friday,12,March,2010-03,574450.23,515263.37,41967.12779941702
7,2010-04-02,561145.14,0,38.26,2.725,189.7048215,8.963,2010,4,2,13,2,Friday,13,April,2010-04,514731.6,532694.7675,43223.89014625393
7,2010-04-09,484263.25,0,33.79,2.75,189.6901012,8.963,2010,4,9,14,2,Friday,14,April,2010-04,561145.14,533647.5549999999,41703.71047394106
7,2010-04-16,406228.19,0,41.89,2.765,189.6628845,8.963,2010,4,16,15,2,Friday,15,April,2010-04,484263.25,491592.045,65099.33693028955
7,2010-04-23,404751.25,0,43.07,2.776,189.6190057,8.963,2010,4,23,16,2,Friday,16,April,2010-04,406228.19,464096.9575,74600.57267517778
7,2010-04-30,373655.61,0,38.99,2.766,189.575127,8.963,2010,4,30,17,2,Friday,17,April,2010-04,404751.25,417224.57499999995,47148.49936300785
7,2010-05-07,395453.83,0,40.07,2.771,189.5312483,8.963,2010,5,7,18,2,Friday,18,May,2010-05,373655.61,395022.22,15021.607753121812
7,2010-05-14,372673.61,0,41.41,2.788,189.4904116,8.963,2010,5,14,19,2,Friday,19,May,2010-05,395453.83,386633.57499999995,16014.110902711665
7,2010-05-21,395195.65,0,46.6,2.776,189.467827,8.963,2010,5,21,20,2,Friday,20,May,2010-05,372673.61,384244.675,12800.870440104789
7,2010-05-28,442734.55,0,54.24,2.737,189.4452425,8.963,2010,5,28,21,2,Friday,21,May,2010-05,395195.65,401514.41000000003,29481.909956975058
7,2010-06-04,509183.22,0,53.63,2.7,189.422658,8.963,2010,6,4,22,2,Friday,22,June,2010-06,442734.55,429946.7575,60359.47184320024
7,2010-06-11,498580.87,0,63.59,2.684,189.4000734,8.963,2010,6,11,23,2,Friday,23,June,2010-06,509183.22,461423.57249999995,52905.7840804427
7,2010-06-18,481144.09,0,52.7,2.674,189.4185259,8.963,2010,6,18,24,2,Friday,24,June,2010-06,498580.87,482910.6825,29172.15267278422
7,2010-06-25,553714.87,0,59.94,2.715,189.4533931,8.963,2010,6,25,25,2,Friday,25,June,2010-06,481144.09,510655.76249999995,30946.173499291308
7,2010-07-02,575570.77,0,61.31,2.728,189.4882603,9.017,2010,7,2,26,3,Friday,26,July,2010-07,553714.87,527252.65,44657.81037065767
7,2010-07-09,593462.34,0,58.0,2.711,189.5231276,9.017,2010,7,9,27,3,Friday,27,July,2010-07,575570.77,550973.0175000001,49308.51456389097
7,2010-07-16,557166.35,0,62.19,2.699,189.6125456,9.017,2010,7,16,28,3,Friday,28,July,2010-07,593462.34,569978.5825,18361.38223982382
7,2010-07-23,570231.21,0,64.64,2.691,189.774698,9.017,2010,7,23,29,3,Friday,29,July,2010-07,557166.35,574107.6675,15041.932255010232
7,2010-07-30,603547.16,0,66.07,2.69,189.9368504,9.017,2010,7,30,30,3,Friday,30,July,2010-07,570231.21,581101.7649999999,21194.752717492585
7,2010-08-06,643854.17,0,61.7,2.69,190.0990028,9.017,2010,8,6,31,3,Friday,31,August,2010-08,603547.16,593699.7225,38720.79120461063
7,2010-08-13,598185.4,0,60.13,2.723,190.2611552,9.017,2010,8,13,32,3,Friday,32,August,2010-08,643854.17,603954.485,30346.292443601596
7,2010-08-20,582353.17,0,59.59,2.732,190.2948237,9.017,2010,8,20,33,3,Friday,33,August,2010-08,598185.4,606984.975,26174.506997337226
7,2010-08-27,554309.24,0,57.57,2.731,190.3284922,9.017,2010,8,27,34,3,Friday,34,August,2010-08,582353.17,594675.495,37470.59177539713
7,2010-09-03,532765.05,0,49.84,2.773,190.3621607,9.017,2010,9,3,35,3,Friday,35,September,2010-09,554309.24,566903.2150000001,29104.975082988793
7,2010-09-10,535769.32,1,48.5,2.78,190.3958293,9.017,2010,9,10,36,3,Friday,36,September,2010-09,532765.05,551299.1950000001,22789.626899091636
7,2010-09-17,489408.53,0,48.56,2.8,190.4688287,9.017,2010,9,17,37,3,Friday,37,September,2010-09,535769.32,528063.035,27474.41116905338
7,2010-09-24,488008.83,0,47.55,2.793,190.5713264,9.017,2010,9,24,38,3,Friday,38,September,2010-09,489408.53,511487.9325,26337.99395674502
7,2010-10-01,448998.73,0,49.99,2.759,190.6738241,9.137,2010,10,1,39,4,Friday,39,October,2010-10,488008.83,490546.35250000004,35492.04317114959
7,2010-10-08,480239.88,0,44.13,2.745,190.7763218,9.137,2010,10,8,40,4,Friday,40,October,2010-10,448998.73,476663.9925,18879.28577919074
7,2010-10-15,463370.48,0,35.86,2.762,190.8623087,9.137,2010,10,15,41,4,Friday,41,October,2010-10,480239.88,470154.48,17455.48167143294
7,2010-10-22,472450.81,0,36.84,2.762,190.9070184,9.137,2010,10,22,42,4,Friday,42,October,2010-10,463370.48,466264.975,13417.20092656559
7,2010-10-29,465493.15,0,34.78,2.748,190.951728,9.137,2010,10,29,43,4,Friday,43,October,2010-10,472450.81,470388.57999999996,7627.141595599925
7,2010-11-05,480512.44,0,49.44,2.729,190.9964377,9.137,2010,11,5,44,4,Friday,44,November,2010-11,465493.15,470456.72000000003,7744.798773568218
7,2010-11-12,507584.29,0,22.12,2.737,191.0411474,9.137,2010,11,12,45,4,Friday,45,November,2010-11,480512.44,481510.1725,18434.317022132484
7,2010-11-19,482528.36,0,25.56,2.758,191.0312172,9.137,2010,11,19,46,4,Friday,46,November,2010-11,507584.29,484029.56,17445.60628157868
7,2010-11-26,835189.26,1,17.95,2.742,191.0121805,9.137,2010,11,26,47,4,Friday,47,November,2010-11,482528.36,576453.5874999999,172929.44660247458
7,2010-12-03,552811.62,0,21.88,2.712,190.9931437,9.137,2010,12,3,48,4,Friday,48,December,2010-12,835189.26,594528.3825,163055.43688492422
7,2010-12-10,599730.07,0,24.24,2.728,190.9741069,9.137,2010,12,10,49,4,Friday,49,December,2010-12,552811.62,617564.8274999999,152868.45939395897
7,2010-12-17,716388.81,0,20.74,2.778,191.0303376,9.137,2010,12,17,50,4,Friday,50,December,2010-12,599730.07,676029.94,126444.91827956618
7,2010-12-24,1045124.88,0,26.04,2.781,191.1430189,9.137,2010,12,24,51,4,Friday,51,December,2010-12,716388.81,728513.845,221995.56792176692
7,2010-12-31,729572.08,1,13.76,2.829,191.2557002,9.137,2010,12,31,52,4,Friday,52,December,2010-12,1045124.88,772703.96,190757.15754787563
7,2011-01-07,661163.94,0,10.09,2.882,191.3683815,8.818,2011,1,7,1,1,Friday,1,January,2011-01,729572.08,788062.4275,173918.14052527622
7,2011-01-14,547384.9,0,11.32,2.911,191.4784939,8.818,2011,1,14,2,1,Friday,2,January,2011-01,661163.94,745811.45,213221.74936785427
7,2011-01-21,521539.46,0,25.4,2.973,191.5731924,8.818,2011,1,21,3,1,Friday,3,January,2011-01,547384.9,614915.095,97578.20166668961
7,2011-01-28,513372.17,0,10.11,3.008,191.667891,8.818,2011,1,28,4,1,Friday,4,January,2011-01,521539.46,560865.1174999999,68419.43549114032
7,2011-02-04,558027.77,0,-2.06,3.011,191.7625895,8.818,2011,2,4,5,1,Friday,5,February,2011-02,513372.17,535081.075,21075.948489222148
7,2011-02-11,559903.13,1,10.24,3.037,191.8572881,8.818,2011,2,11,6,1,Friday,6,February,2011-02,558027.77,538210.6325000001,24208.54255815636
7,2011-02-18,572387.47,0,17.3,3.051,191.9178331,8.818,2011,2,18,7,1,Friday,7,February,2011-02,559903.13,550922.635,25832.207268619783
7,2011-02-25,546690.84,0,17.46,3.101,191.9647167,8.818,2011,2,25,8,1,Friday,8,February,2011-02,572387.47,559252.3025,10523.719584354123
7,2011-03-04,551378.39,0,21.84,3.232,192.0116004,8.818,2011,3,4,9,1,Friday,9,March,2011-03,546690.84,557589.9575,11279.649466899209
7,2011-03-11,558963.83,0,20.7,3.372,192.058484,8.818,2011,3,11,10,1,Friday,10,March,2011-03,551378.39,557355.1325000001,11225.08595063395
7,2011-03-18,635014.69,0,27.69,3.406,192.1237981,8.818,2011,3,18,11,1,Friday,11,March,2011-03,558963.83,573011.9375,41643.33157080142
7,2011-03-25,559061.58,0,25.69,3.414,192.1964844,8.818,2011,3,25,12,1,Friday,12,March,2011-03,635014.69,576104.6224999999,39437.94573623865
7,2011-04-01,513409.67,0,24.83,3.461,192.2691707,8.595,2011,4,1,13,2,Friday,13,April,2011-04,559061.58,566612.4424999999,50414.67796322523
7,2011-04-08,500552.16,0,30.64,3.532,192.3418571,8.595,2011,4,8,14,2,Friday,14,April,2011-04,513409.67,552009.5249999999,60765.66496293931
7,2011-04-15,423380.14,0,27.79,3.611,192.4225954,8.595,2011,4,15,15,2,Friday,15,April,2011-04,500552.16,499100.88749999995,56378.96680955883
7,2011-04-22,466594.89,0,31.84,3.636,192.5234638,8.595,2011,4,22,16,2,Friday,16,April,2011-04,423380.14,475984.21499999997,40247.55368980605
7,2011-04-29,410429.73,0,26.79,3.663,192.6243322,8.595,2011,4,29,17,2,Friday,17,April,2011-04,466594.89,450239.23,41251.68903652632
7,2011-05-06,407012.47,0,26.54,3.735,192.7252006,8.595,2011,5,6,18,2,Friday,18,May,2011-05,410429.73,426854.3075,27415.622059253634
7,2011-05-13,414094.05,0,36.61,3.767,192.826069,8.595,2011,5,13,19,2,Friday,19,May,2011-05,407012.47,424532.785,28190.101474712304
7,2011-05-20,424670.98,0,36.16,3.828,192.831317,8.595,2011,5,20,20,2,Friday,20,May,2011-05,414094.05,414051.8075,7647.228841628645
7,2011-05-27,457216.87,0,37.51,3.795,192.8365651,8.595,2011,5,27,21,2,Friday,21,May,2011-05,424670.98,425748.59249999997,22198.231046164514
7,2011-06-03,542295.37,0,45.77,3.763,192.8418131,8.595,2011,6,3,22,2,Friday,22,June,2011-06,457216.87,459569.3175,58123.511266766196
7,2011-06-10,621099.95,0,53.3,3.735,192.8470612,8.595,2011,6,10,23,2,Friday,23,June,2011-06,542295.37,511320.7925,88404.96273566819
7,2011-06-17,610991.35,0,48.79,3.697,192.9034759,8.595,2011,6,17,24,2,Friday,24,June,2011-06,621099.95,557900.885,75704.51828375463
7,2011-06-24,640043.97,0,46.85,3.661,192.9982655,8.595,2011,6,24,25,2,Friday,25,June,2011-06,610991.35,603607.66,42611.81635384122
7,2011-07-01,704344.21,0,58.54,3.597,193.0930552,8.622,2011,7,1,26,3,Friday,26,July,2011-07,640043.97,644119.87,41916.582412542564
7,2011-07-08,761793.94,0,59.08,3.54,193.1878448,8.622,2011,7,8,27,3,Friday,27,July,2011-07,704344.21,679293.3674999999,67427.91205297412
7,2011-07-15,642748.21,0,54.37,3.532,193.3125484,8.622,2011,7,15,28,3,Friday,28,July,2011-07,761793.94,687232.5824999999,57901.72241057953
7,2011-07-22,688043.96,0,56.22,3.545,193.5120367,8.622,2011,7,22,29,3,Friday,29,July,2011-07,642748.21,699232.58,49178.99889894647
7,2011-07-29,653382.62,0,56.66,3.547,193.711525,8.622,2011,7,29,30,3,Friday,30,July,2011-07,688043.96,686492.1825,53797.586547540806
7,2011-08-05,695392.84,0,55.91,3.554,193.9110133,8.622,2011,8,5,31,3,Friday,31,August,2011-08,653382.62,669891.9075,25749.63725350627
7,2011-08-12,670670.46,0,54.56,3.542,194.1105017,8.622,2011,8,12,32,3,Friday,32,August,2011-08,695392.84,676872.47,18779.814294605298
7,2011-08-19,645156.21,0,56.06,3.499,194.2500634,8.622,2011,8,19,33,3,Friday,33,August,2011-08,670670.46,666150.5325,22206.031158009595
7,2011-08-26,629994.47,0,57.6,3.485,194.3796374,8.622,2011,8,26,34,3,Friday,34,August,2011-08,645156.21,660303.495,28791.27955453478
7,2011-09-02,592355.24,0,53.4,3.511,194.5092113,8.622,2011,9,2,35,3,Friday,35,September,2011-09,629994.47,634544.095,32753.268573473022
7,2011-09-09,613135.23,1,45.61,3.566,194.6387853,8.622,2011,9,9,36,3,Friday,36,September,2011-09,592355.24,620160.2875,22686.11459626769
7,2011-09-16,558981.45,0,43.67,3.596,194.7419707,8.622,2011,9,16,37,3,Friday,37,September,2011-09,613135.23,598616.5975,30580.555300092285
7,2011-09-23,536144.81,0,43.67,3.581,194.8099713,8.622,2011,9,23,38,3,Friday,38,September,2011-09,558981.45,575154.1825,34262.34457669251
7,2011-09-30,488880.26,0,47.34,3.538,194.8779718,8.622,2011,9,30,39,3,Friday,39,September,2011-09,536144.81,549285.4375,51614.824164489975
7,2011-10-07,525866.36,0,40.65,3.498,194.9459724,8.513,2011,10,7,40,4,Friday,40,October,2011-10,488880.26,527468.22,29211.661435588812
7,2011-10-14,501959.19,0,32.65,3.491,195.0261012,8.513,2011,10,14,41,4,Friday,41,October,2011-10,525866.36,513212.65499999997,21638.745374239494
7,2011-10-21,558691.43,0,37.49,3.548,195.1789994,8.513,2011,10,21,42,4,Friday,42,October,2011-10,501959.19,518849.31000000006,30659.71095924862
7,2011-10-28,527339.52,0,28.82,3.55,195.3318977,8.513,2011,10,28,43,4,Friday,43,October,2011-10,558691.43,528464.125,23268.10883533297
7,2011-11-04,564536.01,0,23.41,3.527,195.4847959,8.513,2011,11,4,44,4,Friday,44,November,2011-11,527339.52,538131.5375000001,29125.084909724963
7,2011-11-11,556015.59,0,19.53,3.505,195.6376941,8.513,2011,11,11,45,4,Friday,45,November,2011-11,564536.01,551645.6375000001,16590.044483746427
7,2011-11-18,539826.56,0,29.53,3.479,195.7184713,8.513,2011,11,18,46,4,Friday,46,November,2011-11,556015.59,546929.42,16600.856392435307
7,2011-11-25,949075.87,1,27.6,3.424,195.7704,8.513,2011,11,25,47,4,Friday,47,November,2011-11,539826.56,652363.5075000001,198073.53948861908
7,2011-12-02,591907.88,0,20.38,3.378,195.8223287,8.513,2011,12,2,48,4,Friday,48,December,2011-12,949075.87,659206.475,194467.89786417244
7,2011-12-09,653845.45,0,11.17,3.331,195.8742575,8.513,2011,12,9,49,4,Friday,49,December,2011-12,591907.88,683663.9400000001,182976.32029326737
7,2011-12-16,720242.19,0,15.2,3.266,195.9841685,8.513,2011,12,16,50,4,Friday,50,December,2011-12,653845.45,728767.8475,155940.50998689316
7,2011-12-23,1059715.27,0,12.19,3.173,196.1713893,8.513,2011,12,23,51,4,Friday,51,December,2011-12,720242.19,756427.6975,208872.07443661138
7,2011-12-30,815915.52,1,15.56,3.119,196.3586101,8.513,2011,12,30,52,4,Friday,52,December,2011-12,1059715.27,812429.6075,177773.08140747462
7,2012-01-06,713117.66,0,18.67,3.095,196.5458309,8.256,2012,1,6,1,1,Friday,1,January,2012-01,815915.52,827247.66,161910.9164592397
7,2012-01-13,593875.46,0,7.46,3.077,196.7330517,8.256,2012,1,13,2,1,Friday,2,January,2012-01,713117.66,795655.9775,198045.20537511006
7,2012-01-20,578002.85,0,27.41,3.055,196.7796652,8.256,2012,1,20,3,1,Friday,3,January,2012-01,593875.46,675227.8725,111504.21542939563
7,2012-01-27,541037.98,0,26.9,3.038,196.8262786,8.256,2012,1,27,4,1,Friday,4,January,2012-01,578002.85,606508.4875,74440.28426987553
7,2012-02-03,580453.32,0,22.2,3.031,196.8728921,8.256,2012,2,3,5,1,Friday,5,February,2012-02,541037.98,573342.4025,22638.220498006125
7,2012-02-10,563460.77,1,18.79,3.103,196.9195056,8.256,2012,2,10,6,1,Friday,6,February,2012-02,580453.32,565738.73,18094.602791686793
7,2012-02-17,620908.18,0,27.03,3.113,196.9432711,8.256,2012,2,17,7,1,Friday,7,February,2012-02,563460.77,576465.0625,33740.61197277766
7,2012-02-24,603041.14,0,24.41,3.129,196.9499007,8.256,2012,2,24,8,1,Friday,8,February,2012-02,620908.18,591965.8525,25201.841514860516
7,2012-03-02,551058.13,0,21.64,3.191,196.9565303,8.256,2012,3,2,9,1,Friday,9,March,2012-03,603041.14,584617.055,32814.03411148888
7,2012-03-09,579166.5,0,30.1,3.286,196.9631599,8.256,2012,3,9,10,1,Friday,10,March,2012-03,551058.13,588543.4875,30280.550248789747
7,2012-03-16,669205.73,0,37.29,3.486,197.0457208,8.256,2012,3,16,11,1,Friday,11,March,2012-03,579166.5,600617.875,50419.88986044119
7,2012-03-23,615997.29,0,35.06,3.664,197.2295234,8.256,2012,3,23,12,1,Friday,12,March,2012-03,669205.73,603856.9125,51039.803478570975
7,2012-03-30,583322.2,0,44.99,3.75,197.4133259,8.256,2012,3,30,13,1,Friday,13,March,2012-03,615997.29,611922.9299999999,41588.88091837195
7,2012-04-06,621425.98,0,44.29,3.854,197.5971285,8.09,2012,4,6,14,2,Friday,14,April,2012-04,583322.2,622487.8,35401.334196220974
7,2012-04-13,517420.23,0,41.43,3.901,197.780931,8.09,2012,4,13,15,2,Friday,15,April,2012-04,621425.98,584541.425,47807.541832766176
7,2012-04-20,457340.06,0,39.3,3.936,197.7227385,8.09,2012,4,20,16,2,Friday,16,April,2012-04,517420.23,544877.1174999999,72466.93458725806
7,2012-04-27,467827.75,0,51.49,3.927,197.664546,8.09,2012,4,27,17,2,Friday,17,April,2012-04,457340.06,516003.505,75007.12964765292
7,2012-05-04,465198.89,0,45.38,3.903,197.6063534,8.09,2012,5,4,18,2,Friday,18,May,2012-05,467827.75,476946.7325,27347.719293358623
7,2012-05-11,460397.41,0,48.54,3.87,197.5481609,8.09,2012,5,11,19,2,Friday,19,May,2012-05,465198.89,462691.02749999997,4710.584775567291
7,2012-05-18,468428.3,0,49.41,3.837,197.5553137,8.09,2012,5,18,20,2,Friday,20,May,2012-05,460397.41,465463.08749999997,3656.7290831296973
7,2012-05-25,532739.77,0,50.6,3.804,197.5886046,8.09,2012,5,25,21,2,Friday,21,May,2012-05,468428.3,481691.09249999997,34192.020497522644
7,2012-06-01,598495.02,0,55.06,3.764,197.6218954,8.09,2012,6,1,22,2,Friday,22,June,2012-06,532739.77,515015.125,64385.51329035919
7,2012-06-08,642963.75,0,63.07,3.741,197.6551863,8.09,2012,6,8,23,2,Friday,23,June,2012-06,598495.02,560656.71,76357.97641659003
7,2012-06-15,666942.02,0,59.33,3.723,197.692292,8.09,2012,6,15,24,2,Friday,24,June,2012-06,642963.75,610285.14,58963.78815543757
7,2012-06-22,687344.68,0,63.69,3.735,197.7389345,8.09,2012,6,22,25,2,Friday,25,June,2012-06,666942.02,648936.3675,38207.34522953075
7,2012-06-29,704335.41,0,68.84,3.693,197.785577,8.09,2012,6,29,26,2,Friday,26,June,2012-06,687344.68,675396.4650000001,26480.06181972051
7,2012-07-06,805642.61,0,64.67,3.646,197.8322195,7.872,2012,7,6,27,3,Friday,27,July,2012-07,704335.41,716066.18,61643.20842367398
7,2012-07-13,694150.89,0,64.21,3.613,197.8788621,7.872,2012,7,13,28,3,Friday,28,July,2012-07,805642.61,722868.3975,55622.75200761766
7,2012-07-20,686345.69,0,62.87,3.585,197.9290378,7.872,2012,7,20,29,3,Friday,29,July,2012-07,694150.89,722618.6499999999,55837.250963726525
7,2012-07-27,686365.4,0,64.6,3.57,197.9792136,7.872,2012,7,27,30,3,Friday,30,July,2012-07,686345.69,718126.1475,58459.920006141554
7,2012-08-03,680954.81,0,61.83,3.528,198.0293893,7.872,2012,8,3,31,3,Friday,31,August,2012-08,686365.4,686954.1975,5431.451530619403
7,2012-08-10,675926.3,0,63.41,3.509,198.0795651,7.872,2012,8,10,32,3,Friday,32,August,2012-08,680954.81,682398.05,5009.664571350352
7,2012-08-17,642450.4,0,59.66,3.545,198.1001057,7.872,2012,8,17,33,3,Friday,33,August,2012-08,675926.3,671424.2275,19780.646899256568
7,2012-08-24,609099.37,0,59.27,3.558,198.0984199,7.872,2012,8,24,34,3,Friday,34,August,2012-08,642450.4,652107.7200000001,33378.942234036964
7,2012-08-31,586467.16,0,60.46,3.556,198.0967341,7.872,2012,8,31,35,3,Friday,35,August,2012-08,609099.37,628485.8075000001,39102.4759190702
7,2012-09-07,597876.55,1,57.84,3.596,198.0950484,7.872,2012,9,7,36,3,Friday,36,September,2012-09,586467.16,608973.37,24155.02926443759
7,2012-09-14,541120.2,0,53.66,3.659,198.1267184,7.872,2012,9,14,37,3,Friday,37,September,2012-09,597876.55,583640.8200000001,29814.901753516413
7,2012-09-21,530842.25,0,51.77,3.765,198.358523,7.872,2012,9,21,38,3,Friday,38,September,2012-09,541120.2,564076.54,33041.8528434484
7,2012-09-28,525545.76,0,50.64,3.789,198.5903276,7.872,2012,9,28,39,3,Friday,39,September,2012-09,530842.25,548846.19,33320.25918725867
7,2012-10-05,505830.56,0,48.43,3.779,198.8221322,7.557,2012,10,5,40,4,Friday,40,October,2012-10,525545.76,525834.6925,14820.831856045781
7,2012-10-12,503463.93,0,41.43,3.76,199.0539368,7.557,2012,10,12,41,4,Friday,41,October,2012-10,505830.56,516420.625,13799.477990563788
7,2012-10-19,516424.83,0,43.01,3.75,199.1481963,7.557,2012,10,19,42,4,Friday,42,October,2012-10,503463.93,512816.27,10187.051071719428
7,2012-10-26,495543.28,0,42.53,3.686,199.2195317,7.557,2012,10,26,43,4,Friday,43,October,2012-10,516424.83,505315.65,8614.079462443113
8,2010-02-26,847592.11,0,37.91,2.561,214.6940735,6.299,2010,2,26,8,1,Friday,8,February,2010-02,963960.37,952622.7424999999,72094.2501348799
8,2010-03-05,881503.95,0,45.64,2.625,214.7216592,6.299,2010,3,5,9,1,Friday,9,March,2010-03,847592.11,921964.4575,68889.22411929246
8,2010-03-12,860336.16,0,49.76,2.667,214.7492449,6.299,2010,3,12,10,1,Friday,10,March,2010-03,881503.95,888348.1475,52312.44997515764
8,2010-03-19,839911.0,0,47.26,2.72,214.5764954,6.299,2010,3,19,11,1,Friday,11,March,2010-03,860336.16,857335.805,18181.169603082224
8,2010-03-26,772539.12,0,46.51,2.732,214.3703567,6.299,2010,3,26,12,1,Friday,12,March,2010-03,839911.0,838572.5575000001,47183.91375655932
8,2010-04-02,914500.91,0,60.18,2.719,214.164218,6.29,2010,4,2,13,2,Friday,13,April,2010-04,772539.12,846821.7975,58676.444908282414
8,2010-04-09,916033.92,0,59.25,2.77,213.9580793,6.29,2010,4,9,14,2,Friday,14,April,2010-04,914500.91,860746.2375,68704.42817156044
8,2010-04-16,882917.12,0,62.66,2.808,213.8186357,6.29,2010,4,16,15,2,Friday,15,April,2010-04,916033.92,871497.7675,67714.9778383068
8,2010-04-23,850440.26,0,56.1,2.795,213.768119,6.29,2010,4,23,16,2,Friday,16,April,2010-04,882917.12,890973.0525000001,31034.456521129134
8,2010-04-30,778672.64,0,61.01,2.78,213.7176024,6.29,2010,4,30,17,2,Friday,17,April,2010-04,850440.26,857015.9850000001,58693.85348574172
8,2010-05-07,916820.96,0,62.68,2.835,213.6670857,6.29,2010,5,7,18,2,Friday,18,May,2010-05,778672.64,857212.7450000001,58958.371857079896
8,2010-05-14,873337.84,0,61.35,2.854,213.6655355,6.29,2010,5,14,19,2,Friday,19,May,2010-05,916820.96,854817.925,57748.39674369592
8,2010-05-21,818333.21,0,66.03,2.826,213.9577839,6.29,2010,5,21,20,2,Friday,20,May,2010-05,873337.84,846791.1625,60714.87130364713
8,2010-05-28,868041.56,0,74.71,2.759,214.2500323,6.29,2010,5,28,21,2,Friday,21,May,2010-05,818333.21,869133.3925,40305.63282838064
8,2010-06-04,958225.41,0,75.71,2.705,214.5422806,6.29,2010,6,4,22,2,Friday,22,June,2010-06,868041.56,879484.5050000001,58046.91631571635
8,2010-06-11,914835.86,0,82.21,2.668,214.834529,6.29,2010,6,11,23,2,Friday,23,June,2010-06,958225.41,889859.01,60248.786640686856
8,2010-06-18,869922.56,0,78.79,2.637,214.8324452,6.29,2010,6,18,24,2,Friday,24,June,2010-06,914835.86,902756.3475,42840.423237995965
8,2010-06-25,814919.11,0,81.78,2.653,214.7126286,6.29,2010,6,25,25,2,Friday,25,June,2010-06,869922.56,889475.735,61402.14637017318
8,2010-07-02,852333.75,0,74.78,2.669,214.5928119,6.315,2010,7,2,26,3,Friday,26,July,2010-07,814919.11,863002.8200000001,41474.56674211408
8,2010-07-09,845289.77,0,72.49,2.642,214.4729952,6.315,2010,7,9,27,3,Friday,27,July,2010-07,852333.75,845616.2975,22937.17873836503
8,2010-07-16,848630.57,0,77.49,2.623,214.4640599,6.315,2010,7,16,28,3,Friday,28,July,2010-07,845289.77,840293.2999999999,17159.02811809223
8,2010-07-23,785515.88,0,78.29,2.608,214.6029664,6.315,2010,7,23,29,3,Friday,29,July,2010-07,848630.57,832942.4924999999,31748.36204680233
8,2010-07-30,787295.09,0,76.02,2.64,214.7418728,6.315,2010,7,30,30,3,Friday,30,July,2010-07,785515.88,816682.8275,34995.39561085777
8,2010-08-06,893399.77,0,80.37,2.627,214.8807793,6.315,2010,8,6,31,3,Friday,31,August,2010-08,787295.09,828710.3275,52161.67885920122
8,2010-08-13,867919.21,0,80.11,2.692,215.0196857,6.315,2010,8,13,32,3,Friday,32,August,2010-08,893399.77,833532.4875,55407.670111663894
8,2010-08-20,870676.44,0,79.36,2.664,214.9779825,6.315,2010,8,20,33,3,Friday,33,August,2010-08,867919.21,854822.6275000001,46443.61487597516
8,2010-08-27,888816.78,0,74.92,2.619,214.9362793,6.315,2010,8,27,34,3,Friday,34,August,2010-08,870676.44,880203.0499999999,12780.177183291999
8,2010-09-03,899036.47,0,76.14,2.577,214.894576,6.315,2010,9,3,35,3,Friday,35,September,2010-09,888816.78,881612.225,14861.583360289585
8,2010-09-10,831425.2,1,74.34,2.565,214.8528728,6.315,2010,9,10,36,3,Friday,36,September,2010-09,899036.47,872488.7224999999,29781.90506003546
8,2010-09-17,836707.85,0,75.32,2.582,214.8785562,6.315,2010,9,17,37,3,Friday,37,September,2010-09,831425.2,863996.575,34877.909911429306
8,2010-09-24,773725.08,0,72.21,2.624,214.9547795,6.315,2010,9,24,38,3,Friday,38,September,2010-09,836707.85,835223.65,51221.0281702085
8,2010-10-01,804105.49,0,68.7,2.603,215.0310029,6.433,2010,10,1,39,4,Friday,39,October,2010-10,773725.08,811490.9049999999,28948.646053157703
8,2010-10-08,870349.86,0,62.94,2.633,215.1072262,6.433,2010,10,8,40,4,Friday,40,October,2010-10,804105.49,821222.0700000001,41642.488328025
8,2010-10-15,826546.96,0,62.59,2.72,215.1757,6.433,2010,10,15,41,4,Friday,41,October,2010-10,870349.86,818681.8474999999,40681.79221041757
8,2010-10-22,836419.14,0,62.86,2.725,215.2248,6.433,2010,10,22,42,4,Friday,42,October,2010-10,826546.96,834355.3624999999,27543.232464106015
8,2010-10-29,830756.76,0,57.93,2.716,215.2739,6.433,2010,10,29,43,4,Friday,43,October,2010-10,836419.14,841018.18,19968.404787303913
8,2010-11-05,927266.34,0,55.76,2.689,215.323,6.433,2010,11,5,44,4,Friday,44,November,2010-11,830756.76,855247.3,48182.76938600368
8,2010-11-12,911538.98,0,54.89,2.728,215.3721,6.433,2010,11,12,45,4,Friday,45,November,2010-11,927266.34,876495.305,50012.90051010543
8,2010-11-19,885608.04,0,43.86,2.771,215.2538714,6.433,2010,11,19,46,4,Friday,46,November,2010-11,911538.98,888792.53,42331.73206776683
8,2010-11-26,1261693.16,1,51.07,2.735,215.1077548,6.433,2010,11,26,47,4,Friday,47,November,2010-11,885608.04,996526.6299999999,177610.16361987416
8,2010-12-03,952766.93,0,42.85,2.708,214.9616381,6.433,2010,12,3,48,4,Friday,48,December,2010-12,1261693.16,1002901.7775,174729.75725755692
8,2010-12-10,1069061.63,0,42.47,2.843,214.8155214,6.433,2010,12,10,49,4,Friday,49,December,2010-12,952766.93,1042282.44,164740.28369314567
8,2010-12-17,1220579.55,0,45.03,2.869,214.7510843,6.433,2010,12,17,50,4,Friday,50,December,2010-12,1069061.63,1126025.3175,142137.9575212832
8,2010-12-24,1511641.09,0,45.67,2.886,214.7479069,6.433,2010,12,24,51,4,Friday,51,December,2010-12,1220579.55,1188512.2999999998,241719.44170140172
8,2010-12-31,773586.49,1,41.47,2.943,214.7447295,6.433,2010,12,31,52,4,Friday,52,December,2010-12,1511641.09,1143717.19,307596.05887016986
8,2011-01-07,873065.23,0,35.77,2.976,214.7415521,6.262,2011,1,7,1,1,Friday,1,January,2011-01,773586.49,1094718.09,337600.0542590157
8,2011-01-14,809646.66,0,31.62,2.983,214.7930991,6.262,2011,1,14,2,1,Friday,2,January,2011-01,873065.23,991984.8675,348869.3848109187
8,2011-01-21,822668.23,0,42.06,3.016,215.1729926,6.262,2011,1,21,3,1,Friday,3,January,2011-01,809646.66,819741.6525,41167.0445552387
8,2011-01-28,782256.66,0,39.26,3.01,215.5528862,6.262,2011,1,28,4,1,Friday,4,January,2011-01,822668.23,821909.1950000001,38035.988868462635
8,2011-02-04,944594.78,0,24.48,2.989,215.9327797,6.262,2011,2,4,5,1,Friday,5,February,2011-02,782256.66,839791.5825,71870.02867833896
8,2011-02-11,996147.39,1,28.26,3.022,216.3126733,6.262,2011,2,11,6,1,Friday,6,February,2011-02,944594.78,886416.765,100562.90681374275
8,2011-02-18,1065108.64,0,50.64,3.045,216.6310383,6.262,2011,2,18,7,1,Friday,7,February,2011-02,996147.39,947026.8675,120431.53941363777
8,2011-02-25,917317.15,0,51.29,3.065,216.9247918,6.262,2011,2,25,8,1,Friday,8,February,2011-02,1065108.64,980791.99,65024.04453019017
8,2011-03-04,935266.43,0,53.18,3.288,217.2185454,6.262,2011,3,4,9,1,Friday,9,March,2011-03,917317.15,978459.9025,66895.34905181211
8,2011-03-11,900387.29,0,49.14,3.459,217.512299,6.262,2011,3,11,10,1,Friday,10,March,2011-03,935266.43,954519.8775000001,75088.72439721198
8,2011-03-18,898289.14,0,56.68,3.488,217.7705442,6.262,2011,3,18,11,1,Friday,11,March,2011-03,900387.29,912815.0025000001,17221.930285263745
8,2011-03-25,827968.36,0,59.74,3.473,218.0145862,6.262,2011,3,25,12,1,Friday,12,March,2011-03,898289.14,890477.805,44991.35654414267
8,2011-04-01,878762.3,0,49.86,3.524,218.2586281,6.297,2011,4,1,13,2,Friday,13,April,2011-04,827968.36,876351.7725,33693.320021910855
8,2011-04-08,949825.83,0,65.62,3.622,218.50267,6.297,2011,4,8,14,2,Friday,14,April,2011-04,878762.3,888711.4075,50383.22524076266
8,2011-04-15,908278.74,0,63.55,3.743,218.7262524,6.297,2011,4,15,15,2,Friday,15,April,2011-04,949825.83,891208.8075,51256.24407903315
8,2011-04-22,937473.13,0,65.11,3.807,218.8986857,6.297,2011,4,22,16,2,Friday,16,April,2011-04,908278.74,918585.0,31753.306098020374
8,2011-04-29,855014.77,0,62.29,3.81,219.071119,6.297,2011,4,29,17,2,Friday,17,April,2011-04,937473.13,912648.1175,42186.71890595987
8,2011-05-06,941457.34,0,58.92,3.906,219.2435524,6.297,2011,5,6,18,2,Friday,18,May,2011-05,855014.77,910555.995,39872.458515677405
8,2011-05-13,895763.41,0,72.96,3.899,219.4159857,6.297,2011,5,13,19,2,Friday,19,May,2011-05,941457.34,907427.1625,40595.21791889706
8,2011-05-20,836049.89,0,65.54,3.907,219.1746922,6.297,2011,5,20,20,2,Friday,20,May,2011-05,895763.41,882071.3525,46776.78062583342
8,2011-05-27,857939.41,0,73.14,3.786,218.9333986,6.297,2011,5,27,21,2,Friday,21,May,2011-05,836049.89,882802.5125,46232.583133592525
8,2011-06-03,929222.16,0,82.05,3.699,218.6921051,6.297,2011,6,3,22,2,Friday,22,June,2011-06,857939.41,879743.7175,41187.883360583306
8,2011-06-10,897309.41,0,82.21,3.648,218.4508115,6.297,2011,6,10,23,2,Friday,23,June,2011-06,929222.16,880130.2175,41395.05076449376
8,2011-06-17,922048.41,0,84.73,3.637,218.4021448,6.297,2011,6,17,24,2,Friday,24,June,2011-06,897309.41,901629.8475,32175.424953408383
8,2011-06-24,864881.24,0,83.94,3.594,218.4979481,6.297,2011,6,24,25,2,Friday,25,June,2011-06,922048.41,903365.305,29070.78995663097
8,2011-07-01,883683.35,0,87.26,3.524,218.5937514,6.425,2011,7,1,26,3,Friday,26,July,2011-07,864881.24,891980.6025,24053.337150207364
8,2011-07-08,861965.12,0,83.57,3.48,218.6895548,6.425,2011,7,8,27,3,Friday,27,July,2011-07,883683.35,883144.53,27664.16078382135
8,2011-07-15,849925.37,0,84.26,3.575,218.7746217,6.425,2011,7,15,28,3,Friday,28,July,2011-07,861965.12,865113.77,13970.025804797671
8,2011-07-22,829902.42,0,85.46,3.651,218.8328475,6.425,2011,7,22,29,3,Friday,29,July,2011-07,849925.37,856369.0650000001,22504.743940138724
8,2011-07-29,807082.19,0,86.46,3.682,218.8910733,6.425,2011,7,29,30,3,Friday,30,July,2011-07,829902.42,837218.775,24052.5948239937
8,2011-08-05,892393.77,0,85.15,3.684,218.9492991,6.425,2011,8,5,31,3,Friday,31,August,2011-08,807082.19,844825.9375,36221.5624110235
8,2011-08-12,856796.1,0,86.05,3.638,219.0075249,6.425,2011,8,12,32,3,Friday,32,August,2011-08,892393.77,846543.6199999999,36703.694619925016
8,2011-08-19,895066.5,0,82.92,3.554,219.0701968,6.425,2011,8,19,33,3,Friday,33,August,2011-08,856796.1,862834.6399999999,41058.63535543184
8,2011-08-26,912542.82,0,84.69,3.523,219.1336097,6.425,2011,8,26,34,3,Friday,34,August,2011-08,895066.5,889199.7975,23377.45330912983
8,2011-09-02,891387.14,0,84.77,3.533,219.1970226,6.425,2011,9,2,35,3,Friday,35,September,2011-09,912542.82,888948.1399999999,23336.992455141255
8,2011-09-09,848358.09,1,69.01,3.546,219.2604355,6.425,2011,9,9,36,3,Friday,36,September,2011-09,891387.14,886838.6375000001,27263.187207935647
8,2011-09-16,870971.82,0,69.09,3.526,219.4442443,6.425,2011,9,16,37,3,Friday,37,September,2011-09,848358.09,880814.9674999999,27500.08427495351
8,2011-09-23,806444.29,0,68.72,3.467,219.788581,6.425,2011,9,23,38,3,Friday,38,September,2011-09,870971.82,854290.335,36418.31240779676
8,2011-09-30,809049.37,0,72.2,3.355,220.1329176,6.425,2011,9,30,39,3,Friday,39,September,2011-09,806444.29,833705.8925000001,31382.454315936993
8,2011-10-07,929976.55,0,67.61,3.285,220.4772543,6.123,2011,10,7,40,4,Friday,40,October,2011-10,809049.37,854110.5075,58715.51375739925
8,2011-10-14,863188.26,0,61.74,3.274,220.7960935,6.123,2011,10,14,41,4,Friday,41,October,2011-10,929976.55,852164.6175,58096.15720810406
8,2011-10-21,905984.49,0,59.97,3.353,220.9619484,6.123,2011,10,21,42,4,Friday,42,October,2011-10,863188.26,877049.6675,53086.9033511569
8,2011-10-28,876712.31,0,56.86,3.372,221.1278032,6.123,2011,10,28,43,4,Friday,43,October,2011-10,905984.49,893965.4025,29923.02853365961
8,2011-11-04,947815.05,0,49.68,3.332,221.2936581,6.123,2011,11,4,44,4,Friday,44,November,2011-11,876712.31,898425.0275000001,37459.274245165776
8,2011-11-11,917088.48,0,50.56,3.297,221.4595129,6.123,2011,11,11,45,4,Friday,45,November,2011-11,947815.05,911900.0825,29382.409291287477
8,2011-11-18,897032.19,0,51.72,3.308,221.6911738,6.123,2011,11,18,46,4,Friday,46,November,2011-11,917088.48,909662.0075000001,30309.525462166814
8,2011-11-25,1235163.86,1,49.61,3.236,221.9491571,6.123,2011,11,25,47,4,Friday,47,November,2011-11,897032.19,999274.895,158639.9455711631
8,2011-12-02,986601.46,0,40.82,3.172,222.2071405,6.123,2011,12,2,48,4,Friday,48,December,2011-12,1235163.86,1008971.4974999999,155602.3788373943
8,2011-12-09,1051922.95,0,30.51,3.158,222.4651238,6.123,2011,12,9,49,4,Friday,49,December,2011-12,986601.46,1042680.115,143170.70893572827
8,2011-12-16,1118163.94,0,39.79,3.159,222.6910959,6.123,2011,12,16,50,4,Friday,50,December,2011-12,1051922.95,1097963.0525,106071.09684355791
8,2011-12-23,1462254.05,0,38.16,3.112,222.8743862,6.123,2011,12,23,51,4,Friday,51,December,2011-12,1118163.94,1154735.6,211931.28873852818
8,2011-12-30,858572.22,1,36.33,3.129,223.0576765,6.123,2011,12,30,52,4,Friday,52,December,2011-12,1462254.05,1122728.29,251721.00990637802
8,2012-01-06,872113.23,0,43.47,3.157,223.2409668,5.825,2012,1,6,1,1,Friday,1,January,2012-01,858572.22,1077775.8599999999,282726.03273577354
8,2012-01-13,817661.76,0,36.46,3.261,223.4242571,5.825,2012,1,13,2,1,Friday,2,January,2012-01,872113.23,1002650.3150000001,307275.5477450517
8,2012-01-20,813954.82,0,46.81,3.268,223.5188055,5.825,2012,1,20,3,1,Friday,3,January,2012-01,817661.76,840575.5075,29167.392917212517
8,2012-01-27,778178.53,0,45.52,3.29,223.6133539,5.825,2012,1,27,4,1,Friday,4,January,2012-01,813954.82,820477.085,38755.32316613642
8,2012-02-03,927610.69,0,45.56,3.36,223.7079023,5.825,2012,2,3,5,1,Friday,5,February,2012-02,778178.53,834351.4500000001,64671.60905775448
8,2012-02-10,1021400.42,1,35.71,3.409,223.8024507,5.825,2012,2,10,6,1,Friday,6,February,2012-02,927610.69,885286.115,110873.29417774297
8,2012-02-17,1096232.89,0,37.51,3.51,223.9658621,5.825,2012,2,17,7,1,Friday,7,February,2012-02,1021400.42,955855.6325000001,137075.18997648128
8,2012-02-24,928537.54,0,46.33,3.555,224.1809207,5.825,2012,2,24,8,1,Friday,8,February,2012-02,1096232.89,993445.385,81432.9797528072
8,2012-03-02,952264.91,0,50.95,3.63,224.3959793,5.825,2012,3,2,9,1,Friday,9,March,2012-03,928537.54,999608.94,75506.41780403792
8,2012-03-09,960115.56,0,49.59,3.669,224.6110379,5.825,2012,3,9,10,1,Friday,10,March,2012-03,952264.91,984287.725,75827.7814870049
8,2012-03-16,921178.39,0,56.63,3.734,224.7657327,5.825,2012,3,16,11,1,Friday,11,March,2012-03,960115.56,940524.1,18615.459887106597
8,2012-03-23,874223.25,0,52.9,3.787,224.8399424,5.825,2012,3,23,12,1,Friday,12,March,2012-03,921178.39,926945.5275000001,38962.463157776656
8,2012-03-30,905935.29,0,66.69,3.845,224.9141521,5.825,2012,3,30,13,1,Friday,13,March,2012-03,874223.25,915363.1225,35674.31911638171
8,2012-04-06,1046816.59,0,62.18,3.891,224.9883618,5.679,2012,4,6,14,2,Friday,14,April,2012-04,905935.29,937038.38,75753.85015093118
8,2012-04-13,909989.45,0,65.19,3.891,225.0625714,5.679,2012,4,13,15,2,Friday,15,April,2012-04,1046816.59,934241.145,76734.92180842023
8,2012-04-20,872288.46,0,63.59,3.877,225.1179914,5.679,2012,4,20,16,2,Friday,16,April,2012-04,909989.45,933757.4475,77243.76194926741
8,2012-04-27,879448.25,0,70.34,3.814,225.1734114,5.679,2012,4,27,17,2,Friday,17,April,2012-04,872288.46,927135.6875,81444.91378302696
8,2012-05-04,937232.09,0,73.96,3.749,225.2288314,5.679,2012,5,4,18,2,Friday,18,May,2012-05,879448.25,899739.5625,29866.6492012919
8,2012-05-11,920128.89,0,64.96,3.688,225.2842514,5.679,2012,5,11,19,2,Friday,19,May,2012-05,937232.09,902274.4225,31416.623120042103
8,2012-05-18,913922.01,0,64.16,3.63,225.3002908,5.679,2012,5,18,20,2,Friday,20,May,2012-05,920128.89,912682.8099999999,24249.968047528204
8,2012-05-25,895157.44,0,76.11,3.561,225.3005779,5.679,2012,5,25,21,2,Friday,21,May,2012-05,913922.01,916610.1074999999,17369.425278802366
8,2012-06-01,921161.2,0,78.31,3.501,225.300865,5.679,2012,6,1,22,2,Friday,22,June,2012-06,895157.44,912592.385,12054.994924828445
8,2012-06-08,928820.0,0,74.28,3.452,225.3011521,5.679,2012,6,8,23,2,Friday,23,June,2012-06,921161.2,914765.1625,14417.829709866113
8,2012-06-15,916918.7,0,77.14,3.393,225.3134743,5.679,2012,6,15,24,2,Friday,24,June,2012-06,928820.0,915514.335,14437.257594094513
8,2012-06-22,899449.65,0,78.85,3.346,225.3558843,5.679,2012,6,22,25,2,Friday,25,June,2012-06,916918.7,916587.3875,12441.4412877808
8,2012-06-29,878298.22,0,84.47,3.286,225.3982943,5.679,2012,6,29,26,2,Friday,26,June,2012-06,899449.65,905871.6425,21986.360979705052
8,2012-07-06,936205.5,0,81.24,3.227,225.4407043,5.401,2012,7,6,27,3,Friday,27,July,2012-07,878298.22,907718.0175,24698.715241281217
8,2012-07-13,890488.01,0,78.46,3.256,225.4831143,5.401,2012,7,13,28,3,Friday,28,July,2012-07,936205.5,901110.345,24950.98435082215
8,2012-07-20,888834.07,0,79.94,3.311,225.4930078,5.401,2012,7,20,29,3,Friday,29,July,2012-07,890488.01,898456.45,25738.630147008054
8,2012-07-27,838227.52,0,81.71,3.407,225.5029014,5.401,2012,7,27,30,3,Friday,30,July,2012-07,888834.07,888438.775,40029.92950332253
8,2012-08-03,897076.73,0,85.06,3.417,225.5127949,5.401,2012,8,3,31,3,Friday,31,August,2012-08,838227.52,878656.5825,27186.85256425177
8,2012-08-10,930745.69,0,83.74,3.494,225.5226885,5.401,2012,8,10,32,3,Friday,32,August,2012-08,897076.73,888721.0025000001,38233.91644759178
8,2012-08-17,896613.19,0,81.21,3.571,225.6050797,5.401,2012,8,17,33,3,Friday,33,August,2012-08,930745.69,890665.7825,38438.87902912141
8,2012-08-24,936373.65,0,73.77,3.62,225.7418442,5.401,2012,8,24,34,3,Friday,34,August,2012-08,896613.19,915202.315,21322.24450294986
8,2012-08-31,976137.73,0,75.33,3.638,225.8786088,5.401,2012,8,31,35,3,Friday,35,August,2012-08,936373.65,934967.565,32587.5327454674
8,2012-09-07,932160.37,1,80.87,3.73,226.0153733,5.401,2012,9,7,36,3,Friday,36,September,2012-09,976137.73,935321.235,32534.072686377738
8,2012-09-14,883569.38,0,67.21,3.717,226.1615981,5.401,2012,9,14,37,3,Friday,37,September,2012-09,932160.37,932060.2825,37915.71424478904
8,2012-09-21,857796.45,0,66.96,3.721,226.3645848,5.401,2012,9,21,38,3,Friday,38,September,2012-09,883569.38,912415.9824999999,52490.385622878544
8,2012-09-28,884724.41,0,71.1,3.666,226.5675714,5.401,2012,9,28,39,3,Friday,39,September,2012-09,857796.45,889562.6525,30999.919694674878
8,2012-10-05,976436.02,0,61.41,3.617,226.7705581,5.124,2012,10,5,40,4,Friday,40,October,2012-10,884724.41,900631.565,52042.669070928416
8,2012-10-12,927511.99,0,55.03,3.601,226.9735448,5.124,2012,10,12,41,4,Friday,41,October,2012-10,976436.02,911617.2175,51878.123391534646
8,2012-10-19,900309.75,0,62.99,3.594,227.0184166,5.124,2012,10,19,42,4,Friday,42,October,2012-10,927511.99,922245.5425,40221.7093024562
8,2012-10-26,891671.44,0,64.74,3.506,227.0369359,5.124,2012,10,26,43,4,Friday,43,October,2012-10,900309.75,923982.3,38158.584664426475
9,2010-02-26,473773.27,0,43.83,2.561,214.8780453,6.415,2010,2,26,8,1,Friday,8,February,2010-02,511327.9,521821.05000000005,37135.9940957817
9,2010-03-05,507297.88,0,48.43,2.625,214.9054721,6.415,2010,3,5,9,1,Friday,9,March,2010-03,473773.27,511269.1325,32333.49783809084
9,2010-03-12,494145.8,0,55.76,2.667,214.932899,6.415,2010,3,12,10,1,Friday,10,March,2010-03,507297.88,496636.2125,16915.802568965693
9,2010-03-19,485744.61,0,53.15,2.72,214.7597274,6.415,2010,3,19,11,1,Friday,11,March,2010-03,494145.8,490240.39,14113.68450914459
9,2010-03-26,484946.56,0,51.8,2.732,214.5531227,6.415,2010,3,26,12,1,Friday,12,March,2010-03,485744.61,493033.7125,10380.049195282903
9,2010-04-02,545206.32,0,65.21,2.719,214.3465181,6.384,2010,4,2,13,2,Friday,13,April,2010-04,484946.56,502510.8225,28766.231979887303
9,2010-04-09,529384.31,0,64.95,2.77,214.1399135,6.384,2010,4,9,14,2,Friday,14,April,2010-04,545206.32,511320.44999999995,30682.57317107003
9,2010-04-16,485764.32,0,66.09,2.808,214.0001817,6.384,2010,4,16,15,2,Friday,15,April,2010-04,529384.31,511325.3775,30677.097760079778
9,2010-04-23,488683.57,0,61.26,2.795,213.9496138,6.384,2010,4,23,16,2,Friday,16,April,2010-04,485764.32,512259.63,29645.52301319824
9,2010-04-30,491723.42,0,66.07,2.78,213.8990459,6.384,2010,4,30,17,2,Friday,17,April,2010-04,488683.57,498888.905,20475.330646770275
9,2010-05-07,526128.61,0,68.58,2.835,213.848478,6.384,2010,5,7,18,2,Friday,18,May,2010-05,491723.42,498074.98000000004,18860.005320202563
9,2010-05-14,492792.8,0,70.53,2.854,213.8469819,6.384,2010,5,14,19,2,Friday,19,May,2010-05,526128.61,499832.10000000003,17617.21312782291
9,2010-05-21,506274.94,0,71.5,2.826,214.1399162,6.384,2010,5,21,20,2,Friday,20,May,2010-05,492792.8,504229.9425,16030.751559205242
9,2010-05-28,558143.53,0,77.12,2.759,214.4328505,6.384,2010,5,28,21,2,Friday,21,May,2010-05,506274.94,520834.97000000003,28391.953353212695
9,2010-06-04,586061.46,0,79.65,2.705,214.7257848,6.384,2010,6,4,22,2,Friday,22,June,2010-06,558143.53,535818.1825,43767.54806788126
9,2010-06-11,522715.68,0,83.75,2.668,215.0187191,6.384,2010,6,11,23,2,Friday,23,June,2010-06,586061.46,543298.9025,35793.11915829861
9,2010-06-18,513073.87,0,82.99,2.637,215.0166484,6.384,2010,6,18,24,2,Friday,24,June,2010-06,522715.68,544998.635,33539.352833047305
9,2010-06-25,509263.28,0,85.02,2.653,214.8965756,6.384,2010,6,25,25,2,Friday,25,June,2010-06,513073.87,532778.5725,35970.2293004381
9,2010-07-02,528832.54,0,78.55,2.669,214.7765028,6.442,2010,7,2,26,3,Friday,26,July,2010-07,509263.28,518471.3425,8931.030900556674
9,2010-07-09,485389.15,0,78.51,2.642,214.6564301,6.442,2010,7,9,27,3,Friday,27,July,2010-07,528832.54,509139.7100000001,17957.259796277565
9,2010-07-16,474030.51,0,82.93,2.623,214.6474453,6.442,2010,7,16,28,3,Friday,28,July,2010-07,485389.15,499378.87,24518.509048506054
9,2010-07-23,462676.5,0,84.49,2.608,214.7865779,6.442,2010,7,23,29,3,Friday,29,July,2010-07,474030.51,487732.17500000005,28926.64425036612
9,2010-07-30,468675.19,0,79.83,2.64,214.9257105,6.442,2010,7,30,30,3,Friday,30,July,2010-07,462676.5,472692.8375,9651.497762231635
9,2010-08-06,522815.45,0,87.09,2.627,215.064843,6.442,2010,8,6,31,3,Friday,31,August,2010-08,468675.19,482049.41250000003,27570.226555519934
9,2010-08-13,481897.98,0,86.85,2.692,215.2039756,6.442,2010,8,13,32,3,Friday,32,August,2010-08,522815.45,484016.28,27083.808449671025
9,2010-08-20,499325.38,0,86.3,2.664,215.1619646,6.442,2010,8,20,33,3,Friday,33,August,2010-08,481897.98,493178.5,23407.942181116054
9,2010-08-27,506789.66,0,84.01,2.619,215.1199536,6.442,2010,8,27,34,3,Friday,34,August,2010-08,499325.38,502707.1175,16984.979061979942
9,2010-09-03,511049.06,0,82.47,2.577,215.0779426,6.442,2010,9,3,35,3,Friday,35,September,2010-09,506789.66,499765.52,12859.49100265916
9,2010-09-10,484835.2,1,77.7,2.565,215.0359315,6.442,2010,9,10,36,3,Friday,36,September,2010-09,511049.06,500499.825,11512.430685439029
9,2010-09-17,463448.59,0,81.19,2.582,215.0615285,6.442,2010,9,17,37,3,Friday,37,September,2010-09,484835.2,491530.62749999994,21963.885961977703
9,2010-09-24,452905.22,0,77.15,2.624,215.1378313,6.442,2010,9,24,38,3,Friday,38,September,2010-09,463448.59,478059.51749999996,25693.304399063978
9,2010-10-01,495692.19,0,69.08,2.603,215.2141341,6.56,2010,10,1,39,4,Friday,39,October,2010-10,452905.22,474220.3,19528.445354683718
9,2010-10-08,505069.21,0,65.35,2.633,215.290437,6.56,2010,10,8,40,4,Friday,40,October,2010-10,495692.19,479278.8025,25038.01037037275
9,2010-10-15,454769.68,0,67.36,2.72,215.3589917,6.56,2010,10,15,41,4,Friday,41,October,2010-10,505069.21,477109.075,27153.738098393904
9,2010-10-22,466322.76,0,69.99,2.725,215.4081762,6.56,2010,10,22,42,4,Friday,42,October,2010-10,454769.68,480463.46,23787.15954497163
9,2010-10-29,508801.61,0,64.43,2.716,215.4573607,6.56,2010,10,29,43,4,Friday,43,October,2010-10,466322.76,483740.815,27237.59156312776
9,2010-11-05,517869.97,0,58.69,2.689,215.5065452,6.56,2010,11,5,44,4,Friday,44,November,2010-11,508801.61,486941.005,31062.265994144214
9,2010-11-12,520846.68,0,61.59,2.728,215.5557297,6.56,2010,11,12,45,4,Friday,45,November,2010-11,517869.97,503460.255,25282.742920636014
9,2010-11-19,519823.3,0,49.96,2.771,215.4372854,6.56,2010,11,19,46,4,Friday,46,November,2010-11,520846.68,516835.39,5496.363358228123
9,2010-11-26,768070.53,1,60.18,2.735,215.2909028,6.56,2010,11,26,47,4,Friday,47,November,2010-11,519823.3,581652.62,124284.74130095597
9,2010-12-03,578164.82,0,49.89,2.708,215.1445203,6.56,2010,12,3,48,4,Friday,48,December,2010-12,768070.53,596726.3325,117438.1565398338
9,2010-12-10,618121.82,0,46.1,2.843,214.9981378,6.56,2010,12,10,49,4,Friday,49,December,2010-12,578164.82,621045.1174999999,106002.5060093086
9,2010-12-17,685243.2,0,49.7,2.869,214.9334937,6.56,2010,12,17,50,4,Friday,50,December,2010-12,618121.82,662400.0925,83154.86650507693
9,2010-12-24,873347.55,0,50.93,2.886,214.9301534,6.56,2010,12,24,51,4,Friday,51,December,2010-12,685243.2,688719.3474999999,130774.5785689817
9,2010-12-31,459770.85,1,45.92,2.943,214.9268131,6.56,2010,12,31,52,4,Friday,52,December,2010-12,873347.55,659120.855,171266.65283834768
9,2011-01-07,490981.78,0,41.82,2.976,214.9234729,6.416,2011,1,7,1,1,Friday,1,January,2011-01,459770.85,627335.845,191959.61324497164
9,2011-01-14,458086.69,0,36.43,2.983,214.9749587,6.416,2011,1,14,2,1,Friday,2,January,2011-01,490981.78,570546.7175,202433.0951596521
9,2011-01-21,454021.69,0,44.72,3.016,215.3554013,6.416,2011,1,21,3,1,Friday,3,January,2011-01,458086.69,465715.2525,17016.34217204222
9,2011-01-28,463561.48,0,43.9,3.01,215.7358438,6.416,2011,1,28,4,1,Friday,4,January,2011-01,454021.69,466662.91000000003,16677.1130465137
9,2011-02-04,544612.28,0,31.82,2.989,216.1162864,6.416,2011,2,4,5,1,Friday,5,February,2011-02,463561.48,480070.535,43205.005541241364
9,2011-02-11,555279.02,1,34.13,3.022,216.496729,6.416,2011,2,11,6,1,Friday,6,February,2011-02,544612.28,504368.6175,52951.100189262856
9,2011-02-18,610985.56,0,58.5,3.045,216.8154856,6.416,2011,2,18,7,1,Friday,7,February,2011-02,555279.02,543609.585,60784.87265697464
9,2011-02-25,513107.2,0,59.01,3.065,217.1095679,6.416,2011,2,25,8,1,Friday,8,February,2011-02,610985.56,555996.015,40797.89216692229
9,2011-03-04,542016.18,0,60.67,3.288,217.4036503,6.416,2011,3,4,9,1,Friday,9,March,2011-03,513107.2,555346.99,41059.16643928189
9,2011-03-11,517783.5,0,54.75,3.459,217.6977326,6.416,2011,3,11,10,1,Friday,10,March,2011-03,542016.18,545973.1100000001,45155.64970967109
9,2011-03-18,515226.11,0,63.82,3.488,217.9563371,6.416,2011,3,18,11,1,Friday,11,March,2011-03,517783.5,522033.24750000006,13458.44703806772
9,2011-03-25,497488.4,0,68.79,3.473,218.2007506,6.416,2011,3,25,12,1,Friday,12,March,2011-03,515226.11,518128.54750000004,18304.624884578763
9,2011-04-01,520962.14,0,56.12,3.524,218.445164,6.38,2011,4,1,13,2,Friday,13,April,2011-04,497488.4,512865.0375,10516.177797660404
9,2011-04-08,561625.92,0,71.4,3.622,218.6895775,6.38,2011,4,8,14,2,Friday,14,April,2011-04,520962.14,523825.6425,27108.811159023677
9,2011-04-15,528420.28,0,71.9,3.743,218.9134935,6.38,2011,4,15,15,2,Friday,15,April,2011-04,561625.92,527124.185,26509.747461436673
9,2011-04-22,549502.11,0,72.35,3.807,219.0861659,6.38,2011,4,22,16,2,Friday,16,April,2011-04,528420.28,540127.6125,18747.75896968148
9,2011-04-29,532226.2,0,70.85,3.81,219.2588382,6.38,2011,4,29,17,2,Friday,17,April,2011-04,549502.11,542943.6275,15468.598520678572
9,2011-05-06,545251.1,0,62.2,3.906,219.4315106,6.38,2011,5,6,18,2,Friday,18,May,2011-05,532226.2,538849.9225,10117.564172540371
9,2011-05-13,539126.0,0,77.66,3.899,219.6041829,6.38,2011,5,13,19,2,Friday,19,May,2011-05,545251.1,541526.3525,7521.98954809644
9,2011-05-20,518266.9,0,70.49,3.907,219.3622809,6.38,2011,5,20,20,2,Friday,20,May,2011-05,539126.0,533717.55,11593.400669489278
9,2011-05-27,553834.04,0,80.42,3.786,219.1203788,6.38,2011,5,27,21,2,Friday,21,May,2011-05,518266.9,539119.51,15154.154270706795
9,2011-06-03,587004.29,0,85.8,3.699,218.8784768,6.38,2011,6,3,22,2,Friday,22,June,2011-06,553834.04,549557.8075,28916.36627648441
9,2011-06-10,550076.32,0,85.81,3.648,218.6365747,6.38,2011,6,10,23,2,Friday,23,June,2011-06,587004.29,552295.3875,28106.56854650061
9,2011-06-17,558671.14,0,89.15,3.637,218.5877333,6.38,2011,6,17,24,2,Friday,24,June,2011-06,550076.32,562396.4475,16778.202051934408
9,2011-06-24,538745.93,0,86.74,3.594,218.6836874,6.38,2011,6,24,25,2,Friday,25,June,2011-06,558671.14,558624.42,20604.55922253888
9,2011-07-01,537064.03,0,89.14,3.524,218.7796415,6.404,2011,7,1,26,3,Friday,26,July,2011-07,538745.93,546139.355,10158.241084355204
9,2011-07-08,535983.13,0,89.04,3.48,218.8755955,6.404,2011,7,8,27,3,Friday,27,July,2011-07,537064.03,542616.0575,10763.585176092956
9,2011-07-15,512834.04,0,90.45,3.575,218.9607242,6.404,2011,7,15,28,3,Friday,28,July,2011-07,535983.13,531156.7825,12267.942719611892
9,2011-07-22,491449.94,0,89.08,3.651,219.0187895,6.404,2011,7,22,29,3,Friday,29,July,2011-07,512834.04,519332.78500000003,21689.611720345656
9,2011-07-29,471449.98,0,91.1,3.682,219.0768548,6.404,2011,7,29,30,3,Friday,30,July,2011-07,491449.94,502929.27249999996,27769.184634563622
9,2011-08-05,554879.67,0,91.52,3.684,219.1349201,6.404,2011,8,5,31,3,Friday,31,August,2011-08,471449.98,507653.40750000003,35732.33523756997
9,2011-08-12,520284.79,0,91.63,3.638,219.1929854,6.404,2011,8,12,32,3,Friday,32,August,2011-08,554879.67,509516.09500000003,36282.38230170339
9,2011-08-19,540819.44,0,85.8,3.554,219.2556109,6.404,2011,8,19,33,3,Friday,33,August,2011-08,520284.79,521858.47,36484.74734097052
9,2011-08-26,542663.53,0,88.95,3.523,219.3189965,6.404,2011,8,26,34,3,Friday,34,August,2011-08,540819.44,539661.8574999999,14345.761246517195
9,2011-09-02,544643.33,0,89.33,3.533,219.382382,6.404,2011,9,2,35,3,Friday,35,September,2011-09,542663.53,537102.7725,11320.191165353233
9,2011-09-09,528784.86,1,75.65,3.546,219.4457675,6.404,2011,9,9,36,3,Friday,36,September,2011-09,544643.33,539227.79,7134.902931985042
9,2011-09-16,500274.03,0,77.95,3.526,219.6297841,6.404,2011,9,16,37,3,Friday,37,September,2011-09,528784.86,529091.4375,20466.2325139455
9,2011-09-23,506743.78,0,74.42,3.467,219.9746423,6.404,2011,9,23,38,3,Friday,38,September,2011-09,500274.03,520111.5,20406.36347513343
9,2011-09-30,508567.04,0,78.45,3.355,220.3195004,6.404,2011,9,30,39,3,Friday,39,September,2011-09,506743.78,511092.4275,12320.013654476661
9,2011-10-07,553836.98,0,72.62,3.285,220.6643585,6.054,2011,10,7,40,4,Friday,40,October,2011-10,508567.04,517355.4575,24579.941896283784
9,2011-10-14,529515.66,0,67.27,3.274,220.9836849,6.054,2011,10,14,41,4,Friday,41,October,2011-10,553836.98,524665.865,22021.56336422002
9,2011-10-21,557075.21,0,65.46,3.353,221.1498206,6.054,2011,10,21,42,4,Friday,42,October,2011-10,529515.66,537248.7225,22735.428008093608
9,2011-10-28,548527.49,0,63.96,3.372,221.3159563,6.054,2011,10,28,43,4,Friday,43,October,2011-10,557075.21,547238.835,12329.65739414826
9,2011-11-04,597855.07,0,54.46,3.332,221.4820921,6.054,2011,11,4,44,4,Friday,44,November,2011-11,548527.49,558243.3574999999,28810.47853758177
9,2011-11-11,594574.12,0,58.28,3.297,221.6482278,6.054,2011,11,11,45,4,Friday,45,November,2011-11,597855.07,574507.9724999999,25341.822589547915
9,2011-11-18,542414.27,0,58.8,3.308,221.8803923,6.054,2011,11,18,46,4,Friday,46,November,2011-11,594574.12,570842.7374999999,29433.499383279624
9,2011-11-25,814753.5,1,54.32,3.236,222.1389683,6.054,2011,11,25,47,4,Friday,47,November,2011-11,542414.27,637399.24,120933.0535875829
9,2011-12-02,613115.21,0,46.84,3.172,222.3975443,6.054,2011,12,2,48,4,Friday,48,December,2011-12,814753.5,641214.275,119501.97364325367
9,2011-12-09,630327.28,0,37.65,3.158,222.6561203,6.054,2011,12,9,49,4,Friday,49,December,2011-12,613115.21,650152.565,116140.45462730067
9,2011-12-16,705557.97,0,47.31,3.159,222.8825484,6.054,2011,12,16,50,4,Friday,50,December,2011-12,630327.28,690938.49,91786.10567399388
9,2011-12-23,905324.68,0,44.43,3.112,223.0661125,6.054,2011,12,23,51,4,Friday,51,December,2011-12,705557.97,713581.2849999999,133983.28836607523
9,2011-12-30,549788.36,1,43.41,3.129,223.2496766,6.054,2011,12,30,52,4,Friday,52,December,2011-12,905324.68,697749.5725,152300.88887416254
9,2012-01-06,519585.67,0,47.54,3.157,223.4332408,5.667,2012,1,6,1,1,Friday,1,January,2012-01,549788.36,670064.17,176745.9257779426
9,2012-01-13,474964.6,0,42.44,3.261,223.6168049,5.667,2012,1,13,2,1,Friday,2,January,2012-01,519585.67,612415.8275,197676.56549783683
9,2012-01-20,480130.04,0,51.56,3.268,223.7114288,5.667,2012,1,20,3,1,Friday,3,January,2012-01,474964.6,506117.1675,35281.66129642905
9,2012-01-27,482451.21,0,49.38,3.29,223.8060527,5.667,2012,1,27,4,1,Friday,4,January,2012-01,480130.04,489282.88,20442.75274188024
9,2012-02-03,549967.89,0,54.43,3.36,223.9006766,5.667,2012,2,3,5,1,Friday,5,February,2012-02,482451.21,496878.435,35531.01909074589
9,2012-02-10,609736.12,1,44.03,3.409,223.9953006,5.667,2012,2,10,6,1,Friday,6,February,2012-02,549967.89,530571.3150000001,61922.42512815315
9,2012-02-17,658965.05,0,43.81,3.51,224.1588663,5.667,2012,2,17,7,1,Friday,7,February,2012-02,609736.12,575280.0675,76263.35722231375
9,2012-02-24,563578.79,0,53.67,3.555,224.3741384,5.667,2012,2,24,8,1,Friday,8,February,2012-02,658965.05,595561.9625,49405.13136529871
9,2012-03-02,619498.28,0,57.2,3.63,224.5894104,5.667,2012,3,2,9,1,Friday,9,March,2012-03,563578.79,612944.56,39192.30400901337
9,2012-03-09,574955.95,0,54.03,3.669,224.8046825,5.667,2012,3,9,10,1,Friday,10,March,2012-03,619498.28,604249.5175,43736.08512733339
9,2012-03-16,550373.57,0,59.94,3.734,224.9594902,5.667,2012,3,16,11,1,Friday,11,March,2012-03,574955.95,577101.6475,29996.31236731533
9,2012-03-23,550791.32,0,58.79,3.787,225.0336786,5.667,2012,3,23,12,1,Friday,12,March,2012-03,550373.57,573904.78,32495.241076473492
9,2012-03-30,574985.37,0,67.87,3.845,225.107867,5.667,2012,3,30,13,1,Friday,13,March,2012-03,550791.32,562776.5525,14081.580417759164
9,2012-04-06,677885.99,0,68.83,3.891,225.1820555,5.539,2012,4,6,14,2,Friday,14,April,2012-04,574985.37,588509.0625,60685.169291155136
9,2012-04-13,578539.86,0,69.19,3.891,225.2562439,5.539,2012,4,13,15,2,Friday,15,April,2012-04,677885.99,595550.635,56257.75073376083
9,2012-04-20,542819.03,0,68.04,3.877,225.3117488,5.539,2012,4,20,16,2,Friday,16,April,2012-04,578539.86,593557.5625,58469.76451555017
9,2012-04-27,550414.99,0,73.07,3.814,225.3672537,5.539,2012,4,27,17,2,Friday,17,April,2012-04,542819.03,587414.9675,62240.3122899092
9,2012-05-04,586289.08,0,78.98,3.749,225.4227585,5.539,2012,5,4,18,2,Friday,18,May,2012-05,550414.99,564515.74,21137.113110327784
9,2012-05-11,592572.3,0,70.94,3.688,225.4782634,5.539,2012,5,11,19,2,Friday,19,May,2012-05,586289.08,568023.8500000001,25043.960856110458
9,2012-05-18,571463.93,0,69.52,3.63,225.4942498,5.539,2012,5,18,20,2,Friday,20,May,2012-05,592572.3,575185.075,18735.159026624147
9,2012-05-25,547226.0,0,79.69,3.561,225.4944288,5.539,2012,5,25,21,2,Friday,21,May,2012-05,571463.93,574387.8275,20154.64297957226
9,2012-06-01,583648.59,0,80.26,3.501,225.4946078,5.539,2012,6,1,22,2,Friday,22,June,2012-06,547226.0,573727.7050000001,19672.381359448154
9,2012-06-08,582525.42,0,78.91,3.452,225.4947868,5.539,2012,6,8,23,2,Friday,23,June,2012-06,583648.59,571215.985,16912.06516197125
9,2012-06-15,564606.1,0,82.21,3.393,225.5070634,5.539,2012,6,15,24,2,Friday,24,June,2012-06,582525.42,569501.5275,17223.293229821626
9,2012-06-22,562173.12,0,81.05,3.346,225.5495841,5.539,2012,6,22,25,2,Friday,25,June,2012-06,564606.1,573238.3075,11424.79498066177
9,2012-06-29,544770.7,0,87.18,3.286,225.5921049,5.539,2012,6,29,26,2,Friday,26,June,2012-06,562173.12,563518.835,15445.991210037639
9,2012-07-06,578790.36,0,84.15,3.227,225.6346256,5.277,2012,7,6,27,3,Friday,27,July,2012-07,544770.7,562585.0700000001,13954.897199480147
9,2012-07-13,536537.64,0,82.39,3.256,225.6771463,5.277,2012,7,13,28,3,Friday,28,July,2012-07,578790.36,555567.955,18811.715349707534
9,2012-07-20,513991.57,0,83.39,3.311,225.6871121,5.277,2012,7,20,29,3,Friday,29,July,2012-07,536537.64,543522.5675,26871.57139733135
9,2012-07-27,495951.0,0,86.41,3.407,225.6970779,5.277,2012,7,27,30,3,Friday,30,July,2012-07,513991.57,531317.6425000001,35739.331605075364
9,2012-08-03,533887.54,0,90.23,3.417,225.7070437,5.277,2012,8,3,31,3,Friday,31,August,2012-08,495951.0,520091.9375,18980.508652037443
9,2012-08-10,538713.47,0,88.66,3.494,225.7170094,5.277,2012,8,10,32,3,Friday,32,August,2012-08,533887.54,520635.89499999996,19629.025353228215
9,2012-08-17,535153.47,0,86.37,3.571,225.7995323,5.277,2012,8,17,33,3,Friday,33,August,2012-08,538713.47,525926.37,20087.743653162677
9,2012-08-24,572887.78,0,77.9,3.62,225.9364729,5.277,2012,8,24,34,3,Friday,34,August,2012-08,535153.47,545160.565,18597.370141901396
9,2012-08-31,576879.15,0,80.71,3.638,226.0734135,5.277,2012,8,31,35,3,Friday,35,August,2012-08,572887.78,555908.4675,22018.96483896136
9,2012-09-07,565812.29,1,87.93,3.73,226.2103541,5.277,2012,9,7,36,3,Friday,36,September,2012-09,576879.15,562683.1725,18915.03535529923
9,2012-09-14,523427.35,0,73.55,3.717,226.3567545,5.277,2012,9,14,37,3,Friday,37,September,2012-09,565812.29,559751.6425000001,24644.778320001555
9,2012-09-21,533756.88,0,69.92,3.721,226.5599138,5.277,2012,9,21,38,3,Friday,38,September,2012-09,523427.35,549968.9175,25445.746407052295
9,2012-09-28,516361.06,0,76.8,3.666,226.7630732,5.277,2012,9,28,39,3,Friday,39,September,2012-09,533756.88,534839.395,21849.299751252544
9,2012-10-05,606755.3,0,66.61,3.617,226.9662325,4.954,2012,10,5,40,4,Friday,40,October,2012-10,516361.06,545075.1475,41735.95711606973
9,2012-10-12,558464.8,0,60.09,3.601,227.1693919,4.954,2012,10,12,41,4,Friday,41,October,2012-10,606755.3,553834.51,39282.82186498046
9,2012-10-19,542009.46,0,68.01,3.594,227.214288,4.954,2012,10,19,42,4,Friday,42,October,2012-10,558464.8,555897.655,38074.99001071816
9,2012-10-26,549731.49,0,69.52,3.506,227.2328068,4.954,2012,10,26,43,4,Friday,43,October,2012-10,542009.46,564240.2625,29129.580841279057
10,2010-02-26,2006774.96,0,52.77,2.825,126.5522857,9.765,2010,2,26,8,1,Friday,8,February,2010-02,2113432.58,2122321.2025,84294.72837259139
10,2010-03-05,1987090.09,0,55.92,2.877,126.5782857,9.765,2010,3,5,9,1,Friday,9,March,2010-03,2006774.96,2070831.5375,89437.36933296008
10,2010-03-12,1941346.13,0,52.33,3.034,126.6042857,9.765,2010,3,12,10,1,Friday,10,March,2010-03,1987090.09,2012160.9400000002,72865.71824003539
10,2010-03-19,1946875.06,0,61.46,3.054,126.6066452,9.765,2010,3,19,11,1,Friday,11,March,2010-03,1941346.13,1970521.5599999998,31618.496041904735
10,2010-03-26,1893532.46,0,60.05,2.98,126.6050645,9.765,2010,3,26,12,1,Friday,12,March,2010-03,1946875.06,1942210.9349999998,38324.206586887805
10,2010-04-02,2138651.97,0,63.66,3.086,126.6034839,9.524,2010,4,2,13,2,Friday,13,April,2010-04,1893532.46,1980101.405,108379.61869068828
10,2010-04-09,2041069.37,0,65.29,3.004,126.6019032,9.524,2010,4,9,14,2,Friday,14,April,2010-04,2138651.97,2005032.215,107961.97711773054
10,2010-04-16,1826241.44,0,69.74,3.109,126.5621,9.524,2010,4,16,15,2,Friday,15,April,2010-04,2041069.37,1974873.81,141318.9471707394
10,2010-04-23,1829521.83,0,66.42,3.05,126.4713333,9.524,2010,4,23,16,2,Friday,16,April,2010-04,1826241.44,1958871.1525000003,156417.79222133203
10,2010-04-30,1790694.59,0,69.76,3.105,126.3805667,9.524,2010,4,30,17,2,Friday,17,April,2010-04,1829521.83,1871881.8075,114153.7069472844
10,2010-05-07,1921432.16,0,71.06,3.127,126.2898,9.524,2010,5,7,18,2,Friday,18,May,2010-05,1790694.59,1841972.505,55814.41586023057
10,2010-05-14,1808056.41,0,73.88,3.145,126.2085484,9.524,2010,5,14,19,2,Friday,19,May,2010-05,1921432.16,1837426.2475,58211.99280344742
10,2010-05-21,1847613.58,0,78.32,3.12,126.1843871,9.524,2010,5,21,20,2,Friday,20,May,2010-05,1808056.41,1841949.185,58095.84721642182
10,2010-05-28,1904618.17,0,76.67,3.058,126.1602258,9.524,2010,5,28,21,2,Friday,21,May,2010-05,1847613.58,1870430.0799999998,52221.020811207236
10,2010-06-04,1931406.28,0,82.82,2.941,126.1360645,9.524,2010,6,4,22,2,Friday,22,June,2010-06,1904618.17,1872923.61,55597.11946484168
10,2010-06-11,1827521.71,0,89.67,3.057,126.1119032,9.524,2010,6,11,23,2,Friday,23,June,2010-06,1931406.28,1877789.935,48414.78248810353
10,2010-06-18,1837636.24,0,83.49,2.935,126.114,9.524,2010,6,18,24,2,Friday,24,June,2010-06,1827521.71,1875295.6,50691.20069206368
10,2010-06-25,1768172.31,0,90.32,3.084,126.1266,9.524,2010,6,25,25,2,Friday,25,June,2010-06,1837636.24,1841184.135,67503.11462948336
10,2010-07-02,1845893.87,0,92.89,2.978,126.1392,9.199,2010,7,2,26,3,Friday,26,July,2010-07,1768172.31,1819806.0325,35232.86601744972
10,2010-07-09,1769793.37,0,91.03,3.1,126.1518,9.199,2010,7,9,27,3,Friday,27,July,2010-07,1845893.87,1805373.9475,42161.03637513622
10,2010-07-16,1828052.47,0,91.8,2.971,126.1498065,9.199,2010,7,16,28,3,Friday,28,July,2010-07,1769793.37,1802978.005,39929.757776420745
10,2010-07-23,1831676.03,0,88.44,3.112,126.1283548,9.199,2010,7,23,29,3,Friday,29,July,2010-07,1828052.47,1818853.935,33601.17204929459
10,2010-07-30,1832664.03,0,85.03,3.017,126.1069032,9.199,2010,7,30,30,3,Friday,30,July,2010-07,1831676.03,1815546.475,30566.42908899283
10,2010-08-06,1949236.09,0,86.13,3.123,126.0854516,9.199,2010,8,6,31,3,Friday,31,August,2010-08,1832664.03,1860407.155,59252.46510544209
10,2010-08-13,1962996.7,0,88.37,3.049,126.064,9.199,2010,8,13,32,3,Friday,32,August,2010-08,1949236.09,1894143.2125000001,71781.76802526638
10,2010-08-20,1983190.56,0,89.88,3.041,126.0766452,9.199,2010,8,20,33,3,Friday,33,August,2010-08,1962996.7,1932021.8450000002,67690.43425653967
10,2010-08-27,1727565.42,0,84.99,3.022,126.0892903,9.199,2010,8,27,34,3,Friday,34,August,2010-08,1983190.56,1905747.1925,119603.52494211878
10,2010-09-03,1766331.45,0,83.8,3.087,126.1019355,9.199,2010,9,3,35,3,Friday,35,September,2010-09,1727565.42,1860021.0325,131778.7890790451
10,2010-09-10,1720530.23,1,84.04,2.961,126.1145806,9.199,2010,9,10,36,3,Friday,36,September,2010-09,1766331.45,1799404.415,124168.09355315674
10,2010-09-17,1716755.78,0,85.52,3.028,126.1454667,9.199,2010,9,17,37,3,Friday,37,September,2010-09,1720530.23,1732795.7199999997,22801.48492873708
10,2010-09-24,1655036.75,0,85.75,2.939,126.1900333,9.199,2010,9,24,38,3,Friday,38,September,2010-09,1716755.78,1714663.5524999998,45693.62657689025
10,2010-10-01,1645892.97,0,86.01,3.001,126.2346,9.003,2010,10,1,39,4,Friday,39,October,2010-10,1655036.75,1684553.9325,39569.293854309064
10,2010-10-08,1772192.42,0,77.04,2.924,126.2791667,9.003,2010,10,8,40,4,Friday,40,October,2010-10,1645892.97,1697469.48,58924.10963537803
10,2010-10-15,1703850.25,0,75.48,3.08,126.3266774,9.003,2010,10,15,41,4,Friday,41,October,2010-10,1772192.42,1694243.0975000001,57859.79251870799
10,2010-10-22,1740234.06,0,68.12,3.014,126.3815484,9.003,2010,10,22,42,4,Friday,42,October,2010-10,1703850.25,1715542.425,54180.72323406958
10,2010-10-29,1741308.56,0,68.76,3.13,126.4364194,9.003,2010,10,29,43,4,Friday,43,October,2010-10,1740234.06,1739396.3225,27949.15465495531
10,2010-11-05,1832211.96,0,71.04,3.009,126.4912903,9.003,2010,11,5,44,4,Friday,44,November,2010-11,1741308.56,1754401.2075,54717.57181390304
10,2010-11-12,1895901.59,0,61.24,3.13,126.5461613,9.003,2010,11,12,45,4,Friday,45,November,2010-11,1832211.96,1802414.0425,75780.53320864536
10,2010-11-19,1949177.13,0,58.83,3.047,126.6072,9.003,2010,11,19,46,4,Friday,46,November,2010-11,1895901.59,1854649.81,89418.15558325985
10,2010-11-26,2939946.38,1,55.33,3.162,126.6692667,9.003,2010,11,26,47,4,Friday,47,November,2010-11,1949177.13,2154309.2649999997,525936.0131113391
10,2010-12-03,2251206.64,0,51.17,3.041,126.7313333,9.003,2010,12,3,48,4,Friday,48,December,2010-12,2939946.38,2259057.935,480131.70470504044
10,2010-12-10,2411790.21,0,60.51,3.091,126.7934,9.003,2010,12,10,49,4,Friday,49,December,2010-12,2251206.64,2388030.09,414925.17857257347
10,2010-12-17,2811646.85,0,59.15,3.125,126.8794839,9.003,2010,12,17,50,4,Friday,50,December,2010-12,2411790.21,2603647.52,325261.1493417579
10,2010-12-24,3749057.69,0,57.06,3.236,126.9835806,9.003,2010,12,24,51,4,Friday,51,December,2010-12,2811646.85,2805925.3475,671462.7570022072
10,2010-12-31,1707298.14,1,49.67,3.148,127.0876774,9.003,2010,12,31,52,4,Friday,52,December,2010-12,3749057.69,2669948.2224999997,852036.0877800756
10,2011-01-07,1714309.9,0,43.43,3.287,127.1917742,8.744,2011,1,7,1,1,Friday,1,January,2011-01,1707298.14,2495578.145,983679.4587909839
10,2011-01-14,1710803.59,0,49.98,3.312,127.3009355,8.744,2011,1,14,2,1,Friday,2,January,2011-01,1714309.9,2220367.33,1019130.9268301728
10,2011-01-21,1677556.18,0,56.75,3.336,127.4404839,8.744,2011,1,21,3,1,Friday,3,January,2011-01,1710803.59,1702491.9525000001,16868.505066152542
10,2011-01-28,1715769.05,0,53.03,3.231,127.5800323,8.744,2011,1,28,4,1,Friday,4,January,2011-01,1677556.18,1704609.68,18155.643660514877
10,2011-02-04,1968045.91,0,44.88,3.348,127.7195806,8.744,2011,2,4,5,1,Friday,5,February,2011-02,1715769.05,1768043.6825,134409.75225787205
10,2011-02-11,2115408.31,1,51.51,3.381,127.859129,8.744,2011,2,11,6,1,Friday,6,February,2011-02,1968045.91,1869194.8625,208692.32208629043
10,2011-02-18,2106934.55,0,61.77,3.43,127.99525,8.744,2011,2,18,7,1,Friday,7,February,2011-02,2115408.31,1976539.4549999998,186512.54124017348
10,2011-02-25,1967996.71,0,53.59,3.398,128.13,8.744,2011,2,25,8,1,Friday,8,February,2011-02,2106934.55,2039596.3699999999,82720.13130752962
10,2011-03-04,1958003.19,0,56.96,3.674,128.26475,8.744,2011,3,4,9,1,Friday,9,March,2011-03,1967996.71,2037085.69,85713.91371038897
10,2011-03-11,1933469.15,0,64.22,3.63,128.3995,8.744,2011,3,11,10,1,Friday,10,March,2011-03,1958003.19,1991600.9,78245.58578217376
10,2011-03-18,1884734.31,0,70.12,3.892,128.5121935,8.744,2011,3,18,11,1,Friday,11,March,2011-03,1933469.15,1936050.8399999999,37159.54635118422
10,2011-03-25,1815798.85,0,62.53,3.716,128.6160645,8.744,2011,3,25,12,1,Friday,12,March,2011-03,1884734.31,1898001.375,62693.569571462634
10,2011-04-01,1827733.18,0,67.64,3.772,128.7199355,8.494,2011,4,1,13,2,Friday,13,April,2011-04,1815798.85,1865433.8725,54425.12760894269
10,2011-04-08,1870720.73,0,73.03,3.818,128.8238065,8.494,2011,4,8,14,2,Friday,14,April,2011-04,1827733.18,1849746.7675,33171.74686560951
10,2011-04-15,1781767.22,0,61.05,4.089,128.9107333,8.494,2011,4,15,15,2,Friday,15,April,2011-04,1870720.73,1824004.9949999999,36731.59272659127
10,2011-04-22,2004831.14,0,75.93,3.917,128.9553,8.494,2011,4,22,16,2,Friday,16,April,2011-04,1781767.22,1871263.0675,96168.39735040421
10,2011-04-29,1873646.34,0,73.38,4.151,128.9998667,8.494,2011,4,29,17,2,Friday,17,April,2011-04,2004831.14,1882741.3575,91885.62866155211
10,2011-05-06,1841369.99,0,73.56,4.193,129.0444333,8.494,2011,5,6,18,2,Friday,18,May,2011-05,1873646.34,1875403.6724999999,94305.59252111423
10,2011-05-13,1712995.44,0,74.04,4.202,129.089,8.494,2011,5,13,19,2,Friday,19,May,2011-05,1841369.99,1858210.7275,119870.61588531254
10,2011-05-20,1720908.01,0,72.62,3.99,129.0756774,8.494,2011,5,20,20,2,Friday,20,May,2011-05,1712995.44,1787229.945,82276.56327318153
10,2011-05-27,1743000.38,0,78.62,3.933,129.0623548,8.494,2011,5,27,21,2,Friday,21,May,2011-05,1720908.01,1754568.4549999998,59244.3189156849
10,2011-06-03,1792210.89,0,81.87,3.893,129.0490323,8.494,2011,6,3,22,2,Friday,22,June,2011-06,1743000.38,1742278.68,35627.51805145633
10,2011-06-10,1740063.1,0,84.57,3.981,129.0357097,8.494,2011,6,10,23,2,Friday,23,June,2011-06,1792210.89,1749045.595,30398.4441646305
10,2011-06-17,1817934.76,0,87.96,3.935,129.0432,8.494,2011,6,17,24,2,Friday,24,June,2011-06,1740063.1,1773302.2825,38177.83839596381
10,2011-06-24,1711813.13,0,90.69,3.807,129.0663,8.494,2011,6,24,25,2,Friday,25,June,2011-06,1817934.76,1765505.47,48277.63965913922
10,2011-07-01,1751369.75,0,95.36,3.842,129.0894,8.257,2011,7,1,26,3,Friday,26,July,2011-07,1711813.13,1755295.185,44951.199155640345
10,2011-07-08,1699708.38,0,88.57,3.793,129.1125,8.257,2011,7,8,27,3,Friday,27,July,2011-07,1751369.75,1745206.505,53268.444494782816
10,2011-07-15,1775068.4,0,86.01,3.779,129.1338387,8.257,2011,7,15,28,3,Friday,28,July,2011-07,1699708.38,1734489.915,34907.18182750171
10,2011-07-22,1774342.61,0,88.59,3.697,129.1507742,8.257,2011,7,22,29,3,Friday,29,July,2011-07,1775068.4,1750122.285,35365.005221612824
10,2011-07-29,1745841.33,0,86.75,3.694,129.1677097,8.257,2011,7,29,30,3,Friday,30,July,2011-07,1774342.61,1748740.18,35408.00442854599
10,2011-08-05,1886299.98,0,89.8,3.803,129.1846452,8.257,2011,8,5,31,3,Friday,31,August,2011-08,1745841.33,1795388.08,62117.241836160305
10,2011-08-12,1917397.63,0,85.61,3.794,129.2015806,8.257,2011,8,12,32,3,Friday,32,August,2011-08,1886299.98,1830970.3875,83635.50615178974
10,2011-08-19,1954849.68,0,87.4,3.743,129.2405806,8.257,2011,8,19,33,3,Friday,33,August,2011-08,1917397.63,1876097.155,91247.58812066092
10,2011-08-26,1728399.07,0,91.59,3.663,129.2832581,8.257,2011,8,26,34,3,Friday,34,August,2011-08,1954849.68,1871736.59,99583.22025869114
10,2011-09-02,1758587.35,0,91.61,3.798,129.3259355,8.257,2011,9,2,35,3,Friday,35,September,2011-09,1728399.07,1839808.4324999999,112935.79664301744
10,2011-09-09,1670579.82,1,89.06,3.771,129.3686129,8.257,2011,9,9,36,3,Friday,36,September,2011-09,1758587.35,1778103.98,123358.50784989877
10,2011-09-16,1650894.3,0,77.49,3.784,129.4306,8.257,2011,9,16,37,3,Friday,37,September,2011-09,1670579.82,1702115.135,49993.35401276306
10,2011-09-23,1685910.53,0,82.51,3.789,129.5183333,8.257,2011,9,23,38,3,Friday,38,September,2011-09,1650894.3,1691493.0,46969.60475536342
10,2011-09-30,1627707.31,0,82.27,3.877,129.6060667,8.257,2011,9,30,39,3,Friday,39,September,2011-09,1685910.53,1658772.9900000002,25185.95866667317
10,2011-10-07,1788227.6,0,75.01,3.827,129.6938,7.874,2011,10,7,40,4,Friday,40,October,2011-10,1627707.31,1688184.935,70856.29194068194
10,2011-10-14,1704753.02,0,70.27,3.698,129.7706452,7.874,2011,10,14,41,4,Friday,41,October,2011-10,1788227.6,1701649.6150000002,66384.13935723889
10,2011-10-21,1745928.56,0,77.91,3.842,129.7821613,7.874,2011,10,21,42,4,Friday,42,October,2011-10,1704753.02,1716654.1225,68393.29174465776
10,2011-10-28,1771792.97,0,72.79,3.843,129.7936774,7.874,2011,10,28,43,4,Friday,43,October,2011-10,1745928.56,1752675.5374999999,36384.58813984784
10,2011-11-04,1904438.59,0,68.57,3.828,129.8051935,7.874,2011,11,4,44,4,Friday,44,November,2011-11,1771792.97,1781728.2850000001,86339.13977109511
10,2011-11-11,2076570.84,0,55.28,3.677,129.8167097,7.874,2011,11,11,45,4,Friday,45,November,2011-11,1904438.59,1874682.7400000002,151446.53530642248
10,2011-11-18,1869087.85,0,58.97,3.669,129.8268333,7.874,2011,11,18,46,4,Friday,46,November,2011-11,2076570.84,1905472.5625,127108.5761822968
10,2011-11-25,2950198.64,1,60.68,3.76,129.8364,7.874,2011,11,25,47,4,Friday,47,November,2011-11,1869087.85,2200073.9800000004,508229.6505855093
10,2011-12-02,2068097.18,0,57.29,3.701,129.8459667,7.874,2011,12,2,48,4,Friday,48,December,2011-12,2950198.64,2240988.6275000004,482429.16288314556
10,2011-12-09,2429310.9,0,42.58,3.644,129.8555333,7.874,2011,12,9,49,4,Friday,49,December,2011-12,2068097.18,2329173.6425,474531.127743083
10,2011-12-16,2555031.18,0,50.53,3.489,129.8980645,7.874,2011,12,16,50,4,Friday,50,December,2011-12,2429310.9,2500659.475,363887.5748468229
10,2011-12-23,3487986.89,0,48.36,3.541,129.9845484,7.874,2011,12,23,51,4,Friday,51,December,2011-12,2555031.18,2635106.5375,604887.9825956419
10,2011-12-30,1930690.37,1,48.92,3.428,130.0710323,7.874,2011,12,30,52,4,Friday,52,December,2011-12,3487986.89,2600754.835,650038.6609400263
10,2012-01-06,1683401.78,0,59.85,3.443,130.1575161,7.545,2012,1,6,1,1,Friday,1,January,2012-01,1930690.37,2414277.555,804300.7901266087
10,2012-01-13,1711562.73,0,51.0,3.477,130.244,7.545,2012,1,13,2,1,Friday,2,January,2012-01,1683401.78,2203410.4425000004,863488.287660898
10,2012-01-20,1675562.94,0,54.51,3.66,130.2792258,7.545,2012,1,20,3,1,Friday,3,January,2012-01,1711562.73,1750304.455,121246.66534659968
10,2012-01-27,1632406.0,0,53.59,3.675,130.3144516,7.545,2012,1,27,4,1,Friday,4,January,2012-01,1675562.94,1675733.3625,32760.940093531543
10,2012-02-03,1867403.01,0,56.85,3.543,130.3496774,7.545,2012,2,3,5,1,Friday,5,February,2012-02,1632406.0,1721733.67,102362.3849742962
10,2012-02-10,2218595.8,1,55.73,3.722,130.3849032,7.545,2012,2,10,6,1,Friday,6,February,2012-02,1867403.01,1848491.9375,267040.6138037971
10,2012-02-17,2168709.76,0,54.12,3.781,130.4546207,7.545,2012,2,17,7,1,Friday,7,February,2012-02,2218595.8,1971778.6424999998,274328.6577649673
10,2012-02-24,2039415.74,0,56.02,3.95,130.5502069,7.545,2012,2,24,8,1,Friday,8,February,2012-02,2168709.76,2073531.0775,156796.46231177278
10,2012-03-02,1990371.02,0,57.62,3.882,130.6457931,7.545,2012,3,2,9,1,Friday,9,March,2012-03,2039415.74,2104273.08,107085.5170128693
10,2012-03-09,1917483.1,0,57.65,3.963,130.7413793,7.545,2012,3,9,10,1,Friday,10,March,2012-03,1990371.02,2028994.905,105759.98243919943
10,2012-03-16,1930814.66,0,62.11,4.273,130.8261935,7.545,2012,3,16,11,1,Friday,11,March,2012-03,1917483.1,1969521.13,56350.45639035937
10,2012-03-23,1837457.69,0,56.54,4.288,130.8966452,7.545,2012,3,23,12,1,Friday,12,March,2012-03,1930814.66,1919031.6175,62941.38541488651
10,2012-03-30,1815760.42,0,67.92,4.294,130.9670968,7.545,2012,3,30,13,1,Friday,13,March,2012-03,1837457.69,1875378.9675,57266.24505987363
10,2012-04-06,2163384.17,0,65.99,4.282,131.0375484,7.382,2012,4,6,14,2,Friday,14,April,2012-04,1815760.42,1936854.2349999999,159055.20331683086
10,2012-04-13,1974687.51,0,70.28,4.254,131.108,7.382,2012,4,13,15,2,Friday,15,April,2012-04,2163384.17,1947822.4474999998,160009.7357410268
10,2012-04-20,1777166.53,0,67.75,4.111,131.1173333,7.382,2012,4,20,16,2,Friday,16,April,2012-04,1974687.51,1932749.6575,175920.10789175116
10,2012-04-27,1712987.56,0,80.11,4.088,131.1266667,7.382,2012,4,27,17,2,Friday,17,April,2012-04,1777166.53,1907056.4425,203970.5744305283
10,2012-05-04,1821364.42,0,77.02,4.058,131.136,7.382,2012,5,4,18,2,Friday,18,May,2012-05,1712987.56,1821551.505,111365.50511396995
10,2012-05-11,1792345.3,0,76.03,4.186,131.1453333,7.382,2012,5,11,19,2,Friday,19,May,2012-05,1821364.42,1775965.9525000001,45814.92909554551
10,2012-05-18,1795152.73,0,85.19,4.308,131.0983226,7.382,2012,5,18,20,2,Friday,20,May,2012-05,1792345.3,1780462.5025,46843.136747306686
10,2012-05-25,1830939.1,0,86.03,4.127,131.0287742,7.382,2012,5,25,21,2,Friday,21,May,2012-05,1795152.73,1809950.3875,19146.069776733664
10,2012-06-01,1767471.48,0,80.06,4.277,130.9592258,7.382,2012,6,1,22,2,Friday,22,June,2012-06,1830939.1,1796477.1525,26126.49461567172
10,2012-06-08,1840491.41,0,86.87,4.103,130.8896774,7.382,2012,6,8,23,2,Friday,23,June,2012-06,1767471.48,1808513.68,33607.79594017716
10,2012-06-15,1811562.88,0,88.58,4.144,130.8295333,7.382,2012,6,15,24,2,Friday,24,June,2012-06,1840491.41,1812616.2175,32413.53227615315
10,2012-06-22,1755334.18,0,89.92,4.014,130.7929,7.382,2012,6,22,25,2,Friday,25,June,2012-06,1811562.88,1793714.9874999998,39447.80956674491
10,2012-06-29,1707481.9,0,91.36,3.875,130.7562667,7.382,2012,6,29,26,2,Friday,26,June,2012-06,1755334.18,1778717.5925,59206.20830503727
10,2012-07-06,1805999.79,0,86.87,3.666,130.7196333,7.17,2012,7,6,27,3,Friday,27,July,2012-07,1707481.9,1770094.6875,48809.22424749898
10,2012-07-13,1765571.91,0,89.8,3.723,130.683,7.17,2012,7,13,28,3,Friday,28,July,2012-07,1805999.79,1758596.9449999998,40493.0994600317
10,2012-07-20,1869967.03,0,84.45,3.589,130.7012903,7.17,2012,7,20,29,3,Friday,29,July,2012-07,1765571.91,1787255.1575,68377.7520697137
10,2012-07-27,1817603.66,0,83.98,3.769,130.7195806,7.17,2012,7,27,30,3,Friday,30,July,2012-07,1869967.03,1814785.5975,43019.799394305046
10,2012-08-03,1939440.09,0,84.76,3.595,130.737871,7.17,2012,8,3,31,3,Friday,31,August,2012-08,1817603.66,1848145.6724999999,74301.37524694526
10,2012-08-10,1880436.94,0,90.78,3.811,130.7561613,7.17,2012,8,10,32,3,Friday,32,August,2012-08,1939440.09,1876861.93,49959.61373912367
10,2012-08-17,1827797.4,0,88.83,4.002,130.7909677,7.17,2012,8,17,33,3,Friday,33,August,2012-08,1880436.94,1866319.5225,55985.438730125425
10,2012-08-24,1764984.15,0,82.5,4.055,130.8381613,7.17,2012,8,24,34,3,Friday,34,August,2012-08,1827797.4,1853164.645,74401.00201352256
10,2012-08-31,1650285.54,0,86.97,3.886,130.8853548,7.17,2012,8,31,35,3,Friday,35,August,2012-08,1764984.15,1780876.0075,99029.31837100082
10,2012-09-07,1708283.28,1,83.07,4.124,130.9325484,7.17,2012,9,7,36,3,Friday,36,September,2012-09,1650285.54,1737837.5924999998,76088.81177905519
10,2012-09-14,1640168.99,0,78.47,3.966,130.9776667,7.17,2012,9,14,37,3,Friday,37,September,2012-09,1708283.28,1690930.49,57774.8668624714
10,2012-09-21,1671857.57,0,81.93,4.125,131.0103333,7.17,2012,9,21,38,3,Friday,38,September,2012-09,1640168.99,1667648.845,30141.31973020507
10,2012-09-28,1694862.41,0,82.52,3.966,131.043,7.17,2012,9,28,39,3,Friday,39,September,2012-09,1671857.57,1678793.0625,29820.668950536277
10,2012-10-05,1758971.38,0,80.88,4.132,131.0756667,6.943,2012,10,5,40,4,Friday,40,October,2012-10,1694862.41,1691465.0875000001,50280.49883239547
10,2012-10-12,1713889.11,0,76.03,4.468,131.1083333,6.943,2012,10,12,41,4,Friday,41,October,2012-10,1758971.38,1709895.1175000002,36956.139912294144
10,2012-10-19,1734834.82,0,72.71,4.449,131.1499677,6.943,2012,10,19,42,4,Friday,42,October,2012-10,1713889.11,1725639.43,27573.351073300844
10,2012-10-26,1744349.05,0,70.5,4.301,131.1930968,6.943,2012,10,26,43,4,Friday,43,October,2012-10,1734834.82,1738011.0899999999,18898.519378302666
11,2010-02-26,1336404.65,0,52.79,2.561,214.6475127,7.368,2010,2,26,8,1,Friday,8,February,2010-02,1503298.7,1485599.0175,103773.73221830152
11,2010-03-05,1426622.65,0,53.96,2.625,214.6751386,7.368,2010,3,5,9,1,Friday,9,March,2010-03,1336404.65,1460252.52,102334.123660976
11,2010-03-12,1331883.16,0,64.1,2.667,214.7027646,7.368,2010,3,12,10,1,Friday,10,March,2010-03,1426622.65,1399552.29,81777.86491658198
11,2010-03-19,1364207.0,0,61.51,2.72,214.5301219,7.368,2010,3,19,11,1,Friday,11,March,2010-03,1331883.16,1364779.365,43635.628623170254
11,2010-03-26,1245624.27,0,58.09,2.732,214.3241011,7.368,2010,3,26,12,1,Friday,12,March,2010-03,1364207.0,1342084.27,75376.27195368888
11,2010-04-02,1446210.26,0,66.16,2.719,214.1180803,7.343,2010,4,2,13,2,Friday,13,April,2010-04,1245624.27,1346981.1724999999,82954.43047237255
11,2010-04-09,1470308.32,0,69.57,2.77,213.9120595,7.343,2010,4,9,14,2,Friday,14,April,2010-04,1446210.26,1381587.4625,101383.04707686134
11,2010-04-16,1323243.35,0,67.81,2.808,213.7726889,7.343,2010,4,16,15,2,Friday,15,April,2010-04,1470308.32,1371346.55,105700.86176743529
11,2010-04-23,1283766.55,0,68.37,2.795,213.7221852,7.343,2010,4,23,16,2,Friday,16,April,2010-04,1323243.35,1380882.12,91320.81337394625
11,2010-04-30,1239766.89,0,71.13,2.78,213.6716815,7.343,2010,4,30,17,2,Friday,17,April,2010-04,1283766.55,1329271.2775,100015.83020317598
11,2010-05-07,1312329.78,0,75.57,2.835,213.6211778,7.343,2010,5,7,18,2,Friday,18,May,2010-05,1239766.89,1289776.6425,37263.74949355143
11,2010-05-14,1266796.13,0,77.64,2.854,213.6196139,7.343,2010,5,14,19,2,Friday,19,May,2010-05,1312329.78,1275664.8375,30426.262567035148
11,2010-05-21,1271646.62,0,76.97,2.826,213.9116886,7.343,2010,5,21,20,2,Friday,20,May,2010-05,1266796.13,1272634.855,29950.278307209574
11,2010-05-28,1264272.52,0,79.69,2.759,214.2037634,7.343,2010,5,28,21,2,Friday,21,May,2010-05,1271646.62,1278761.2625000002,22587.249795881664
11,2010-06-04,1396322.19,0,79.66,2.705,214.4958382,7.343,2010,6,4,22,2,Friday,22,June,2010-06,1264272.52,1299759.365,64447.90307717544
11,2010-06-11,1339570.85,0,82.81,2.668,214.787913,7.343,2010,6,11,23,2,Friday,23,June,2010-06,1396322.19,1317953.045,62276.095311136654
11,2010-06-18,1336522.92,0,84.13,2.637,214.7858259,7.343,2010,6,18,24,2,Friday,24,June,2010-06,1339570.85,1334172.12,54108.71102825556
11,2010-06-25,1262025.08,0,84.5,2.653,214.6660741,7.343,2010,6,25,25,2,Friday,25,June,2010-06,1336522.92,1333610.26,55079.44680604849
11,2010-07-02,1302600.14,0,83.09,2.669,214.5463222,7.346,2010,7,2,26,3,Friday,26,July,2010-07,1262025.08,1310179.7475,36212.89869378915
11,2010-07-09,1280156.47,0,83.01,2.642,214.4265704,7.346,2010,7,9,27,3,Friday,27,July,2010-07,1302600.14,1295326.1524999999,32089.27776999836
11,2010-07-16,1290609.54,0,84.9,2.623,214.4176476,7.346,2010,7,16,28,3,Friday,28,July,2010-07,1280156.47,1283847.8075,17197.174270505144
11,2010-07-23,1244390.03,0,84.57,2.608,214.5564968,7.346,2010,7,23,29,3,Friday,29,July,2010-07,1290609.54,1279439.045,25100.89262187711
11,2010-07-30,1250178.89,0,83.26,2.64,214.695346,7.346,2010,7,30,30,3,Friday,30,July,2010-07,1244390.03,1266333.7325,22530.630390496135
11,2010-08-06,1369634.92,0,86.54,2.627,214.8341952,7.346,2010,8,6,31,3,Friday,31,August,2010-08,1250178.89,1288703.345,57738.943907600216
11,2010-08-13,1384339.1,0,87.73,2.692,214.9730444,7.346,2010,8,13,32,3,Friday,32,August,2010-08,1369634.92,1312135.7349999999,75161.18985506764
11,2010-08-20,1430192.37,0,88.93,2.664,214.9314191,7.346,2010,8,20,33,3,Friday,33,August,2010-08,1384339.1,1358586.3199999998,76735.20381914193
11,2010-08-27,1311263.07,0,87.7,2.619,214.8897938,7.346,2010,8,27,34,3,Friday,34,August,2010-08,1430192.37,1373857.365,49055.66350342974
11,2010-09-03,1303914.27,0,84.94,2.577,214.8481685,7.346,2010,9,3,35,3,Friday,35,September,2010-09,1311263.07,1357427.2025000001,60590.92589538629
11,2010-09-10,1231428.46,1,81.93,2.565,214.8065431,7.346,2010,9,10,36,3,Friday,36,September,2010-09,1303914.27,1319199.5425,82299.85384922015
11,2010-09-17,1215676.31,0,83.04,2.582,214.8322484,7.346,2010,9,17,37,3,Friday,37,September,2010-09,1231428.46,1265570.5275,49034.56176389724
11,2010-09-24,1170103.25,0,77.36,2.624,214.9084516,7.346,2010,9,24,38,3,Friday,38,September,2010-09,1215676.31,1230280.5725,55551.27865216664
11,2010-10-01,1182490.46,0,75.11,2.603,214.9846548,7.564,2010,10,1,39,4,Friday,39,October,2010-10,1170103.25,1199924.62,28483.162957463064
11,2010-10-08,1293472.8,0,68.71,2.633,215.060858,7.564,2010,10,8,40,4,Friday,40,October,2010-10,1182490.46,1215435.705,55468.509778798616
11,2010-10-15,1175003.67,0,71.46,2.72,215.1293114,7.564,2010,10,15,41,4,Friday,41,October,2010-10,1293472.8,1205267.545,59023.70253713019
11,2010-10-22,1169831.38,0,72.6,2.725,215.17839,7.564,2010,10,22,42,4,Friday,42,October,2010-10,1175003.67,1205199.5775,59077.82452638461
11,2010-10-29,1195036.0,0,74.21,2.716,215.2274686,7.564,2010,10,29,43,4,Friday,43,October,2010-10,1169831.38,1208335.9625,57789.31475283776
11,2010-11-05,1332759.13,0,64.41,2.689,215.2765472,7.564,2010,11,5,44,4,Friday,44,November,2010-11,1195036.0,1218157.545,77170.38352205243
11,2010-11-12,1281675.6,0,63.74,2.728,215.3256258,7.564,2010,11,12,45,4,Friday,45,November,2010-11,1332759.13,1244825.5274999999,75704.17315623585
11,2010-11-19,1292346.57,0,58.63,2.771,215.2074519,7.564,2010,11,19,46,4,Friday,46,November,2010-11,1281675.6,1275454.325,57951.12847810882
11,2010-11-26,1757242.51,1,69.9,2.735,215.0614025,7.564,2010,11,26,47,4,Friday,47,November,2010-11,1292346.57,1416005.9525000001,228552.47983329886
11,2010-12-03,1380522.64,0,55.9,2.708,214.9153531,7.564,2010,12,3,48,4,Friday,48,December,2010-12,1757242.51,1427946.83,223954.90759049202
11,2010-12-10,1564516.43,0,53.33,2.843,214.7693037,7.564,2010,12,10,49,4,Friday,49,December,2010-12,1380522.64,1498657.0375,206336.01320925693
11,2010-12-17,1843971.15,0,54.63,2.869,214.704919,7.564,2010,12,17,50,4,Friday,50,December,2010-12,1564516.43,1636563.1825,206824.4497295723
11,2010-12-24,2306265.36,0,59.33,2.886,214.7017828,7.564,2010,12,24,51,4,Friday,51,December,2010-12,1843971.15,1773818.895,402868.8963855277
11,2010-12-31,1172003.1,1,55.03,2.943,214.6986466,7.564,2010,12,31,52,4,Friday,52,December,2010-12,2306265.36,1721689.0099999998,477332.955178627
11,2011-01-07,1178905.44,0,54.43,2.976,214.6955104,7.551,2011,1,7,1,1,Friday,1,January,2011-01,1172003.1,1625286.2625,552653.3197085304
11,2011-01-14,1194449.78,0,45.34,2.983,214.7470729,7.551,2011,1,14,2,1,Friday,2,January,2011-01,1178905.44,1462905.9200000002,562317.9905430124
11,2011-01-21,1187776.19,0,51.51,3.016,215.1268275,7.551,2011,1,21,3,1,Friday,3,January,2011-01,1194449.78,1183283.6275,9853.677924740283
11,2011-01-28,1100418.69,0,51.04,3.01,215.5065821,7.551,2011,1,28,4,1,Friday,4,January,2011-01,1187776.19,1165387.525,43778.040664897635
11,2011-02-04,1422546.05,0,47.17,2.989,215.8863367,7.551,2011,2,4,5,1,Friday,5,February,2011-02,1100418.69,1226297.6775,137667.63935569284
11,2011-02-11,1419236.9,1,44.61,3.022,216.2660913,7.551,2011,2,11,6,1,Friday,6,February,2011-02,1422546.05,1282494.4575,163743.78303879447
11,2011-02-18,1554747.15,0,61.5,3.045,216.5843571,7.551,2011,2,18,7,1,Friday,7,February,2011-02,1419236.9,1374237.1975,193148.59258787814
11,2011-02-25,1323999.36,0,68.74,3.065,216.8780275,7.551,2011,2,25,8,1,Friday,8,February,2011-02,1554747.15,1430132.365,94814.42000696345
11,2011-03-04,1399456.99,0,66.5,3.288,217.1716979,7.551,2011,3,4,9,1,Friday,9,March,2011-03,1323999.36,1424360.1,96124.00499174863
11,2011-03-11,1314557.31,0,63.29,3.459,217.4653683,7.551,2011,3,11,10,1,Friday,10,March,2011-03,1399456.99,1398190.2025,111071.18495190878
11,2011-03-18,1391813.69,0,70.17,3.488,217.7235226,7.551,2011,3,18,11,1,Friday,11,March,2011-03,1314557.31,1357456.8375,44362.81620199391
11,2011-03-25,1229777.24,0,73.74,3.473,217.9674705,7.551,2011,3,25,12,1,Friday,12,March,2011-03,1391813.69,1333901.3074999999,79304.06300413457
11,2011-04-01,1258674.12,0,69.1,3.524,218.2114184,7.574,2011,4,1,13,2,Friday,13,April,2011-04,1229777.24,1298705.59,71353.6528769471
11,2011-04-08,1327401.06,0,73.57,3.622,218.4553663,7.574,2011,4,8,14,2,Friday,14,April,2011-04,1258674.12,1301916.5275,72583.15651650513
11,2011-04-15,1312905.8,0,76.64,3.743,218.6788642,7.574,2011,4,15,15,2,Friday,15,April,2011-04,1327401.06,1282189.5550000002,45780.61576025167
11,2011-04-22,1388118.53,0,78.31,3.807,218.851237,7.574,2011,4,22,16,2,Friday,16,April,2011-04,1312905.8,1321774.8775,53208.70946671078
11,2011-04-29,1357589.89,0,79.97,3.81,219.0236099,7.574,2011,4,29,17,2,Friday,17,April,2011-04,1388118.53,1346503.8199999998,33408.71854255252
11,2011-05-06,1331453.41,0,71.39,3.906,219.1959827,7.574,2011,5,6,18,2,Friday,18,May,2011-05,1357589.89,1347516.9075,32690.066994865323
11,2011-05-13,1277959.42,0,80.93,3.899,219.3683556,7.574,2011,5,13,19,2,Friday,19,May,2011-05,1331453.41,1338780.3125,46693.76966486505
11,2011-05-20,1239466.97,0,76.97,3.907,219.127216,7.574,2011,5,20,20,2,Friday,20,May,2011-05,1277959.42,1301617.4224999999,53058.091108969835
11,2011-05-27,1216876.52,0,85.61,3.786,218.8860765,7.574,2011,5,27,21,2,Friday,21,May,2011-05,1239466.97,1266439.08,50144.86816770725
11,2011-06-03,1343637.0,0,86.14,3.699,218.6449369,7.574,2011,6,3,22,2,Friday,22,June,2011-06,1216876.52,1269484.9775,55494.952296960255
11,2011-06-10,1314626.75,0,85.79,3.648,218.4037974,7.574,2011,6,10,23,2,Friday,23,June,2011-06,1343637.0,1278651.81,60191.110550061945
11,2011-06-17,1337506.74,0,87.9,3.637,218.3551748,7.574,2011,6,17,24,2,Friday,24,June,2011-06,1314626.75,1303161.7525,58862.58387639016
11,2011-06-24,1254587.84,0,86.13,3.594,218.45094,7.574,2011,6,24,25,2,Friday,25,June,2011-06,1337506.74,1312589.5825,40633.15171859104
11,2011-07-01,1297472.06,0,86.43,3.524,218.5467052,7.567,2011,7,1,26,3,Friday,26,July,2011-07,1254587.84,1301048.3475000001,35047.37739867766
11,2011-07-08,1334627.96,0,87.17,3.48,218.6424704,7.567,2011,7,8,27,3,Friday,27,July,2011-07,1297472.06,1306048.65,38850.8311726107
11,2011-07-15,1266546.73,0,88.3,3.575,218.7275216,7.567,2011,7,15,28,3,Friday,28,July,2011-07,1334627.96,1288308.6475,35777.65015036883
11,2011-07-22,1290576.44,0,87.8,3.651,218.7857881,7.567,2011,7,22,29,3,Friday,29,July,2011-07,1266546.73,1297305.7974999999,28192.05527997484
11,2011-07-29,1212938.67,0,89.46,3.682,218.8440545,7.567,2011,7,29,30,3,Friday,30,July,2011-07,1290576.44,1276172.45,50713.86068222049
11,2011-08-05,1403198.94,0,90.04,3.684,218.9023209,7.567,2011,8,5,31,3,Friday,31,August,2011-08,1212938.67,1293315.1949999998,80122.5617074799
11,2011-08-12,1354188.43,0,90.3,3.638,218.9605873,7.567,2011,8,12,32,3,Friday,32,August,2011-08,1403198.94,1315225.6199999999,82315.66843538574
11,2011-08-19,1484169.74,0,89.51,3.554,219.023271,7.567,2011,8,19,33,3,Friday,33,August,2011-08,1354188.43,1363623.9449999998,113860.36765350228
11,2011-08-26,1304706.75,0,89.09,3.523,219.0866908,7.567,2011,8,26,34,3,Friday,34,August,2011-08,1484169.74,1386565.9649999999,76490.49745925453
11,2011-09-02,1297792.41,0,91.44,3.533,219.1501106,7.567,2011,9,2,35,3,Friday,35,September,2011-09,1304706.75,1360214.3325,86369.05825780462
11,2011-09-09,1249439.95,1,84.91,3.546,219.2135305,7.567,2011,9,9,36,3,Friday,36,September,2011-09,1297792.41,1334027.2125,103070.25755079182
11,2011-09-16,1270816.01,0,85.11,3.526,219.3972867,7.567,2011,9,16,37,3,Friday,37,September,2011-09,1249439.95,1280688.78,25451.64045754138
11,2011-09-23,1235775.15,0,82.14,3.467,219.7414914,7.567,2011,9,23,38,3,Friday,38,September,2011-09,1270816.01,1263455.88,27054.50001482253
11,2011-09-30,1190515.83,0,84.4,3.355,220.085696,7.567,2011,9,30,39,3,Friday,39,September,2011-09,1235775.15,1236636.7349999999,33960.886131911204
11,2011-10-07,1346271.06,0,76.97,3.285,220.4299007,7.197,2011,10,7,40,4,Friday,40,October,2011-10,1190515.83,1260844.5125,65756.42503082874
11,2011-10-14,1286388.96,0,75.56,3.274,220.7486167,7.197,2011,10,14,41,4,Friday,41,October,2011-10,1346271.06,1264737.75,66992.98754662581
11,2011-10-21,1325107.53,0,70.91,3.353,220.9144005,7.197,2011,10,21,42,4,Friday,42,October,2011-10,1286388.96,1287070.845,68980.16804521701
11,2011-10-28,1310684.1,0,72.66,3.372,221.0801842,7.197,2011,10,28,43,4,Friday,43,October,2011-10,1325107.53,1317112.9125,25162.156518506137
11,2011-11-04,1458287.38,0,61.13,3.332,221.245968,7.197,2011,11,4,44,4,Friday,44,November,2011-11,1310684.1,1345116.9925000002,77120.08187166364
11,2011-11-11,1366053.69,0,64.2,3.297,221.4117517,7.197,2011,11,11,45,4,Friday,45,November,2011-11,1458287.38,1365033.175,66446.13679030647
11,2011-11-18,1315091.63,0,66.17,3.308,221.6432852,7.197,2011,11,18,46,4,Friday,46,November,2011-11,1366053.69,1362529.2,68605.85132524993
11,2011-11-25,1848953.48,1,70.03,3.236,221.9011185,7.197,2011,11,25,47,4,Friday,47,November,2011-11,1315091.63,1497096.545,241941.77875837398
11,2011-12-02,1399322.44,0,56.89,3.172,222.1589519,7.197,2011,12,2,48,4,Friday,48,December,2011-12,1848953.48,1482355.31,246841.2993602374
11,2011-12-09,1646655.94,0,50.63,3.158,222.4167852,7.197,2011,12,9,49,4,Friday,49,December,2011-12,1399322.44,1552505.8725,242608.12416807568
11,2011-12-16,1783910.06,0,59.69,3.159,222.6426418,7.197,2011,12,16,50,4,Friday,50,December,2011-12,1646655.94,1669710.48,199006.53348640457
11,2011-12-23,2213518.5,0,54.29,3.112,222.8258628,7.197,2011,12,23,51,4,Friday,51,December,2011-12,1783910.06,1760851.7349999999,341166.1360814531
11,2011-12-30,1352084.21,1,48.86,3.129,223.0090839,7.197,2011,12,30,52,4,Friday,52,December,2011-12,2213518.5,1749042.1775000002,358242.2797420256
11,2012-01-06,1283885.55,0,54.44,3.157,223.1923049,6.833,2012,1,6,1,1,Friday,1,January,2012-01,1352084.21,1658349.58,431277.0766366912
11,2012-01-13,1264736.59,0,53.1,3.261,223.3755259,6.833,2012,1,13,2,1,Friday,2,January,2012-01,1283885.55,1528556.2125,458177.63268111856
11,2012-01-20,1207303.29,0,56.43,3.268,223.4700552,6.833,2012,1,20,3,1,Friday,3,January,2012-01,1264736.59,1277002.4100000001,59702.23886518544
11,2012-01-27,1162675.85,0,58.36,3.29,223.5645845,6.833,2012,1,27,4,1,Friday,4,January,2012-01,1207303.29,1229650.32,55249.36167736448
11,2012-02-03,1376732.18,0,60.24,3.36,223.6591137,6.833,2012,2,3,5,1,Friday,5,February,2012-02,1162675.85,1252861.9775,92545.42144191661
11,2012-02-10,1574287.76,1,52.23,3.409,223.753643,6.833,2012,2,10,6,1,Friday,6,February,2012-02,1376732.18,1330249.77,187004.46573206474
11,2012-02-17,1569607.94,0,52.77,3.51,223.9170153,6.833,2012,2,17,7,1,Friday,7,February,2012-02,1574287.76,1420825.9325,195168.59580002175
11,2012-02-24,1379473.03,0,61.11,3.555,224.1320199,6.833,2012,2,24,8,1,Friday,8,February,2012-02,1569607.94,1475025.2275,111938.50320017371
11,2012-03-02,1438383.44,0,62.61,3.63,224.3470245,6.833,2012,3,2,9,1,Friday,9,March,2012-03,1379473.03,1490438.0425,97162.34427586773
11,2012-03-09,1413382.76,0,61.44,3.669,224.5620291,6.833,2012,3,9,10,1,Friday,10,March,2012-03,1438383.44,1450211.7925,83177.9219817817
11,2012-03-16,1441884.28,0,64.21,3.734,224.7166953,6.833,2012,3,16,11,1,Friday,11,March,2012-03,1413382.76,1418280.8775000002,28817.091058776252
11,2012-03-23,1300593.61,0,67.16,3.787,224.7909104,6.833,2012,3,23,12,1,Friday,12,March,2012-03,1441884.28,1398561.0225,66533.26834604074
11,2012-03-30,1300104.03,0,70.23,3.845,224.8651254,6.833,2012,3,30,13,1,Friday,13,March,2012-03,1300593.61,1363991.17,74403.59090691996
11,2012-04-06,1596325.01,0,74.19,3.891,224.9393405,6.664,2012,4,6,14,2,Friday,14,April,2012-04,1300104.03,1409726.7325,141162.08220480016
11,2012-04-13,1472752.01,0,72.74,3.891,225.0135556,6.664,2012,4,13,15,2,Friday,15,April,2012-04,1596325.01,1417443.665,144314.5567976232
11,2012-04-20,1315356.99,0,71.97,3.877,225.0689541,6.664,2012,4,20,16,2,Friday,16,April,2012-04,1472752.01,1421134.5100000002,140467.47953753057
11,2012-04-27,1236238.29,0,73.4,3.814,225.1243526,6.664,2012,4,27,17,2,Friday,17,April,2012-04,1315356.99,1405168.0750000002,160947.0568413735
11,2012-05-04,1370251.22,0,79.07,3.749,225.1797511,6.664,2012,5,4,18,2,Friday,18,May,2012-05,1236238.29,1348649.6275,99352.4679293494
11,2012-05-11,1300147.07,0,75.13,3.688,225.2351496,6.664,2012,5,11,19,2,Friday,19,May,2012-05,1370251.22,1305498.3925,55123.25300246464
11,2012-05-18,1352442.31,0,72.53,3.63,225.2512024,6.664,2012,5,18,20,2,Friday,20,May,2012-05,1300147.07,1314769.7225000001,60217.462224909774
11,2012-05-25,1297335.87,0,78.44,3.561,225.2515168,6.664,2012,5,25,21,2,Friday,21,May,2012-05,1352442.31,1330044.1175000002,36887.0032326237
11,2012-06-01,1361595.33,0,81.67,3.501,225.2518313,6.664,2012,6,1,22,2,Friday,22,June,2012-06,1297335.87,1327880.145,33872.75125772155
11,2012-06-08,1414343.53,0,82.1,3.452,225.2521458,6.664,2012,6,8,23,2,Friday,23,June,2012-06,1361595.33,1356429.26,47918.94357792099
11,2012-06-15,1417875.42,0,84.97,3.393,225.2644795,6.664,2012,6,15,24,2,Friday,24,June,2012-06,1414343.53,1372787.5375,56503.79721236106
11,2012-06-22,1355680.3,0,83.26,3.346,225.3068615,6.664,2012,6,22,25,2,Friday,25,June,2012-06,1417875.42,1387373.645,33300.26334526193
11,2012-06-29,1297028.6,0,87.86,3.286,225.3492435,6.664,2012,6,29,26,2,Friday,26,June,2012-06,1355680.3,1371231.9625,57102.867974329325
11,2012-07-06,1461129.94,0,83.44,3.227,225.3916254,6.334,2012,7,6,27,3,Friday,27,July,2012-07,1297028.6,1382928.565,71782.10004077709
11,2012-07-13,1320239.51,0,82.46,3.256,225.4340074,6.334,2012,7,13,28,3,Friday,28,July,2012-07,1461129.94,1358519.5875,72533.78953015056
11,2012-07-20,1344483.81,0,82.41,3.311,225.4438827,6.334,2012,7,20,29,3,Friday,29,July,2012-07,1320239.51,1355720.465,72895.02273876312
11,2012-07-27,1272395.02,0,85.43,3.407,225.4537579,6.334,2012,7,27,30,3,Friday,30,July,2012-07,1344483.81,1349562.07,80182.59260716573
11,2012-08-03,1399341.07,0,86.94,3.417,225.4636332,6.334,2012,8,3,31,3,Friday,31,August,2012-08,1272395.02,1334114.8525,52801.002459909534
11,2012-08-10,1388973.65,0,86.21,3.494,225.4735085,6.334,2012,8,10,32,3,Friday,32,August,2012-08,1399341.07,1351298.3875000002,57734.17421130172
11,2012-08-17,1421307.2,0,87.73,3.571,225.5558664,6.334,2012,8,17,33,3,Friday,33,August,2012-08,1388973.65,1370504.2349999999,66780.83972709117
11,2012-08-24,1409515.73,0,83.17,3.62,225.6925864,6.334,2012,8,24,34,3,Friday,34,August,2012-08,1421307.2,1404784.4125,13844.349755512396
11,2012-08-31,1372872.35,0,86.49,3.638,225.8293063,6.334,2012,8,31,35,3,Friday,35,August,2012-08,1409515.73,1398167.2325,21514.332674451445
11,2012-09-07,1304584.4,1,85.17,3.73,225.9660263,6.334,2012,9,7,36,3,Friday,36,September,2012-09,1372872.35,1377069.92,52540.26307486857
11,2012-09-14,1267675.05,0,79.61,3.717,226.1122067,6.334,2012,9,14,37,3,Friday,37,September,2012-09,1304584.4,1338661.8825,64267.74461589658
11,2012-09-21,1326132.98,0,73.64,3.721,226.3151496,6.334,2012,9,21,38,3,Friday,38,September,2012-09,1267675.05,1317816.1949999998,43930.11092236191
11,2012-09-28,1227430.73,0,77.67,3.666,226.5180926,6.334,2012,9,28,39,3,Friday,39,September,2012-09,1326132.98,1281455.79,43357.42846687044
11,2012-10-05,1422794.26,0,73.37,3.617,226.7210356,6.034,2012,10,5,40,4,Friday,40,October,2012-10,1227430.73,1311008.255,84828.92109197011
11,2012-10-12,1311965.09,0,69.94,3.601,226.9239785,6.034,2012,10,12,41,4,Friday,41,October,2012-10,1422794.26,1322080.7650000001,80042.8729447076
11,2012-10-19,1232073.18,0,73.77,3.594,226.9688442,6.034,2012,10,19,42,4,Friday,42,October,2012-10,1311965.09,1298565.815,91458.03763629158
11,2012-10-26,1200729.45,0,74.26,3.506,226.9873637,6.034,2012,10,26,43,4,Friday,43,October,2012-10,1232073.18,1291890.495,99040.78680841617
12,2010-02-26,1048617.17,0,50.23,2.825,126.5522857,13.975,2010,2,26,8,1,Friday,8,February,2010-02,1095421.65,1090487.13,29542.502905980633
12,2010-03-05,1077018.27,0,53.77,2.987,126.5782857,13.975,2010,3,5,9,1,Friday,9,March,2010-03,1048617.17,1084730.105,29301.514220082685
12,2010-03-12,985594.23,0,50.11,2.925,126.6042857,13.975,2010,3,12,10,1,Friday,10,March,2010-03,1077018.27,1051662.83,48069.63218839101
12,2010-03-19,972088.34,0,59.57,3.054,126.6066452,13.975,2010,3,19,11,1,Friday,11,March,2010-03,985594.23,1020829.5025,50154.951261931776
12,2010-03-26,981615.81,0,60.06,3.083,126.6050645,13.975,2010,3,26,12,1,Friday,12,March,2010-03,972088.34,1004079.1625,48955.15315807538
12,2010-04-02,1011822.3,0,59.84,3.086,126.6034839,14.099,2010,4,2,13,2,Friday,13,April,2010-04,981615.81,987780.17,17000.34520805361
12,2010-04-09,1041238.87,0,59.25,3.09,126.6019032,14.099,2010,4,9,14,2,Friday,14,April,2010-04,1011822.3,1001691.3300000001,31336.921745245858
12,2010-04-16,957997.52,0,64.95,3.109,126.5621,14.099,2010,4,16,15,2,Friday,15,April,2010-04,1041238.87,998168.625,36190.156151044175
12,2010-04-23,993833.44,0,64.55,3.05,126.4713333,14.099,2010,4,23,16,2,Friday,16,April,2010-04,957997.52,1001223.0325,34816.962966187726
12,2010-04-30,954220.22,0,67.38,3.105,126.3805667,14.099,2010,4,30,17,2,Friday,17,April,2010-04,993833.44,986822.5125,40431.35226058546
12,2010-05-07,1043240.27,0,70.15,3.127,126.2898,14.099,2010,5,7,18,2,Friday,18,May,2010-05,954220.22,987322.8624999999,41331.605074606254
12,2010-05-14,966054.97,0,68.44,3.145,126.2085484,14.099,2010,5,14,19,2,Friday,19,May,2010-05,1043240.27,989337.2249999999,39585.441969042455
12,2010-05-21,958374.56,0,76.2,3.12,126.1843871,14.099,2010,5,21,20,2,Friday,20,May,2010-05,966054.97,980472.5050000001,42131.37896119578
12,2010-05-28,955451.16,0,67.84,3.058,126.1602258,14.099,2010,5,28,21,2,Friday,21,May,2010-05,958374.56,980780.24,41879.45285412473
12,2010-06-04,1049357.36,0,81.39,2.941,126.1360645,14.099,2010,6,4,22,2,Friday,22,June,2010-06,955451.16,982309.5125000001,44921.69875260377
12,2010-06-11,1016039.71,0,90.84,2.949,126.1119032,14.099,2010,6,11,23,2,Friday,23,June,2010-06,1049357.36,994805.6975,45835.846851370436
12,2010-06-18,956211.2,0,81.06,3.043,126.114,14.099,2010,6,18,24,2,Friday,24,June,2010-06,1016039.71,994264.8575000002,46418.07117871968
12,2010-06-25,958007.69,0,87.27,3.084,126.1266,14.099,2010,6,25,25,2,Friday,25,June,2010-06,956211.2,994903.99,45717.819705775524
12,2010-07-02,951957.31,0,91.98,3.105,126.1392,14.18,2010,7,2,26,3,Friday,26,July,2010-07,958007.69,970553.9775,30429.7688654504
12,2010-07-09,943506.28,0,90.37,3.1,126.1518,14.18,2010,7,9,27,3,Friday,27,July,2010-07,951957.31,952420.62,6461.784111551684
12,2010-07-16,916402.76,0,97.18,3.094,126.1498065,14.18,2010,7,16,28,3,Friday,28,July,2010-07,943506.28,942468.51,18366.670267522593
12,2010-07-23,912403.67,0,99.22,3.112,126.1283548,14.18,2010,7,23,29,3,Friday,29,July,2010-07,916402.76,931067.505,19617.17410213804
12,2010-07-30,913548.25,0,96.31,3.017,126.1069032,14.18,2010,7,30,30,3,Friday,30,July,2010-07,912403.67,921465.24,14789.939481021926
12,2010-08-06,967576.95,0,92.95,3.123,126.0854516,14.18,2010,8,6,31,3,Friday,31,August,2010-08,913548.25,927482.9075,26782.207998577156
12,2010-08-13,928264.4,0,87.01,3.159,126.064,14.18,2010,8,13,32,3,Friday,32,August,2010-08,967576.95,930448.3175000001,25784.53303740154
12,2010-08-20,948447.34,0,92.81,3.041,126.0766452,14.18,2010,8,20,33,3,Friday,33,August,2010-08,928264.4,939459.235,23580.326564458977
12,2010-08-27,1004516.46,0,93.19,3.129,126.0892903,14.18,2010,8,27,34,3,Friday,34,August,2010-08,948447.34,962201.2875,32456.92004303028
12,2010-09-03,1075758.55,0,83.12,3.087,126.1019355,14.18,2010,9,3,35,3,Friday,35,September,2010-09,1004516.46,989246.6875,66083.01458665209
12,2010-09-10,903119.03,1,83.63,3.044,126.1145806,14.18,2010,9,10,36,3,Friday,36,September,2010-09,1075758.55,982960.345,74480.32411354118
12,2010-09-17,852882.61,0,82.45,3.028,126.1454667,14.18,2010,9,17,37,3,Friday,37,September,2010-09,903119.03,959069.1625,100146.34502197502
12,2010-09-24,851919.34,0,81.77,2.939,126.1900333,14.18,2010,9,24,38,3,Friday,38,September,2010-09,852882.61,920919.8825,105959.1566240435
12,2010-10-01,850936.26,0,85.2,3.001,126.2346,14.313,2010,10,1,39,4,Friday,39,October,2010-10,851919.34,864714.31,25615.474244237434
12,2010-10-08,918335.68,0,71.82,3.013,126.2791667,14.313,2010,10,8,40,4,Friday,40,October,2010-10,850936.26,868518.4724999999,33220.976081207344
12,2010-10-15,862419.84,0,75.0,2.976,126.3266774,14.313,2010,10,15,41,4,Friday,41,October,2010-10,918335.68,870902.78,32046.181200455998
12,2010-10-22,857883.46,0,68.85,3.014,126.3815484,14.313,2010,10,22,42,4,Friday,42,October,2010-10,862419.84,872393.81,30989.848906712337
12,2010-10-29,955294.7,0,61.09,3.016,126.4364194,14.313,2010,10,29,43,4,Friday,43,October,2010-10,857883.46,898483.42,46799.47405959384
12,2010-11-05,929690.71,0,65.49,3.129,126.4912903,14.313,2010,11,5,44,4,Friday,44,November,2010-11,955294.7,901322.1775,48710.43988792363
12,2010-11-12,942475.24,0,57.79,3.13,126.5461613,14.313,2010,11,12,45,4,Friday,45,November,2010-11,929690.71,921336.0275000001,43574.024315334485
12,2010-11-19,894493.7,0,58.18,3.161,126.6072,14.313,2010,11,19,46,4,Friday,46,November,2010-11,942475.24,930488.5875,26174.361438634904
12,2010-11-26,1601377.41,1,47.66,3.162,126.6692667,14.313,2010,11,26,47,4,Friday,47,November,2010-11,894493.7,1092009.265,340184.2851004922
12,2010-12-03,1069533.17,0,43.33,3.041,126.7313333,14.313,2010,12,3,48,4,Friday,48,December,2010-12,1601377.41,1126969.88,324779.37466966035
12,2010-12-10,1121934.15,0,50.01,3.203,126.7934,14.313,2010,12,10,49,4,Friday,49,December,2010-12,1069533.17,1171834.6075,302423.8956199026
12,2010-12-17,1295605.35,0,52.77,3.236,126.8794839,14.313,2010,12,17,50,4,Friday,50,December,2010-12,1121934.15,1272112.52,239832.73109287393
12,2010-12-24,1768249.89,0,52.02,3.236,126.9835806,14.313,2010,12,24,51,4,Friday,51,December,2010-12,1295605.35,1313830.64,317980.36243813735
12,2010-12-31,891736.91,1,45.64,3.148,127.0876774,14.313,2010,12,31,52,4,Friday,52,December,2010-12,1768249.89,1269381.575,371444.7102096904
12,2011-01-07,910110.24,0,37.64,3.287,127.1917742,14.021,2011,1,7,1,1,Friday,1,January,2011-01,891736.91,1216425.5975000001,412323.2247601842
12,2011-01-14,812011.8,0,43.15,3.312,127.3009355,14.021,2011,1,14,2,1,Friday,2,January,2011-01,910110.24,1095527.21,450498.5131429112
12,2011-01-21,802105.5,0,53.53,3.223,127.4404839,14.021,2011,1,21,3,1,Friday,3,January,2011-01,812011.8,853991.1125,54858.85271234705
12,2011-01-28,873119.06,0,50.74,3.342,127.5800323,14.021,2011,1,28,4,1,Friday,4,January,2011-01,802105.5,849336.65,51260.63539969401
12,2011-02-04,1046068.17,0,45.14,3.348,127.7195806,14.021,2011,2,4,5,1,Friday,5,February,2011-02,873119.06,883326.1325000001,112947.89397814103
12,2011-02-11,1086421.57,1,51.3,3.381,127.859129,14.021,2011,2,11,6,1,Friday,6,February,2011-02,1046068.17,951928.575,136147.61903637875
12,2011-02-18,1128485.1,0,53.35,3.43,127.99525,14.021,2011,2,18,7,1,Friday,7,February,2011-02,1086421.57,1033523.4750000001,112105.4033806351
12,2011-02-25,1046203.72,0,48.45,3.53,128.13,14.021,2011,2,25,8,1,Friday,8,February,2011-02,1128485.1,1076794.6400000001,39346.75666999599
12,2011-03-04,1085248.21,0,51.72,3.674,128.26475,14.021,2011,3,4,9,1,Friday,9,March,2011-03,1046203.72,1086589.65,33605.95078666483
12,2011-03-11,997672.62,0,57.75,3.818,128.3995,14.021,2011,3,11,10,1,Friday,10,March,2011-03,1085248.21,1064402.4124999999,55753.0140483786
12,2011-03-18,1009502.01,0,64.21,3.692,128.5121935,14.021,2011,3,18,11,1,Friday,11,March,2011-03,997672.62,1034656.64,39553.40338238262
12,2011-03-25,954107.32,0,54.4,3.909,128.6160645,14.021,2011,3,25,12,1,Friday,12,March,2011-03,1009502.01,1011632.54,54552.22674979897
12,2011-04-01,1005463.49,0,63.63,3.772,128.7199355,13.736,2011,4,1,13,2,Friday,13,April,2011-04,954107.32,991686.36,25529.239785446396
12,2011-04-08,998362.05,0,64.47,4.003,128.8238065,13.736,2011,4,8,14,2,Friday,14,April,2011-04,1005463.49,991858.7175,25585.392654310475
12,2011-04-15,990951.77,0,57.63,3.868,128.9107333,13.736,2011,4,15,15,2,Friday,15,April,2011-04,998362.05,987221.1575,22857.135168538643
12,2011-04-22,1016019.47,0,72.12,4.134,128.9553,13.736,2011,4,22,16,2,Friday,16,April,2011-04,990951.77,1002699.195,10675.265395672568
12,2011-04-29,994966.1,0,68.27,4.151,128.9998667,13.736,2011,4,29,17,2,Friday,17,April,2011-04,1016019.47,1000074.8475,11052.82024391831
12,2011-05-06,1021154.48,0,68.4,4.193,129.0444333,13.736,2011,5,6,18,2,Friday,18,May,2011-05,994966.1,1005772.955,15033.717889751815
12,2011-05-13,977033.5,0,70.93,4.202,129.089,13.736,2011,5,13,19,2,Friday,19,May,2011-05,1021154.48,1002293.3875,20296.939093621226
12,2011-05-20,924134.99,0,66.59,4.169,129.0756774,13.736,2011,5,20,20,2,Friday,20,May,2011-05,977033.5,979322.2675,41010.313956630154
12,2011-05-27,964332.51,0,76.67,4.087,129.0623548,13.736,2011,5,27,21,2,Friday,21,May,2011-05,924134.99,971663.87,39962.05149060315
12,2011-06-03,970328.68,0,71.81,4.031,129.0490323,13.736,2011,6,3,22,2,Friday,22,June,2011-06,964332.51,958957.4199999999,23787.555890751406
12,2011-06-10,996937.95,0,78.72,3.981,129.0357097,13.736,2011,6,10,23,2,Friday,23,June,2011-06,970328.68,963933.5325,30079.188011152244
12,2011-06-17,986504.93,0,86.84,3.935,129.0432,13.736,2011,6,17,24,2,Friday,24,June,2011-06,996937.95,979526.0175000001,14914.35885657981
12,2011-06-24,997282.75,0,88.95,3.898,129.0663,13.736,2011,6,24,25,2,Friday,25,June,2011-06,986504.93,987763.5775,12653.63716115009
12,2011-07-01,961993.34,0,89.85,3.842,129.0894,13.503,2011,7,1,26,3,Friday,26,July,2011-07,997282.75,985679.7424999999,16564.053619813025
12,2011-07-08,943717.38,0,89.9,3.705,129.1125,13.503,2011,7,8,27,3,Friday,27,July,2011-07,961993.34,972374.6,24146.00712089731
12,2011-07-15,936001.98,0,88.1,3.692,129.1338387,13.503,2011,7,15,28,3,Friday,28,July,2011-07,943717.38,959748.8624999999,27293.18138123612
12,2011-07-22,922231.92,0,91.17,3.794,129.1507742,13.503,2011,7,22,29,3,Friday,29,July,2011-07,936001.98,940986.155,16586.387415494366
12,2011-07-29,890547.07,0,93.29,3.805,129.1677097,13.503,2011,7,29,30,3,Friday,30,July,2011-07,922231.92,923124.5875,23466.158912182545
12,2011-08-05,988712.52,0,90.61,3.803,129.1846452,13.503,2011,8,5,31,3,Friday,31,August,2011-08,890547.07,934373.3725,40920.87883158185
12,2011-08-12,955913.68,0,91.04,3.701,129.2015806,13.503,2011,8,12,32,3,Friday,32,August,2011-08,988712.52,939351.2975000001,42370.463409589196
12,2011-08-19,966817.24,0,91.74,3.743,129.2405806,13.503,2011,8,19,33,3,Friday,33,August,2011-08,955913.68,950497.6275000001,42229.968545967444
12,2011-08-26,1017593.47,0,94.61,3.74,129.2832581,13.503,2011,8,26,34,3,Friday,34,August,2011-08,966817.24,982259.2275,27219.45706147311
12,2011-09-02,1052051.45,0,93.66,3.798,129.3259355,13.503,2011,9,2,35,3,Friday,35,September,2011-09,1017593.47,998093.96,44903.78919488802
12,2011-09-09,922850.57,1,88.0,3.913,129.3686129,13.503,2011,9,9,36,3,Friday,36,September,2011-09,1052051.45,989828.1825,56739.610676823526
12,2011-09-16,889290.23,0,76.36,3.918,129.4306,13.503,2011,9,16,37,3,Friday,37,September,2011-09,922850.57,970446.4299999999,76885.01665374832
12,2011-09-23,871692.74,0,82.95,3.789,129.5183333,13.503,2011,9,23,38,3,Friday,38,September,2011-09,889290.23,933971.2475,81530.3818866783
12,2011-09-30,866401.45,0,83.26,3.877,129.6060667,13.503,2011,9,30,39,3,Friday,39,September,2011-09,871692.74,887558.7474999999,25481.183897880976
12,2011-10-07,951244.66,0,70.44,3.827,129.6938,12.89,2011,10,7,40,4,Friday,40,October,2011-10,866401.45,894657.27,38973.06260896541
12,2011-10-14,927600.01,0,67.31,3.805,129.7706452,12.89,2011,10,14,41,4,Friday,41,October,2011-10,951244.66,904234.7150000001,41817.89097503962
12,2011-10-21,938604.58,0,73.05,3.842,129.7821613,12.89,2011,10,21,42,4,Friday,42,October,2011-10,927600.01,920962.6749999999,37635.16492578039
12,2011-10-28,990926.38,0,67.41,3.727,129.7936774,12.89,2011,10,28,43,4,Friday,43,October,2011-10,938604.58,952093.9075,27632.077451892732
12,2011-11-04,1051944.79,0,59.77,3.828,129.8051935,12.89,2011,11,4,44,4,Friday,44,November,2011-11,990926.38,977268.94,56935.47102387197
12,2011-11-11,1095091.53,0,48.76,3.824,129.8167097,12.89,2011,11,11,45,4,Friday,45,November,2011-11,1051944.79,1019141.8200000001,68621.5499949203
12,2011-11-18,970641.34,0,54.2,3.813,129.8268333,12.89,2011,11,18,46,4,Friday,46,November,2011-11,1095091.53,1027151.01,56968.44859716772
12,2011-11-25,1591920.42,1,53.25,3.622,129.8364,12.89,2011,11,25,47,4,Friday,47,November,2011-11,970641.34,1177399.52,281122.7584946566
12,2011-12-02,1071383.1,0,52.5,3.701,129.8459667,12.89,2011,12,2,48,4,Friday,48,December,2011-12,1591920.42,1182259.0975000001,278385.91085473687
12,2011-12-09,1189646.45,0,42.17,3.644,129.8555333,12.89,2011,12,9,49,4,Friday,49,December,2011-12,1071383.1,1205897.8275,272468.5767914685
12,2011-12-16,1293404.18,0,43.29,3.6,129.8980645,12.89,2011,12,16,50,4,Friday,50,December,2011-12,1189646.45,1286588.5375,222849.0970081961
12,2011-12-23,1617612.03,0,45.4,3.541,129.9845484,12.89,2011,12,23,51,4,Friday,51,December,2011-12,1293404.18,1293011.44,234640.95942660357
12,2011-12-30,1111638.07,1,44.64,3.428,130.0710323,12.89,2011,12,30,52,4,Friday,52,December,2011-12,1617612.03,1303075.1825,222516.81743446356
12,2012-01-06,945823.65,0,50.43,3.599,130.1575161,12.187,2012,1,6,1,1,Friday,1,January,2012-01,1111638.07,1242119.4825,287773.86538192857
12,2012-01-13,865467.86,0,48.07,3.657,130.244,12.187,2012,1,13,2,1,Friday,2,January,2012-01,945823.65,1135135.4025,337587.1955663205
12,2012-01-20,855922.64,0,46.2,3.66,130.2792258,12.187,2012,1,20,3,1,Friday,3,January,2012-01,865467.86,944713.0549999999,118362.06146180417
12,2012-01-27,888203.69,0,50.43,3.675,130.3144516,12.187,2012,1,27,4,1,Friday,4,January,2012-01,855922.64,888854.46,40321.003372603525
12,2012-02-03,1058767.95,0,50.58,3.702,130.3496774,12.187,2012,2,3,5,1,Friday,5,February,2012-02,888203.69,917090.535,95417.24457703662
12,2012-02-10,1199330.85,1,52.27,3.722,130.3849032,12.187,2012,2,10,6,1,Friday,6,February,2012-02,1058767.95,1000556.2825000001,159626.5668179234
12,2012-02-17,1240048.85,0,51.8,3.781,130.4546207,12.187,2012,2,17,7,1,Friday,7,February,2012-02,1199330.85,1096587.835,159155.5691191424
12,2012-02-24,1112034.72,0,53.13,3.95,130.5502069,12.187,2012,2,24,8,1,Friday,8,February,2012-02,1240048.85,1152545.5925,82221.36262558008
12,2012-03-02,1147636.96,0,52.27,4.178,130.6457931,12.187,2012,3,2,9,1,Friday,9,March,2012-03,1112034.72,1174762.845,56381.086135892125
12,2012-03-09,1113208.57,0,54.54,4.25,130.7413793,12.187,2012,3,9,10,1,Friday,10,March,2012-03,1147636.96,1153232.275,60187.37615310095
12,2012-03-16,1088498.52,0,64.44,4.273,130.8261935,12.187,2012,3,16,11,1,Friday,11,March,2012-03,1113208.57,1115344.6925,24351.772389134596
12,2012-03-23,1045419.87,0,56.26,4.038,130.8966452,12.187,2012,3,23,12,1,Friday,12,March,2012-03,1088498.52,1098690.98,43004.52216163521
12,2012-03-30,1025382.22,0,64.36,4.294,130.9670968,12.187,2012,3,30,13,1,Friday,13,March,2012-03,1045419.87,1068127.2950000002,39958.63173546654
12,2012-04-06,1128765.71,0,64.05,4.121,131.0375484,11.627,2012,4,6,14,2,Friday,14,April,2012-04,1025382.22,1072016.58,46095.07065964716
12,2012-04-13,1083811.19,0,64.28,4.254,131.108,11.627,2012,4,13,15,2,Friday,15,April,2012-04,1128765.71,1070844.7475,45593.2463222711
12,2012-04-20,1006486.96,0,66.73,4.222,131.1173333,11.627,2012,4,20,16,2,Friday,16,April,2012-04,1083811.19,1061111.52,55835.442377125655
12,2012-04-27,1004252.38,0,77.99,4.193,131.1266667,11.627,2012,4,27,17,2,Friday,17,April,2012-04,1006486.96,1055829.06,61094.32942805505
12,2012-05-04,1073433.69,0,76.03,4.171,131.136,11.627,2012,5,4,18,2,Friday,18,May,2012-05,1004252.38,1041996.0549999999,42513.96335199921
12,2012-05-11,1041995.22,0,77.27,4.186,131.1453333,11.627,2012,5,11,19,2,Friday,19,May,2012-05,1073433.69,1031542.0625,32846.41983816066
12,2012-05-18,1020486.05,0,84.51,4.11,131.0983226,11.627,2012,5,18,20,2,Friday,20,May,2012-05,1041995.22,1035041.835,29900.643858517906
12,2012-05-25,991514.21,0,83.84,4.293,131.0287742,11.627,2012,5,25,21,2,Friday,21,May,2012-05,1020486.05,1031857.2925,34584.40816643697
12,2012-06-01,981345.2,0,78.11,4.277,130.9592258,11.627,2012,6,1,22,2,Friday,22,June,2012-06,991514.21,1008835.1699999999,27634.797066371357
12,2012-06-08,1086231.47,0,84.83,4.103,130.8896774,11.627,2012,6,8,23,2,Friday,23,June,2012-06,981345.2,1019894.2325,47231.4616573547
12,2012-06-15,1019555.51,0,85.94,4.144,130.8295333,11.627,2012,6,15,24,2,Friday,24,June,2012-06,1086231.47,1019661.5974999999,47229.86667945154
12,2012-06-22,981386.25,0,91.61,4.014,130.7929,11.627,2012,6,22,25,2,Friday,25,June,2012-06,1019555.51,1017129.6074999999,49460.63697327566
12,2012-06-29,943124.74,0,90.47,3.875,130.7562667,11.627,2012,6,29,26,2,Friday,26,June,2012-06,981386.25,1007574.4924999999,61019.285291127555
12,2012-07-06,1014898.78,0,89.13,3.765,130.7196333,10.926,2012,7,6,27,3,Friday,27,July,2012-07,943124.74,989741.3200000001,35424.55101859962
12,2012-07-13,960312.75,0,95.61,3.723,130.683,10.926,2012,7,13,28,3,Friday,28,July,2012-07,1014898.78,974930.6300000001,30899.973561975974
12,2012-07-20,941550.34,0,85.53,3.726,130.7012903,10.926,2012,7,20,29,3,Friday,29,July,2012-07,960312.75,964971.6525000001,34352.43270332821
12,2012-07-27,916967.92,0,93.47,3.769,130.7195806,10.926,2012,7,27,30,3,Friday,30,July,2012-07,941550.34,958432.4475,41618.484827180866
12,2012-08-03,958667.23,0,88.16,3.76,130.737871,10.926,2012,8,3,31,3,Friday,31,August,2012-08,916967.92,944374.5599999999,20144.53152348399
12,2012-08-10,984689.9,0,95.91,3.811,130.7561613,10.926,2012,8,10,32,3,Friday,32,August,2012-08,958667.23,950468.8475,28519.8517364707
12,2012-08-17,1005003.12,0,94.87,4.002,130.7909677,10.926,2012,8,17,33,3,Friday,33,August,2012-08,984689.9,966332.0425,37982.57981345069
12,2012-08-24,1048101.39,0,85.32,4.055,130.8381613,10.926,2012,8,24,34,3,Friday,34,August,2012-08,1005003.12,999115.41,37764.365786086746
12,2012-08-31,1061943.49,0,89.78,4.093,130.8853548,10.926,2012,8,31,35,3,Friday,35,August,2012-08,1048101.39,1024934.475,36162.862492494714
12,2012-09-07,955146.04,1,88.52,4.124,130.9325484,10.926,2012,9,7,36,3,Friday,36,September,2012-09,1061943.49,1017548.51,48152.00860416558
12,2012-09-14,885892.37,0,83.64,4.133,130.9776667,10.926,2012,9,14,37,3,Friday,37,September,2012-09,955146.04,987770.8225,82835.09219307093
12,2012-09-21,922735.37,0,82.97,4.125,131.0103333,10.926,2012,9,21,38,3,Friday,38,September,2012-09,885892.37,956429.3174999999,75819.14986829112
12,2012-09-28,880415.67,0,81.22,3.966,131.043,10.926,2012,9,28,39,3,Friday,39,September,2012-09,922735.37,911047.3625,34892.10564801823
12,2012-10-05,979825.92,0,81.61,3.966,131.0756667,10.199,2012,10,5,40,4,Friday,40,October,2012-10,880415.67,917217.3325,45774.44558188052
12,2012-10-12,934917.47,0,71.74,4.468,131.1083333,10.199,2012,10,12,41,4,Friday,41,October,2012-10,979825.92,929473.6074999999,40894.482469626084
12,2012-10-19,960945.43,0,68.66,4.449,131.1499677,10.199,2012,10,19,42,4,Friday,42,October,2012-10,934917.47,939026.1224999999,43193.92582659396
12,2012-10-26,974697.6,0,65.95,4.301,131.1930968,10.199,2012,10,26,43,4,Friday,43,October,2012-10,960945.43,962596.605,20100.947478390222
13,2010-02-26,1817850.32,0,29.98,2.667,126.5522857,8.316,2010,2,26,8,1,Friday,8,February,2010-02,1970274.64,1946569.7375,90690.50620840245
13,2010-03-05,1939980.43,0,40.65,2.681,126.5782857,8.316,2010,3,5,9,1,Friday,9,March,2010-03,1817850.32,1939759.7125,89639.57780924275
13,2010-03-12,1840686.94,0,37.62,2.733,126.6042857,8.316,2010,3,12,10,1,Friday,10,March,2010-03,1939980.43,1892198.0825,74296.90247933926
13,2010-03-19,1879794.89,0,42.49,2.782,126.6066452,8.316,2010,3,19,11,1,Friday,11,March,2010-03,1840686.94,1869578.145,53451.95106261021
13,2010-03-26,1882095.98,0,41.48,2.819,126.6050645,8.316,2010,3,26,12,1,Friday,12,March,2010-03,1879794.89,1885639.5599999998,40907.96712885608
13,2010-04-02,2142482.14,0,42.15,2.842,126.6034839,8.107,2010,4,2,13,2,Friday,13,April,2010-04,1882095.98,1936264.9875,138785.0021127585
13,2010-04-09,1898321.33,0,38.97,2.877,126.6019032,8.107,2010,4,9,14,2,Friday,14,April,2010-04,2142482.14,1950673.585,128137.89146490085
13,2010-04-16,1819660.44,0,50.39,2.915,126.5621,8.107,2010,4,16,15,2,Friday,15,April,2010-04,1898321.33,1935639.9725000001,142003.0215944947
13,2010-04-23,1909330.77,0,55.66,2.936,126.4713333,8.107,2010,4,23,16,2,Friday,16,April,2010-04,1819660.44,1942448.6700000002,139205.31118059572
13,2010-04-30,1785823.37,0,48.33,2.941,126.3805667,8.107,2010,4,30,17,2,Friday,17,April,2010-04,1909330.77,1853283.9775,60141.72680158833
13,2010-05-07,2005478.46,0,44.42,2.948,126.2898,8.107,2010,5,7,18,2,Friday,18,May,2010-05,1785823.37,1880073.26,98514.3249546394
13,2010-05-14,1890273.44,0,50.15,2.962,126.2085484,8.107,2010,5,14,19,2,Friday,19,May,2010-05,2005478.46,1897726.5099999998,90042.58728186123
13,2010-05-21,1853657.6,0,57.71,2.95,126.1843871,8.107,2010,5,21,20,2,Friday,20,May,2010-05,1890273.44,1883808.2175,91933.92026742744
13,2010-05-28,1877358.86,0,53.11,2.908,126.1602258,8.107,2010,5,28,21,2,Friday,21,May,2010-05,1853657.6,1906692.09,67580.60490355837
13,2010-06-04,2022705.22,0,59.85,2.871,126.1360645,8.107,2010,6,4,22,2,Friday,22,June,2010-06,1877358.86,1910998.78,75998.95524937205
13,2010-06-11,2037880.96,0,65.24,2.841,126.1119032,8.107,2010,6,11,23,2,Friday,23,June,2010-06,2022705.22,1947900.66,95829.84310795747
13,2010-06-18,2003435.31,0,58.41,2.819,126.114,8.107,2010,6,18,24,2,Friday,24,June,2010-06,2037880.96,1985345.0875,73357.75096410514
13,2010-06-25,1970340.25,0,71.83,2.82,126.1266,8.107,2010,6,25,25,2,Friday,25,June,2010-06,2003435.31,2008590.435,29136.54049855378
13,2010-07-02,2018314.71,0,78.82,2.814,126.1392,7.951,2010,7,2,26,3,Friday,26,July,2010-07,1970340.25,2007492.8075,28503.386938139887
13,2010-07-09,1870843.9,0,71.33,2.802,126.1518,7.951,2010,7,9,27,3,Friday,27,July,2010-07,2018314.71,1965733.5425,66361.30513096601
13,2010-07-16,1932231.05,0,77.79,2.791,126.1498065,7.951,2010,7,16,28,3,Friday,28,July,2010-07,1870843.9,1947932.4774999998,62302.8905873213
13,2010-07-23,1907351.2,0,82.27,2.797,126.1283548,7.951,2010,7,23,29,3,Friday,29,July,2010-07,1932231.05,1932185.215,62710.38520253744
13,2010-07-30,1817887.23,0,78.94,2.797,126.1069032,7.951,2010,7,30,30,3,Friday,30,July,2010-07,1907351.2,1882078.3450000002,49667.97431635296
13,2010-08-06,1969121.45,0,81.24,2.802,126.0854516,7.951,2010,8,6,31,3,Friday,31,August,2010-08,1817887.23,1906647.7325,64385.28088300921
13,2010-08-13,1877592.55,0,74.93,2.837,126.064,7.951,2010,8,13,32,3,Friday,32,August,2010-08,1969121.45,1892988.1075,62927.866795752765
13,2010-08-20,1997397.63,0,76.34,2.85,126.0766452,7.951,2010,8,20,33,3,Friday,33,August,2010-08,1877592.55,1915499.7149999999,82760.11384713078
13,2010-08-27,1908278.27,0,75.31,2.854,126.0892903,7.951,2010,8,27,34,3,Friday,34,August,2010-08,1997397.63,1938097.4749999999,54860.50900211214
13,2010-09-03,1911852.58,0,65.71,2.868,126.1019355,7.951,2010,9,3,35,3,Friday,35,September,2010-09,1908278.27,1923780.2575,51430.869345506544
13,2010-09-10,1772143.94,1,65.74,2.87,126.1145806,7.951,2010,9,10,36,3,Friday,36,September,2010-09,1911852.58,1897418.105,93123.2500292417
13,2010-09-17,1790279.74,0,66.84,2.875,126.1454667,7.951,2010,9,17,37,3,Friday,37,September,2010-09,1772143.94,1845638.6324999998,74775.41448488864
13,2010-09-24,1705655.09,0,68.22,2.872,126.1900333,7.951,2010,9,24,38,3,Friday,38,September,2010-09,1790279.74,1794982.8375,85987.82384840034
13,2010-10-01,1765584.48,0,68.74,2.853,126.2346,7.795,2010,10,1,39,4,Friday,39,October,2010-10,1705655.09,1758415.8125,36691.756534811546
13,2010-10-08,1871924.07,0,63.03,2.841,126.2791667,7.795,2010,10,8,40,4,Friday,40,October,2010-10,1765584.48,1783360.8450000002,68909.35941064286
13,2010-10-15,1851431.06,0,54.12,2.845,126.3266774,7.795,2010,10,15,41,4,Friday,41,October,2010-10,1871924.07,1798648.675,77236.24261714841
13,2010-10-22,1796949.59,0,56.89,2.849,126.3815484,7.795,2010,10,22,42,4,Friday,42,October,2010-10,1851431.06,1821472.2999999998,48879.85313319281
13,2010-10-29,1887895.07,0,45.12,2.841,126.4364194,7.795,2010,10,29,43,4,Friday,43,October,2010-10,1796949.59,1852049.9475,39649.657293814904
13,2010-11-05,1854967.66,0,49.96,2.831,126.4912903,7.795,2010,11,5,44,4,Friday,44,November,2010-11,1887895.07,1847810.845,37673.76767113751
13,2010-11-12,1939964.63,0,42.55,2.831,126.5461613,7.795,2010,11,12,45,4,Friday,45,November,2010-11,1854967.66,1869944.2375,59937.75713343594
13,2010-11-19,1925393.91,0,42.0,2.842,126.6072,7.795,2010,11,19,46,4,Friday,46,November,2010-11,1939964.63,1902055.3175,38295.19540013073
13,2010-11-26,2766400.05,1,28.22,2.83,126.6692667,7.795,2010,11,26,47,4,Friday,47,November,2010-11,1925393.91,2121681.5625,431411.6827317178
13,2010-12-03,2083379.89,0,25.8,2.812,126.7313333,7.795,2010,12,3,48,4,Friday,48,December,2010-12,2766400.05,2178784.62,398177.4293027175
13,2010-12-10,2461468.35,0,36.78,2.817,126.7934,7.795,2010,12,10,49,4,Friday,49,December,2010-12,2083379.89,2309160.55,378822.45916700637
13,2010-12-17,2771646.81,0,35.21,2.842,126.8794839,7.795,2010,12,17,50,4,Friday,50,December,2010-12,2461468.35,2520723.775,325627.6404782563
13,2010-12-24,3595903.2,0,34.9,2.846,126.9835806,7.795,2010,12,24,51,4,Friday,51,December,2010-12,2771646.81,2728099.5625,643359.7168020349
13,2010-12-31,1675292.0,1,26.79,2.868,127.0876774,7.795,2010,12,31,52,4,Friday,52,December,2010-12,3595903.2,2626077.59,794321.8389855808
13,2011-01-07,1744544.39,0,16.94,2.891,127.1917742,7.47,2011,1,7,1,1,Friday,1,January,2011-01,1675292.0,2446846.6,915487.3276697402
13,2011-01-14,1682316.31,0,20.6,2.903,127.3009355,7.47,2011,1,14,2,1,Friday,2,January,2011-01,1744544.39,2174513.975,948103.7732803874
13,2011-01-21,1770177.37,0,34.8,2.934,127.4404839,7.47,2011,1,21,3,1,Friday,3,January,2011-01,1682316.31,1718082.5175,46634.58780794988
13,2011-01-28,1633663.12,0,31.64,2.96,127.5800323,7.47,2011,1,28,4,1,Friday,4,January,2011-01,1770177.37,1707675.2975,61608.22378515104
13,2011-02-04,1848186.58,0,23.35,2.974,127.7195806,7.47,2011,2,4,5,1,Friday,5,February,2011-02,1633663.12,1733585.845,95018.21641998614
13,2011-02-11,1944438.9,1,30.83,3.034,127.859129,7.47,2011,2,11,6,1,Friday,6,February,2011-02,1848186.58,1799116.4925000002,131325.00002099836
13,2011-02-18,2003480.59,0,40.85,3.062,127.99525,7.47,2011,2,18,7,1,Friday,7,February,2011-02,1944438.9,1857442.2975,162335.43494040662
13,2011-02-25,1831933.95,0,33.17,3.12,128.13,7.47,2011,2,25,8,1,Friday,8,February,2011-02,2003480.59,1907010.0050000001,81248.80576405398
13,2011-03-04,1894960.68,0,34.23,3.23,128.26475,7.47,2011,3,4,9,1,Friday,9,March,2011-03,1831933.95,1918703.53,72897.51278513644
13,2011-03-11,1852432.58,0,41.28,3.346,128.3995,7.47,2011,3,11,10,1,Friday,10,March,2011-03,1894960.68,1895701.95,76497.01720907693
13,2011-03-18,1852443.78,0,44.69,3.407,128.5121935,7.47,2011,3,18,11,1,Friday,11,March,2011-03,1852432.58,1857942.7475,26503.996323905147
13,2011-03-25,1807545.43,0,42.38,3.435,128.6160645,7.47,2011,3,25,12,1,Friday,12,March,2011-03,1852443.78,1851845.6175,35693.68548387296
13,2011-04-01,1864238.64,0,42.49,3.487,128.7199355,7.193,2011,4,1,13,2,Friday,13,April,2011-04,1807545.43,1844165.1075,25038.86983026676
13,2011-04-08,1887465.04,0,42.75,3.547,128.8238065,7.193,2011,4,8,14,2,Friday,14,April,2011-04,1864238.64,1852923.2225,33568.585248138064
13,2011-04-15,1950994.04,0,41.72,3.616,128.9107333,7.193,2011,4,15,15,2,Friday,15,April,2011-04,1887465.04,1877560.7874999999,59358.14094734644
13,2011-04-22,2124316.34,0,47.55,3.655,128.9553,7.193,2011,4,22,16,2,Friday,16,April,2011-04,1950994.04,1956753.515,117573.19243538666
13,2011-04-29,1895583.12,0,43.85,3.683,128.9998667,7.193,2011,4,29,17,2,Friday,17,April,2011-04,2124316.34,1964589.635,110162.85332772591
13,2011-05-06,1986380.4,0,47.75,3.744,129.0444333,7.193,2011,5,6,18,2,Friday,18,May,2011-05,1895583.12,1989318.475,97447.65250175247
13,2011-05-13,1958823.56,0,52.4,3.77,129.089,7.193,2011,5,13,19,2,Friday,19,May,2011-05,1986380.4,1991275.855,96495.22805340741
13,2011-05-20,1860923.55,0,52.12,3.802,129.0756774,7.193,2011,5,20,20,2,Friday,20,May,2011-05,1958823.56,1925427.6575,57393.37773942036
13,2011-05-27,1866369.93,0,54.62,3.778,129.0623548,7.193,2011,5,27,21,2,Friday,21,May,2011-05,1860923.55,1918124.3599999999,63942.07161277758
13,2011-06-03,1935593.87,0,52.76,3.752,129.0490323,7.193,2011,6,3,22,2,Friday,22,June,2011-06,1866369.93,1905427.7275,49218.03342339424
13,2011-06-10,1997816.98,0,61.39,3.732,129.0357097,7.193,2011,6,10,23,2,Friday,23,June,2011-06,1935593.87,1915176.0825,64734.796903766284
13,2011-06-17,2086433.49,0,63.35,3.704,129.0432,7.193,2011,6,17,24,2,Friday,24,June,2011-06,1997816.98,1971553.5675000001,93530.49568950219
13,2011-06-24,2009163.08,0,66.38,3.668,129.0663,7.193,2011,6,24,25,2,Friday,25,June,2011-06,2086433.49,2007251.855,61906.563418314574
13,2011-07-01,2048035.74,0,74.29,3.613,129.0894,6.877,2011,7,1,26,3,Friday,26,July,2011-07,2009163.08,2035362.3225000002,40269.64411711013
13,2011-07-08,2021699.38,0,77.3,3.563,129.1125,6.877,2011,7,8,27,3,Friday,27,July,2011-07,2048035.74,2041332.9224999999,34153.39762908949
13,2011-07-15,1956813.31,0,75.59,3.553,129.1338387,6.877,2011,7,15,28,3,Friday,28,July,2011-07,2021699.38,2008927.8775,38334.14340311679
13,2011-07-22,1987089.36,0,78.5,3.563,129.1507742,6.877,2011,7,22,29,3,Friday,29,July,2011-07,1956813.31,2003409.4475,39847.9313518882
13,2011-07-29,1880785.69,0,77.62,3.574,129.1677097,6.877,2011,7,29,30,3,Friday,30,July,2011-07,1987089.36,1961596.935,60043.0623634604
13,2011-08-05,2076231.8,0,75.56,3.595,129.1846452,6.877,2011,8,5,31,3,Friday,31,August,2011-08,1880785.69,1975230.04,80830.91443413067
13,2011-08-12,1970341.38,0,75.95,3.606,129.2015806,6.877,2011,8,12,32,3,Friday,32,August,2011-08,2076231.8,1978612.0575,80083.04245801088
13,2011-08-19,2090340.98,0,76.68,3.578,129.2405806,6.877,2011,8,19,33,3,Friday,33,August,2011-08,1970341.38,2004424.9625,98295.71756553961
13,2011-08-26,2035244.54,0,81.53,3.57,129.2832581,6.877,2011,8,26,34,3,Friday,34,August,2011-08,2090340.98,2043039.675,53805.00857197657
13,2011-09-02,1953628.82,0,77.0,3.58,129.3259355,6.877,2011,9,2,35,3,Friday,35,September,2011-09,2035244.54,2012388.9300000002,62768.48465030539
13,2011-09-09,1872921.31,1,70.19,3.619,129.3686129,6.877,2011,9,9,36,3,Friday,36,September,2011-09,1953628.82,1988033.9124999999,95096.79464217441
13,2011-09-16,1923223.82,0,67.54,3.641,129.4306,6.877,2011,9,16,37,3,Friday,37,September,2011-09,1872921.31,1946254.6225,68023.95850345807
13,2011-09-23,1847430.96,0,63.6,3.648,129.5183333,6.877,2011,9,23,38,3,Friday,38,September,2011-09,1923223.82,1899301.2275,47993.758054542646
13,2011-09-30,1835662.69,0,68.28,3.623,129.6060667,6.877,2011,9,30,39,3,Friday,39,September,2011-09,1847430.96,1869809.6949999998,38856.90255322625
13,2011-10-07,2067232.56,0,60.62,3.592,129.6938,6.392,2011,10,7,40,4,Friday,40,October,2011-10,1835662.69,1918387.5075,106546.49475831646
13,2011-10-14,1929659.07,0,51.74,3.567,129.7706452,6.392,2011,10,14,41,4,Friday,41,October,2011-10,2067232.56,1919996.32,106692.34856634127
13,2011-10-21,1973544.27,0,54.66,3.579,129.7821613,6.392,2011,10,21,42,4,Friday,42,October,2011-10,1929659.07,1951524.6475,96220.7210277299
13,2011-10-28,1948733.81,0,47.41,3.567,129.7936774,6.392,2011,10,28,43,4,Friday,43,October,2011-10,1973544.27,1979792.4275000002,60999.47403870092
13,2011-11-04,2036317.54,0,43.51,3.538,129.8051935,6.392,2011,11,4,44,4,Friday,44,November,2011-11,1948733.81,1972063.6725,46451.35252826153
13,2011-11-11,2111592.09,0,33.8,3.513,129.8167097,6.392,2011,11,11,45,4,Friday,45,November,2011-11,2036317.54,2017546.9275,72728.50768532988
13,2011-11-18,2016323.51,0,40.65,3.489,129.8268333,6.392,2011,11,18,46,4,Friday,46,November,2011-11,2111592.09,2028241.7375,67022.51992173419
13,2011-11-25,2864170.61,1,38.89,3.445,129.8364,6.392,2011,11,25,47,4,Friday,47,November,2011-11,2016323.51,2257100.9375,406786.3854552295
13,2011-12-02,2051315.66,0,33.94,3.389,129.8459667,6.392,2011,12,2,48,4,Friday,48,December,2011-12,2864170.61,2260850.4675,404133.44582304213
13,2011-12-09,2462779.06,0,24.82,3.341,129.8555333,6.392,2011,12,9,49,4,Friday,49,December,2011-12,2051315.66,2348647.21,399013.5951481142
13,2011-12-16,2760346.71,0,27.85,3.282,129.8980645,6.392,2011,12,16,50,4,Friday,50,December,2011-12,2462779.06,2534653.01,364371.76689157635
13,2011-12-23,3556766.03,0,24.76,3.186,129.9845484,6.392,2011,12,23,51,4,Friday,51,December,2011-12,2760346.71,2707801.8649999998,636268.1370081805
13,2011-12-30,1969056.91,1,31.53,3.119,130.0710323,6.392,2011,12,30,52,4,Friday,52,December,2011-12,3556766.03,2687237.1774999998,665229.2267106986
13,2012-01-06,1865752.78,0,33.8,3.08,130.1575161,6.104,2012,1,6,1,1,Friday,1,January,2012-01,1969056.91,2537980.6075,788021.752297481
13,2012-01-13,1794962.64,0,25.61,3.056,130.244,6.104,2012,1,13,2,1,Friday,2,January,2012-01,1865752.78,2296634.59,843123.6093868107
13,2012-01-20,1811606.21,0,32.71,3.047,130.2792258,6.104,2012,1,20,3,1,Friday,3,January,2012-01,1794962.64,1860344.635,78523.55508524789
13,2012-01-27,1733983.09,0,34.32,3.058,130.3144516,6.104,2012,1,27,4,1,Friday,4,January,2012-01,1811606.21,1801576.1800000002,54258.032328377696
13,2012-02-03,1927780.74,0,31.39,3.077,130.3496774,6.104,2012,2,3,5,1,Friday,5,February,2012-02,1733983.09,1817083.17,80991.54325861202
13,2012-02-10,2069284.57,1,33.73,3.116,130.3849032,6.104,2012,2,10,6,1,Friday,6,February,2012-02,1927780.74,1885663.6525,146038.7941986444
13,2012-02-17,2214477.06,0,36.57,3.119,130.4546207,6.104,2012,2,17,7,1,Friday,7,February,2012-02,2069284.57,1986381.3650000002,204971.1442700904
13,2012-02-24,1929768.03,0,35.38,3.145,130.5502069,6.104,2012,2,24,8,1,Friday,8,February,2012-02,2214477.06,2035327.6,136573.24621403203
13,2012-03-02,1969742.76,0,32.36,3.242,130.6457931,6.104,2012,3,2,9,1,Friday,9,March,2012-03,1929768.03,2045818.105,126822.1801127621
13,2012-03-09,1986445.65,0,38.24,3.38,130.7413793,6.104,2012,3,9,10,1,Friday,10,March,2012-03,1969742.76,2025108.375,128465.86819346354
13,2012-03-16,2025582.62,0,52.5,3.529,130.8261935,6.104,2012,3,16,11,1,Friday,11,March,2012-03,1986445.65,1977884.765,39706.785969419805
13,2012-03-23,1904421.74,0,47.83,3.671,130.8966452,6.104,2012,3,23,12,1,Friday,12,March,2012-03,2025582.62,1971548.1925000001,50500.40860218656
13,2012-03-30,1948982.7,0,53.2,3.734,130.9670968,6.104,2012,3,30,13,1,Friday,13,March,2012-03,1904421.74,1966358.1774999998,51797.91067027722
13,2012-04-06,2271614.76,0,48.85,3.793,131.0375484,5.965,2012,4,6,14,2,Friday,14,April,2012-04,1948982.7,2037650.455,163805.56556785063
13,2012-04-13,2057637.86,0,51.7,3.833,131.108,5.965,2012,4,13,15,2,Friday,15,April,2012-04,2271614.76,2045664.265,163802.4918890558
13,2012-04-20,1955689.12,0,50.24,3.845,131.1173333,5.965,2012,4,20,16,2,Friday,16,April,2012-04,2057637.86,2058481.1099999999,150535.44303980563
13,2012-04-27,1970121.65,0,64.8,3.842,131.1266667,5.965,2012,4,27,17,2,Friday,17,April,2012-04,1955689.12,2063765.8475000001,145703.50877811137
13,2012-05-04,1995994.51,0,54.41,3.831,131.136,5.965,2012,5,4,18,2,Friday,18,May,2012-05,1970121.65,1994860.7850000001,45050.677454584504
13,2012-05-11,2080764.17,0,56.47,3.809,131.1453333,5.965,2012,5,11,19,2,Friday,19,May,2012-05,1995994.51,2000642.3625,55956.57385478943
13,2012-05-18,2131900.55,0,65.17,3.808,131.0983226,5.965,2012,5,18,20,2,Friday,20,May,2012-05,2080764.17,2044695.22,74919.32379023703
13,2012-05-25,2043349.41,0,62.39,3.801,131.0287742,5.965,2012,5,25,21,2,Friday,21,May,2012-05,2131900.55,2063002.16,57557.89226195284
13,2012-06-01,2035431.39,0,61.11,3.788,130.9592258,5.965,2012,6,1,22,2,Friday,22,June,2012-06,2043349.41,2072861.38,44045.57567169267
13,2012-06-08,2182437.9,0,68.4,3.776,130.8896774,5.965,2012,6,8,23,2,Friday,23,June,2012-06,2035431.39,2098279.8125,71134.17137412512
13,2012-06-15,2152229.11,0,65.97,3.756,130.8295333,5.965,2012,6,15,24,2,Friday,24,June,2012-06,2182437.9,2103361.9524999997,74960.1474874735
13,2012-06-22,2094373.0,0,72.89,3.737,130.7929,5.965,2012,6,22,25,2,Friday,25,June,2012-06,2152229.11,2116117.8499999996,65026.95712713326
13,2012-06-29,2037663.71,0,82.0,3.681,130.7562667,5.965,2012,6,29,26,2,Friday,26,June,2012-06,2094373.0,2116675.9299999997,64106.72586217578
13,2012-07-06,2184980.35,0,79.23,3.63,130.7196333,5.765,2012,7,6,27,3,Friday,27,July,2012-07,2037663.71,2117311.5425,64982.71047634989
13,2012-07-13,2002750.99,0,83.68,3.595,130.683,5.765,2012,7,13,28,3,Friday,28,July,2012-07,2184980.35,2079942.0125,79555.46191570697
13,2012-07-20,2053089.32,0,75.69,3.556,130.7012903,5.765,2012,7,20,29,3,Friday,29,July,2012-07,2002750.99,2069621.0925,79736.94814315684
13,2012-07-27,1914430.53,0,80.42,3.537,130.7195806,5.765,2012,7,27,30,3,Friday,30,July,2012-07,2053089.32,2038812.7975,113048.91998178024
13,2012-08-03,2044148.23,0,81.99,3.512,130.737871,5.765,2012,8,3,31,3,Friday,31,August,2012-08,1914430.53,2003604.7674999998,63364.729561850945
13,2012-08-10,2041019.92,0,81.69,3.509,130.7561613,5.765,2012,8,10,32,3,Friday,32,August,2012-08,2044148.23,2013172.0,66026.01458789285
13,2012-08-17,2095769.18,0,79.4,3.545,130.7909677,5.765,2012,8,17,33,3,Friday,33,August,2012-08,2041019.92,2023841.9649999999,77140.16010407473
13,2012-08-24,2059458.25,0,77.37,3.582,130.8381613,5.765,2012,8,24,34,3,Friday,34,August,2012-08,2095769.18,2060098.895,25107.838477181802
13,2012-08-31,2073855.42,0,79.18,3.624,130.8853548,5.765,2012,8,31,35,3,Friday,35,August,2012-08,2059458.25,2067525.6925,23132.946495550575
13,2012-09-07,2165796.31,1,70.65,3.689,130.9325484,5.765,2012,9,7,36,3,Friday,36,September,2012-09,2073855.42,2098719.79,47144.00298853539
13,2012-09-14,1919917.03,0,68.55,3.749,130.9776667,5.765,2012,9,14,37,3,Friday,37,September,2012-09,2165796.31,2054756.7525000002,101486.28359321863
13,2012-09-21,1938379.66,0,67.96,3.821,131.0103333,5.765,2012,9,21,38,3,Friday,38,September,2012-09,1919917.03,2024487.105,116554.58608681179
13,2012-09-28,1927664.11,0,64.8,3.821,131.043,5.765,2012,9,28,39,3,Friday,39,September,2012-09,1938379.66,1987939.2774999999,118812.74015379045
13,2012-10-05,2041918.74,0,61.79,3.815,131.0756667,5.621,2012,10,5,40,4,Friday,40,October,2012-10,1927664.11,1956969.885,57136.231772152714
13,2012-10-12,1999079.44,0,55.1,3.797,131.1083333,5.621,2012,10,12,41,4,Friday,41,October,2012-10,2041918.74,1976760.4874999998,53626.09971757565
13,2012-10-19,2018010.15,0,52.06,3.781,131.1499677,5.621,2012,10,19,42,4,Friday,42,October,2012-10,1999079.44,1996668.1099999999,49228.950544460706
13,2012-10-26,2035189.66,0,46.97,3.755,131.1930968,5.621,2012,10,26,43,4,Friday,43,October,2012-10,2018010.15,2023549.4975,19169.3378239686
14,2010-02-26,2095591.63,0,34.89,2.754,182.0774691,8.992,2010,2,26,8,1,Friday,8,February,2010-02,2204556.7,2156959.2800000003,377993.6569540206
14,2010-03-05,2237544.75,0,37.13,2.777,182.1201566,8.992,2010,3,5,9,1,Friday,9,March,2010-03,2095591.63,2060477.98,245129.12369125884
14,2010-03-12,2156035.06,0,45.8,2.818,182.1628441,8.992,2010,3,12,10,1,Friday,10,March,2010-03,2237544.75,2173432.035,61754.806522105406
14,2010-03-19,2066219.3,0,48.79,2.844,182.0779857,8.992,2010,3,19,11,1,Friday,11,March,2010-03,2156035.06,2138847.685,75680.21560239734
14,2010-03-26,2050396.27,0,54.36,2.854,181.9718697,8.992,2010,3,26,12,1,Friday,12,March,2010-03,2066219.3,2127548.845,86841.6115327839
14,2010-04-02,2495630.51,0,47.74,2.85,181.8657537,8.899,2010,4,2,13,2,Friday,13,April,2010-04,2050396.27,2192070.285,207651.4263491757
14,2010-04-09,2258781.28,0,65.45,2.869,181.7596377,8.899,2010,4,9,14,2,Friday,14,April,2010-04,2495630.51,2217756.84,208062.4646402763
14,2010-04-16,2121788.61,0,54.28,2.899,181.6924769,8.899,2010,4,16,15,2,Friday,15,April,2010-04,2258781.28,2231649.1674999995,196081.8329704641
14,2010-04-23,2138144.91,0,53.47,2.902,181.6772564,8.899,2010,4,23,16,2,Friday,16,April,2010-04,2121788.61,2253586.3274999997,172539.59258306428
14,2010-04-30,2082355.12,0,53.15,2.921,181.6620359,8.899,2010,4,30,17,2,Friday,17,April,2010-04,2138144.91,2150267.48,76038.00841485152
14,2010-05-07,2370116.52,0,70.75,2.966,181.6468154,8.899,2010,5,7,18,2,Friday,18,May,2010-05,2082355.12,2178101.29,130134.29967167038
14,2010-05-14,2129771.13,0,54.26,2.982,181.6612792,8.899,2010,5,14,19,2,Friday,19,May,2010-05,2370116.52,2180096.92,129039.48250253218
14,2010-05-21,2108187.1,0,62.62,2.958,181.8538486,8.899,2010,5,21,20,2,Friday,20,May,2010-05,2129771.13,2172607.4675000003,133091.75733049389
14,2010-05-28,2227152.16,0,69.27,2.899,182.0464181,8.899,2010,5,28,21,2,Friday,21,May,2010-05,2108187.1,2208806.7275,119343.11760693144
14,2010-06-04,2363601.47,0,75.93,2.847,182.2389876,8.899,2010,6,4,22,2,Friday,22,June,2010-06,2227152.16,2207177.9650000003,116416.33739950797
14,2010-06-11,2249570.04,0,69.71,2.809,182.4315571,8.899,2010,6,11,23,2,Friday,23,June,2010-06,2363601.47,2237127.6925,104683.03913773796
14,2010-06-18,2248645.59,0,72.62,2.78,182.4424199,8.899,2010,6,18,24,2,Friday,24,June,2010-06,2249570.04,2272242.315,61780.403485892086
14,2010-06-25,2246179.91,0,79.32,2.808,182.3806,8.899,2010,6,25,25,2,Friday,25,June,2010-06,2248645.59,2276999.2525,57752.54056051919
14,2010-07-02,2334788.42,0,76.61,2.815,182.3187801,8.743,2010,7,2,26,3,Friday,26,July,2010-07,2246179.91,2269795.9899999998,43351.90755292995
14,2010-07-09,2236209.13,0,82.45,2.793,182.2569603,8.743,2010,7,9,27,3,Friday,27,July,2010-07,2334788.42,2266455.7625,45871.28113058483
14,2010-07-16,2130287.27,0,77.84,2.783,182.2604411,8.743,2010,7,16,28,3,Friday,28,July,2010-07,2236209.13,2236866.1825,83735.70808327166
14,2010-07-23,2044155.39,0,81.46,2.771,182.3509895,8.743,2010,7,23,29,3,Friday,29,July,2010-07,2130287.27,2186360.0525,126335.8404944891
14,2010-07-30,2054843.28,0,79.78,2.781,182.4415378,8.743,2010,7,30,30,3,Friday,30,July,2010-07,2044155.39,2116373.7675,88610.74915615276
14,2010-08-06,2219813.5,0,77.17,2.784,182.5320862,8.743,2010,8,6,31,3,Friday,31,August,2010-08,2054843.28,2112274.86,81297.0983111428
14,2010-08-13,2052984.81,0,78.44,2.805,182.6226346,8.743,2010,8,13,32,3,Friday,32,August,2010-08,2219813.5,2092949.245,84704.5849131288
14,2010-08-20,2057138.31,0,76.01,2.779,182.6165205,8.743,2010,8,20,33,3,Friday,33,August,2010-08,2052984.81,2096194.975,82429.85673245249
14,2010-08-27,2020332.07,0,71.36,2.755,182.6104063,8.743,2010,8,27,34,3,Friday,34,August,2010-08,2057138.31,2087567.1725,89687.43058449887
14,2010-09-03,2182563.66,0,78.37,2.715,182.6042922,8.743,2010,9,3,35,3,Friday,35,September,2010-09,2020332.07,2078254.7125000001,71460.61728822374
14,2010-09-10,2191767.76,1,70.87,2.699,182.598178,8.743,2010,9,10,36,3,Friday,36,September,2010-09,2182563.66,2112950.45,87084.87554744892
14,2010-09-17,1953539.85,0,66.55,2.706,182.622509,8.743,2010,9,17,37,3,Friday,37,September,2010-09,2191767.76,2087050.835,118834.49392569982
14,2010-09-24,1879891.13,0,68.59,2.713,182.6696737,8.743,2010,9,24,38,3,Friday,38,September,2010-09,1953539.85,2051940.6,159057.37560732878
14,2010-10-01,1855703.66,0,70.58,2.707,182.7168385,8.724,2010,10,1,39,4,Friday,39,October,2010-10,1879891.13,1970225.5999999999,153443.72923222018
14,2010-10-08,2091663.2,0,56.49,2.764,182.7640032,8.724,2010,10,8,40,4,Friday,40,October,2010-10,1855703.66,1945199.46,106138.06327164764
14,2010-10-15,1932162.63,0,58.61,2.868,182.8106203,8.724,2010,10,15,41,4,Friday,41,October,2010-10,2091663.2,1939855.155,106116.31334300671
14,2010-10-22,1936621.09,0,53.15,2.917,182.8558685,8.724,2010,10,22,42,4,Friday,42,October,2010-10,1932162.63,1954037.645,98981.84793916625
14,2010-10-29,1984768.34,0,61.3,2.921,182.9011166,8.724,2010,10,29,43,4,Friday,43,October,2010-10,1936621.09,1986303.815,74167.82493706139
14,2010-11-05,2078417.47,0,45.65,2.917,182.9463648,8.724,2010,11,5,44,4,Friday,44,November,2010-11,1984768.34,1982992.3825,67929.03614988306
14,2010-11-12,2092189.06,0,46.14,2.931,182.9916129,8.724,2010,11,12,45,4,Friday,45,November,2010-11,2078417.47,2022998.99,74791.26045189101
14,2010-11-19,1968462.58,0,50.02,3.0,182.8989385,8.724,2010,11,19,46,4,Friday,46,November,2010-11,2092189.06,2030959.3625,63352.99573519488
14,2010-11-26,2921709.71,1,46.15,3.039,182.7832769,8.724,2010,11,26,47,4,Friday,47,November,2010-11,1968462.58,2265194.705,441164.5930614697
14,2010-12-03,2258489.63,0,40.93,3.046,182.6676154,8.724,2010,12,3,48,4,Friday,48,December,2010-12,2921709.71,2310212.745,424629.7686722794
14,2010-12-10,2600519.26,0,30.54,3.109,182.5519538,8.724,2010,12,10,49,4,Friday,49,December,2010-12,2258489.63,2437295.295,413551.67702093226
14,2010-12-17,2762861.41,0,30.51,3.14,182.517732,8.724,2010,12,17,50,4,Friday,50,December,2010-12,2600519.26,2635895.0025,283723.32415345317
14,2010-12-24,3818686.45,0,30.59,3.141,182.54459,8.724,2010,12,24,51,4,Friday,51,December,2010-12,2762861.41,2860139.1875,672720.9716855458
14,2010-12-31,1623716.46,1,29.67,3.179,182.5714479,8.724,2010,12,31,52,4,Friday,52,December,2010-12,3818686.45,2701445.8950000005,898829.8400211366
14,2011-01-07,1864746.1,0,34.32,3.193,182.5983058,8.549,2011,1,7,1,1,Friday,1,January,2011-01,1623716.46,2517502.605,996364.2355239688
14,2011-01-14,1699095.9,0,24.78,3.205,182.6585782,8.549,2011,1,14,2,1,Friday,2,January,2011-01,1864746.1,2251561.2275,1049589.506430225
14,2011-01-21,1743188.87,0,30.55,3.229,182.9193368,8.549,2011,1,21,3,1,Friday,3,January,2011-01,1699095.9,1732686.8325,100917.1867643628
14,2011-01-28,1613718.38,0,24.05,3.237,183.1800955,8.549,2011,1,28,4,1,Friday,4,January,2011-01,1743188.87,1730187.3125,104573.41274567877
14,2011-02-04,1995891.87,0,28.73,3.231,183.4408542,8.549,2011,2,4,5,1,Friday,5,February,2011-02,1613718.38,1762973.7550000001,164316.60222003493
14,2011-02-11,1980405.03,1,30.3,3.239,183.7016129,8.549,2011,2,11,6,1,Friday,6,February,2011-02,1995891.87,1833301.0375,186558.39981874896
14,2011-02-18,2019031.67,0,40.7,3.245,183.9371353,8.549,2011,2,18,7,1,Friday,7,February,2011-02,1980405.03,1902261.7375,193015.94249192497
14,2011-02-25,1875708.88,0,35.78,3.274,184.1625632,8.549,2011,2,25,8,1,Friday,8,February,2011-02,2019031.67,1967759.3625,63386.35954635127
14,2011-03-04,2041215.61,0,38.65,3.433,184.3879911,8.549,2011,3,4,9,1,Friday,9,March,2011-03,1875708.88,1979090.2974999999,73358.28445891377
14,2011-03-11,1931104.67,0,45.01,3.582,184.613419,8.549,2011,3,11,10,1,Friday,10,March,2011-03,2041215.61,1966765.2075,77109.3903647162
14,2011-03-18,1932491.42,0,46.66,3.631,184.809719,8.549,2011,3,18,11,1,Friday,11,March,2011-03,1931104.67,1945130.145,69301.70737932855
14,2011-03-25,1879451.23,0,41.76,3.625,184.9943679,8.549,2011,3,25,12,1,Friday,12,March,2011-03,1932491.42,1946065.7325,68066.35606172997
14,2011-04-01,1869110.55,0,37.27,3.638,185.1790167,8.521,2011,4,1,13,2,Friday,13,April,2011-04,1879451.23,1903039.4675,33479.59322985227
14,2011-04-08,2037798.88,0,48.71,3.72,185.3636656,8.521,2011,4,8,14,2,Friday,14,April,2011-04,1869110.55,1929713.0199999998,77220.85111895438
14,2011-04-15,1974960.86,0,53.69,3.821,185.5339821,8.521,2011,4,15,15,2,Friday,15,April,2011-04,2037798.88,1940330.3800000001,80576.90679765583
14,2011-04-22,2256461.39,0,53.04,3.892,185.6684673,8.521,2011,4,22,16,2,Friday,16,April,2011-04,1974960.86,2034582.92,163479.1455816565
14,2011-04-29,1930617.64,0,66.18,3.962,185.8029526,8.521,2011,4,29,17,2,Friday,17,April,2011-04,2256461.39,2049959.6925000001,144520.1102526563
14,2011-05-06,2095599.93,0,58.21,4.046,185.9374378,8.521,2011,5,6,18,2,Friday,18,May,2011-05,1930617.64,2064409.955,145783.04928379063
14,2011-05-13,2004330.3,0,60.38,4.066,186.0719231,8.521,2011,5,13,19,2,Friday,19,May,2011-05,2095599.93,2071752.315,140417.08789954067
14,2011-05-20,1959967.8,0,62.28,4.062,185.9661154,8.521,2011,5,20,20,2,Friday,20,May,2011-05,2004330.3,1997628.9175,72000.22893764435
14,2011-05-27,2080694.24,0,69.7,3.985,185.8603077,8.521,2011,5,27,21,2,Friday,21,May,2011-05,1959967.8,2035148.0675,64111.072689451816
14,2011-06-03,2079899.47,0,76.38,3.922,185.7545,8.521,2011,6,3,22,2,Friday,22,June,2011-06,2080694.24,2031222.9525000001,59490.40023152679
14,2011-06-10,2132446.0,0,73.88,3.881,185.6486923,8.521,2011,6,10,23,2,Friday,23,June,2011-06,2079899.47,2063251.8775,73113.62298778685
14,2011-06-17,2082083.34,0,69.32,3.842,185.6719333,8.521,2011,6,17,24,2,Friday,24,June,2011-06,2132446.0,2093780.7625,25792.619336357206
14,2011-06-24,2069523.52,0,74.85,3.804,185.7919609,8.521,2011,6,24,25,2,Friday,25,June,2011-06,2082083.34,2090988.0825,28176.456678829592
14,2011-07-01,2074668.19,0,74.04,3.748,185.9119885,8.625,2011,7,1,26,3,Friday,26,July,2011-07,2069523.52,2089680.2625,28972.850074674403
14,2011-07-08,2063401.06,0,77.49,3.711,186.032016,8.625,2011,7,8,27,3,Friday,27,July,2011-07,2074668.19,2072419.0275,7919.708950141901
14,2011-07-15,1953544.76,0,78.47,3.76,186.1399808,8.625,2011,7,15,28,3,Friday,28,July,2011-07,2063401.06,2040284.3824999998,58009.5287288351
14,2011-07-22,1882070.88,0,82.33,3.811,186.2177885,8.625,2011,7,22,29,3,Friday,29,July,2011-07,1953544.76,1993421.2225000001,92172.44422070301
14,2011-07-29,1871021.01,0,81.31,3.829,186.2955962,8.625,2011,7,29,30,3,Friday,30,July,2011-07,1882070.88,1942509.4275,88506.0774419226
14,2011-08-05,2066020.69,0,78.22,3.842,186.3734038,8.625,2011,8,5,31,3,Friday,31,August,2011-08,1871021.01,1943164.335,89700.43993381788
14,2011-08-12,1928773.82,0,77.0,3.812,186.4512115,8.625,2011,8,12,32,3,Friday,32,August,2011-08,2066020.69,1936971.6,89599.9267198828
14,2011-08-19,1896873.99,0,72.98,3.747,186.5093071,8.625,2011,8,19,33,3,Friday,33,August,2011-08,1928773.82,1940672.3775,86839.67384285587
14,2011-08-26,2273470.62,0,72.55,3.704,186.5641172,8.625,2011,8,26,34,3,Friday,34,August,2011-08,1896873.99,2041284.78,171304.13687219343
14,2011-09-02,1750891.47,0,70.63,3.703,186.6189274,8.625,2011,9,2,35,3,Friday,35,September,2011-09,2273470.62,1962502.475,221303.05379227336
14,2011-09-09,2202742.9,1,71.48,3.738,186.6737376,8.625,2011,9,9,36,3,Friday,36,September,2011-09,1750891.47,2030994.745,248151.96976209118
14,2011-09-16,1864637.89,0,69.17,3.742,186.8024,8.625,2011,9,16,37,3,Friday,37,September,2011-09,2202742.9,2022935.72,254404.29440710836
14,2011-09-23,1871555.64,0,63.75,3.711,187.0295321,8.625,2011,9,23,38,3,Friday,38,September,2011-09,1864637.89,1922456.975,194875.10081590925
14,2011-09-30,1809989.29,0,70.66,3.645,187.2566641,8.625,2011,9,30,39,3,Friday,39,September,2011-09,1871555.64,1937231.4300000002,179136.8511643156
14,2011-10-07,2078796.76,0,55.82,3.583,187.4837962,8.523,2011,10,7,40,4,Friday,40,October,2011-10,1809989.29,1906244.895,118284.64944984995
14,2011-10-14,1890870.75,0,63.82,3.541,187.6917481,8.523,2011,10,14,41,4,Friday,41,October,2011-10,2078796.76,1912803.11,115912.2593744765
14,2011-10-21,2009004.59,0,59.6,3.57,187.7846197,8.523,2011,10,21,42,4,Friday,42,October,2011-10,1890870.75,1947165.3475000001,119912.84769733327
14,2011-10-28,2056846.12,0,51.78,3.569,187.8774913,8.523,2011,10,28,43,4,Friday,43,October,2011-10,2009004.59,2008879.555,83895.37254658846
14,2011-11-04,2174056.71,0,43.92,3.551,187.9703629,8.523,2011,11,4,44,4,Friday,44,November,2011-11,2056846.12,2032694.5425,117248.68594085805
14,2011-11-11,2081534.65,0,47.65,3.53,188.0632345,8.523,2011,11,11,45,4,Friday,45,November,2011-11,2174056.71,2080360.5175,69342.02755255939
14,2011-11-18,1969360.72,0,51.34,3.53,188.1983654,8.523,2011,11,18,46,4,Friday,46,November,2011-11,2081534.65,2070449.55,84184.9707564861
14,2011-11-25,2685351.81,1,48.71,3.492,188.3504,8.523,2011,11,25,47,4,Friday,47,November,2011-11,1969360.72,2227575.9725,316452.32045210205
14,2011-12-02,2143080.57,0,50.19,3.452,188.5024346,8.523,2011,12,2,48,4,Friday,48,December,2011-12,2685351.81,2219831.9375,318570.5022080816
14,2011-12-09,2470581.29,0,46.57,3.415,188.6544692,8.523,2011,12,9,49,4,Friday,49,December,2011-12,2143080.57,2317093.5974999997,321647.46263407555
14,2011-12-16,2594363.09,0,39.93,3.413,188.7979349,8.523,2011,12,16,50,4,Friday,50,December,2011-12,2470581.29,2473344.19,237117.76076258702
14,2011-12-23,3369068.99,0,42.27,3.389,188.9299752,8.523,2011,12,23,51,4,Friday,51,December,2011-12,2594363.09,2644273.485,519353.0874229907
14,2011-12-30,1914148.89,1,37.79,3.389,189.0620155,8.523,2011,12,30,52,4,Friday,52,December,2011-12,3369068.99,2587040.565,599435.3025690621
14,2012-01-06,1859144.96,0,35.88,3.422,189.1940558,8.424,2012,1,6,1,1,Friday,1,January,2012-01,1914148.89,2434181.4825,707289.1201698715
14,2012-01-13,1696248.27,0,41.18,3.513,189.3260962,8.424,2012,1,13,2,1,Friday,2,January,2012-01,1859144.96,2209652.7775000003,778461.8208975508
14,2012-01-20,1789113.32,0,31.85,3.533,189.4214733,8.424,2012,1,20,3,1,Friday,3,January,2012-01,1696248.27,1814663.86,94076.07117054047
14,2012-01-27,1595362.27,0,37.93,3.567,189.5168505,8.424,2012,1,27,4,1,Friday,4,January,2012-01,1789113.32,1734967.205,114514.35195398745
14,2012-02-03,1877410.36,0,42.96,3.617,189.6122277,8.424,2012,2,3,5,1,Friday,5,February,2012-02,1595362.27,1739533.555,121280.86104925926
14,2012-02-10,2077256.24,1,37.0,3.64,189.7076048,8.424,2012,2,10,6,1,Friday,6,February,2012-02,1877410.36,1834785.5475,200015.30736066742
14,2012-02-17,2020550.99,0,36.85,3.695,189.8424834,8.424,2012,2,17,7,1,Friday,7,February,2012-02,2077256.24,1892644.965,215290.7863211974
14,2012-02-24,1875040.16,0,42.86,3.739,190.0069881,8.424,2012,2,24,8,1,Friday,8,February,2012-02,2020550.99,1962564.4375,102352.9284686248
14,2012-03-02,1926004.99,0,41.55,3.816,190.1714927,8.424,2012,3,2,9,1,Friday,9,March,2012-03,1875040.16,1974713.095,91147.10210922835
14,2012-03-09,2020839.31,0,45.52,3.848,190.3359973,8.424,2012,3,9,10,1,Friday,10,March,2012-03,1926004.99,1960608.8625,72434.32955629373
14,2012-03-16,1941040.5,0,50.56,3.862,190.4618964,8.424,2012,3,16,11,1,Friday,11,March,2012-03,2020839.31,1940731.24,60414.068316092504
14,2012-03-23,1893447.71,0,59.45,3.9,190.5363213,8.424,2012,3,23,12,1,Friday,12,March,2012-03,1941040.5,1945333.1275000002,54114.9507836431
14,2012-03-30,1905033.01,0,50.04,3.953,190.6107463,8.424,2012,3,30,13,1,Friday,13,March,2012-03,1893447.71,1940090.1325,57520.5768398381
14,2012-04-06,2376022.26,0,49.73,3.996,190.6851712,8.567,2012,4,6,14,2,Friday,14,April,2012-04,1905033.01,2028885.8699999999,232309.784847042
14,2012-04-13,1912909.69,0,51.83,4.044,190.7595962,8.567,2012,4,13,15,2,Friday,15,April,2012-04,2376022.26,2021853.1675,236247.98982296712
14,2012-04-20,1875686.44,0,63.13,4.027,190.8138013,8.567,2012,4,20,16,2,Friday,16,April,2012-04,1912909.69,2017412.8499999999,239608.8639988444
14,2012-04-27,1784029.95,0,53.2,4.004,190.8680064,8.567,2012,4,27,17,2,Friday,17,April,2012-04,1875686.44,1987162.085,264836.51407493756
14,2012-05-04,1949354.29,0,55.21,3.951,190.9222115,8.567,2012,5,4,18,2,Friday,18,May,2012-05,1784029.95,1880495.0925,70995.1690089909
14,2012-05-11,1987531.05,0,61.24,3.889,190.9764167,8.567,2012,5,11,19,2,Friday,19,May,2012-05,1949354.29,1899150.4324999999,89693.6365127387
14,2012-05-18,1932233.17,0,66.3,3.848,190.9964479,8.567,2012,5,18,20,2,Friday,20,May,2012-05,1987531.05,1913287.115,89217.65651235265
14,2012-05-25,2030869.61,0,67.21,3.798,191.0028096,8.567,2012,5,25,21,2,Friday,21,May,2012-05,1932233.17,1974997.03,43837.36872436187
14,2012-06-01,2049485.49,0,74.48,3.742,191.0091712,8.567,2012,6,1,22,2,Friday,22,June,2012-06,2030869.61,2000029.83,52120.248608804715
14,2012-06-08,2099615.88,0,64.3,3.689,191.0155329,8.567,2012,6,8,23,2,Friday,23,June,2012-06,2049485.49,2028051.0375,70166.39869912215
14,2012-06-15,1905733.68,0,71.93,3.62,191.0299731,8.567,2012,6,15,24,2,Friday,24,June,2012-06,2099615.88,2021426.165,82411.34021921743
14,2012-06-22,1660228.88,0,74.22,3.564,191.0646096,8.567,2012,6,22,25,2,Friday,25,June,2012-06,1905733.68,1928765.9825,196981.85140121708
14,2012-06-29,1591835.02,0,75.22,3.506,191.0992462,8.567,2012,6,29,26,2,Friday,26,June,2012-06,1660228.88,1814353.3649999998,233090.7085032799
14,2012-07-06,1862128.95,0,82.99,3.475,191.1338827,8.684,2012,7,6,27,3,Friday,27,July,2012-07,1591835.02,1754981.6325,152535.92882710646
14,2012-07-13,1544422.35,0,79.97,3.523,191.1685192,8.684,2012,7,13,28,3,Friday,28,July,2012-07,1862128.95,1664653.7999999998,139969.2717162417
14,2012-07-20,1553250.16,0,78.89,3.567,191.1670428,8.684,2012,7,20,29,3,Friday,29,July,2012-07,1544422.35,1637909.1199999999,150890.98772442655
14,2012-07-27,1479514.66,0,77.2,3.647,191.1655664,8.684,2012,7,27,30,3,Friday,30,July,2012-07,1553250.16,1609829.03,171382.89196961734
14,2012-08-03,1656886.46,0,76.58,3.654,191.16409,8.684,2012,8,3,31,3,Friday,31,August,2012-08,1479514.66,1558518.4075,73358.29682786956
14,2012-08-10,1648570.03,0,78.65,3.722,191.1626135,8.684,2012,8,10,32,3,Friday,32,August,2012-08,1656886.46,1584555.3275,84346.9624150762
14,2012-08-17,1660433.3,0,75.71,3.807,191.2284919,8.684,2012,8,17,33,3,Friday,33,August,2012-08,1648570.03,1611351.1125,88031.48495357293
14,2012-08-24,1621841.33,0,72.62,3.834,191.3448865,8.684,2012,8,24,34,3,Friday,34,August,2012-08,1660433.3,1646932.78,17450.89526340911
14,2012-08-31,1613342.19,0,75.09,3.867,191.461281,8.684,2012,8,31,35,3,Friday,35,August,2012-08,1621841.33,1636046.7125,22127.11281837294
14,2012-09-07,1904512.34,1,75.7,3.911,191.5776756,8.684,2012,9,7,36,3,Friday,36,September,2012-09,1613342.19,1700032.29,137851.5753999681
14,2012-09-14,1554794.22,0,67.87,3.948,191.69985,8.684,2012,9,14,37,3,Friday,37,September,2012-09,1904512.34,1673622.52,156785.71755026325
14,2012-09-21,1565352.46,0,65.32,4.038,191.8567038,8.684,2012,9,21,38,3,Friday,38,September,2012-09,1554794.22,1659500.3025,165316.5144295141
14,2012-09-28,1522512.2,0,64.88,3.997,192.0135577,8.684,2012,9,28,39,3,Friday,39,September,2012-09,1565352.46,1636792.805,179407.63355694516
14,2012-10-05,1687592.16,0,64.89,3.985,192.1704115,8.667,2012,10,5,40,4,Friday,40,October,2012-10,1522512.2,1582562.7599999998,72352.21917928444
14,2012-10-12,1639585.61,0,54.47,4.0,192.3272654,8.667,2012,10,12,41,4,Friday,41,October,2012-10,1687592.16,1603760.6075,73909.06465461287
14,2012-10-19,1590274.72,0,56.47,3.969,192.3308542,8.667,2012,10,19,42,4,Friday,42,October,2012-10,1639585.61,1609991.1724999999,70566.87872924318
14,2012-10-26,1704357.62,0,58.85,3.882,192.3088989,8.667,2012,10,26,43,4,Friday,43,October,2012-10,1590274.72,1655452.5274999999,51395.7511575062
15,2010-02-26,564883.2,0,29.87,2.91,131.686,8.35,2010,2,26,8,1,Friday,8,February,2010-02,660838.75,640072.8724999999,51721.93523113473
15,2010-03-05,605325.43,0,31.79,2.919,131.735,8.35,2010,3,5,9,1,Friday,9,March,2010-03,564883.2,628373.62,53354.71987643899
15,2010-03-12,604173.59,0,41.39,2.938,131.784,8.35,2010,3,12,10,1,Friday,10,March,2010-03,605325.43,608805.2424999999,39455.430636100085
15,2010-03-19,593710.67,0,44.69,2.96,131.8242903,8.35,2010,3,19,11,1,Friday,11,March,2010-03,604173.59,592023.2224999999,18832.67068265447
15,2010-03-26,592111.49,0,39.53,2.963,131.863129,8.35,2010,3,26,12,1,Friday,12,March,2010-03,593710.67,598830.295,6882.114037947791
15,2010-04-02,718470.71,0,45.27,2.957,131.9019677,8.185,2010,4,2,13,2,Friday,13,April,2010-04,592111.49,627116.615,61137.19273630496
15,2010-04-09,634605.77,0,57.77,2.992,131.9408065,8.185,2010,4,9,14,2,Friday,14,April,2010-04,718470.71,634724.66,59193.03072322953
15,2010-04-16,641208.65,0,49.63,3.01,131.9809,8.185,2010,4,16,15,2,Friday,15,April,2010-04,634605.77,646599.155,52622.317455567194
15,2010-04-23,643097.6,0,46.54,3.021,132.0226667,8.185,2010,4,23,16,2,Friday,16,April,2010-04,641208.65,659345.6825,39584.442567824684
15,2010-04-30,570791.11,0,49.09,3.042,132.0644333,8.185,2010,4,30,17,2,Friday,17,April,2010-04,643097.6,622425.7825,34615.08173209228
15,2010-05-07,661348.88,0,63.16,3.095,132.1062,8.185,2010,5,7,18,2,Friday,18,May,2010-05,570791.11,629111.56,39926.88563835399
15,2010-05-14,594385.2,0,47.13,3.112,132.152129,8.185,2010,5,14,19,2,Friday,19,May,2010-05,661348.88,617405.6975,42007.69856125778
15,2010-05-21,616598.1,0,59.09,3.096,132.2230323,8.185,2010,5,21,20,2,Friday,20,May,2010-05,594385.2,610780.8225,38552.83258002585
15,2010-05-28,744772.88,0,70.61,3.046,132.2939355,8.185,2010,5,28,21,2,Friday,21,May,2010-05,616598.1,654276.265,66448.58411834382
15,2010-06-04,693192.5,0,69.99,3.006,132.3648387,8.185,2010,6,4,22,2,Friday,22,June,2010-06,744772.88,662237.1699999999,69419.47475062677
15,2010-06-11,619337.29,0,61.04,2.972,132.4357419,8.185,2010,6,11,23,2,Friday,23,June,2010-06,693192.5,668475.1925,62016.257535827324
15,2010-06-18,652329.53,0,65.83,2.942,132.4733333,8.185,2010,6,18,24,2,Friday,24,June,2010-06,619337.29,677408.05,54124.2844913423
15,2010-06-25,672194.03,0,72.79,2.958,132.4976,8.185,2010,6,25,25,2,Friday,25,June,2010-06,652329.53,659263.3375,31414.210329616686
15,2010-07-02,709337.11,0,66.13,2.958,132.5218667,8.099,2010,7,2,26,3,Friday,26,July,2010-07,672194.03,663299.49,37645.674157497844
15,2010-07-09,691497.62,0,77.33,2.94,132.5461333,8.099,2010,7,9,27,3,Friday,27,July,2010-07,709337.11,681339.5725,24578.252911514744
15,2010-07-16,633203.69,0,72.83,2.933,132.5667742,8.099,2010,7,16,28,3,Friday,28,July,2010-07,691497.62,676558.1125,32640.99022100263
15,2010-07-23,598553.43,0,73.2,2.924,132.5825806,8.099,2010,7,23,29,3,Friday,29,July,2010-07,633203.69,658147.9625,51336.32083814798
15,2010-07-30,619224.06,0,72.04,2.932,132.5983871,8.099,2010,7,30,30,3,Friday,30,July,2010-07,598553.43,635619.7000000001,39878.58418821214
15,2010-08-06,639651.24,0,72.7,2.942,132.6141935,8.099,2010,8,6,31,3,Friday,31,August,2010-08,619224.06,622658.105,18191.609989572135
15,2010-08-13,622437.08,0,72.17,2.923,132.63,8.099,2010,8,13,32,3,Friday,32,August,2010-08,639651.24,619966.4525,16858.860562263028
15,2010-08-20,637090.44,0,71.1,2.913,132.6616129,8.099,2010,8,20,33,3,Friday,33,August,2010-08,622437.08,629600.705,10264.853769913147
15,2010-08-27,649791.15,0,65.07,2.885,132.6932258,8.099,2010,8,27,34,3,Friday,34,August,2010-08,637090.44,637242.4774999999,11291.504606385472
15,2010-09-03,638647.21,0,73.17,2.86,132.7248387,8.099,2010,9,3,35,3,Friday,35,September,2010-09,649791.15,636991.47,11231.107787198285
15,2010-09-10,641965.2,1,62.36,2.837,132.7564516,8.099,2010,9,10,36,3,Friday,36,September,2010-09,638647.21,641873.5,5656.38873428954
15,2010-09-17,583210.87,0,57.94,2.846,132.7670667,8.099,2010,9,17,37,3,Friday,37,September,2010-09,641965.2,628403.6074999999,30488.5698814451
15,2010-09-24,548542.47,0,62.53,2.837,132.7619333,8.099,2010,9,24,38,3,Friday,38,September,2010-09,583210.87,603091.4375,45262.96936943898
15,2010-10-01,566945.95,0,59.69,2.84,132.7568,8.067,2010,10,1,39,4,Friday,39,October,2010-10,548542.47,585166.1225,40427.81561235754
15,2010-10-08,591603.79,0,52.19,2.903,132.7516667,8.067,2010,10,8,40,4,Friday,40,October,2010-10,566945.95,572575.77,19012.84898213914
15,2010-10-15,577011.26,0,49.96,2.999,132.7633548,8.067,2010,10,15,41,4,Friday,41,October,2010-10,591603.79,571025.8674999999,18087.05529510877
15,2010-10-22,600395.73,0,47.1,3.049,132.8170968,8.067,2010,10,22,42,4,Friday,42,October,2010-10,577011.26,583989.1825,14903.246007877313
15,2010-10-29,598301.5,0,55.09,3.055,132.8708387,8.067,2010,10,29,43,4,Friday,43,October,2010-10,600395.73,591828.0700000001,10565.640127871015
15,2010-11-05,612987.64,0,40.29,3.049,132.9245806,8.067,2010,11,5,44,4,Friday,44,November,2010-11,598301.5,597174.0325,14924.90195161425
15,2010-11-12,619639.74,0,39.63,3.065,132.9783226,8.067,2010,11,12,45,4,Friday,45,November,2010-11,612987.64,607831.1525,10200.194223756533
15,2010-11-19,608200.81,0,44.1,3.138,132.9172,8.067,2010,11,19,46,4,Friday,46,November,2010-11,619639.74,609782.4225,8976.881549648579
15,2010-11-26,1120018.92,1,40.71,3.186,132.8369333,8.067,2010,11,26,47,4,Friday,47,November,2010-11,608200.81,740211.7775,253248.20395797564
15,2010-12-03,754134.95,0,36.0,3.2,132.7566667,8.067,2010,12,3,48,4,Friday,48,December,2010-12,1120018.92,775498.605,239047.54841774888
15,2010-12-10,847294.04,0,23.97,3.255,132.6764,8.067,2010,12,10,49,4,Friday,49,December,2010-12,754134.95,832412.1799999999,215512.698639188
15,2010-12-17,983825.15,0,25.3,3.301,132.6804516,8.067,2010,12,17,50,4,Friday,50,December,2010-12,847294.04,926318.265,159915.50651419163
15,2010-12-24,1368318.17,0,25.07,3.309,132.7477419,8.067,2010,12,24,51,4,Friday,51,December,2010-12,983825.15,988393.0775,270277.4812151459
15,2010-12-31,543754.17,1,26.54,3.336,132.8150323,8.067,2010,12,31,52,4,Friday,52,December,2010-12,1368318.17,935797.8825000001,342009.5613530153
15,2011-01-07,509640.77,0,30.53,3.351,132.8823226,7.771,2011,1,7,1,1,Friday,1,January,2011-01,543754.17,851384.5650000001,406688.3089387152
15,2011-01-14,479424.2,0,19.53,3.367,132.9510645,7.771,2011,1,14,2,1,Friday,2,January,2011-01,509640.77,725284.3275,429493.91414697253
15,2011-01-21,487311.03,0,21.84,3.391,133.0285161,7.771,2011,1,21,3,1,Friday,3,January,2011-01,479424.2,505032.54250000004,28812.26248101589
15,2011-01-28,481119.6,0,19.61,3.402,133.1059677,7.771,2011,1,28,4,1,Friday,4,January,2011-01,487311.03,489373.89999999997,13929.961124774578
15,2011-02-04,556550.85,0,20.69,3.4,133.1834194,7.771,2011,2,4,5,1,Friday,5,February,2011-02,481119.6,501101.42000000004,37121.37363261759
15,2011-02-11,582864.35,1,21.64,3.416,133.260871,7.771,2011,2,11,6,1,Friday,6,February,2011-02,556550.85,526961.4575,50577.655930816145
15,2011-02-18,649993.5,0,33.06,3.42,133.3701429,7.771,2011,2,18,7,1,Friday,7,February,2011-02,582864.35,567632.075,69815.53888123539
15,2011-02-25,547564.09,0,20.87,3.452,133.4921429,7.771,2011,2,25,8,1,Friday,8,February,2011-02,649993.5,584243.1975,46322.15645644618
15,2011-03-04,573374.49,0,28.16,3.605,133.6141429,7.771,2011,3,4,9,1,Friday,9,March,2011-03,547564.09,588449.1074999999,43656.73110863063
15,2011-03-11,537035.28,0,34.27,3.752,133.7361429,7.771,2011,3,11,10,1,Friday,10,March,2011-03,573374.49,576991.84,51006.03474385343
15,2011-03-18,551553.99,0,40.23,3.796,133.8492258,7.771,2011,3,18,11,1,Friday,11,March,2011-03,537035.28,552381.9624999999,15276.390372951488
15,2011-03-25,527389.28,0,32.63,3.789,133.9587419,7.771,2011,3,25,12,1,Friday,12,March,2011-03,551553.99,547338.26,19998.09034187963
15,2011-04-01,542556.05,0,30.34,3.811,134.0682581,7.658,2011,4,1,13,2,Friday,13,April,2011-04,527389.28,539633.65,10121.117376204735
15,2011-04-08,587370.81,0,40.94,3.895,134.1777742,7.658,2011,4,8,14,2,Friday,14,April,2011-04,542556.05,552217.5325,25468.80165969221
15,2011-04-15,607691.36,0,48.63,3.981,134.2784667,7.658,2011,4,15,15,2,Friday,15,April,2011-04,587370.81,566251.875,37572.30249870884
15,2011-04-22,655318.26,0,41.37,4.061,134.3571,7.658,2011,4,22,16,2,Friday,16,April,2011-04,607691.36,598234.12,46783.53489223016
15,2011-04-29,560764.41,0,55.46,4.117,134.4357333,7.658,2011,4,29,17,2,Friday,17,April,2011-04,655318.26,602786.21,39946.393271167595
15,2011-05-06,630522.67,0,49.87,4.192,134.5143667,7.658,2011,5,6,18,2,Friday,18,May,2011-05,560764.41,613574.175,40221.46569072729
15,2011-05-13,630482.91,0,57.07,4.211,134.593,7.658,2011,5,13,19,2,Friday,19,May,2011-05,630522.67,619272.0625,40721.546409963485
15,2011-05-20,593941.9,0,57.19,4.202,134.6803871,7.658,2011,5,20,20,2,Friday,20,May,2011-05,630482.91,603927.9725,33542.29873066458
15,2011-05-27,636193.24,0,65.87,4.134,134.7677742,7.658,2011,5,27,21,2,Friday,21,May,2011-05,593941.9,622785.18,19415.068656195515
15,2011-06-03,695396.19,0,69.8,4.069,134.8551613,7.658,2011,6,3,22,2,Friday,22,June,2011-06,636193.24,639003.56,41996.75104575256
15,2011-06-10,642679.81,0,69.86,4.025,134.9425484,7.658,2011,6,10,23,2,Friday,23,June,2011-06,695396.19,642052.785,41612.912821359736
15,2011-06-17,639928.85,0,63.9,3.989,135.0837333,7.658,2011,6,17,24,2,Friday,24,June,2011-06,642679.81,653549.5225,28024.141332427673
15,2011-06-24,656594.95,0,69.96,3.964,135.2652667,7.658,2011,6,24,25,2,Friday,25,June,2011-06,639928.85,658649.95,25560.608599735187
15,2011-07-01,674669.16,0,67.43,3.916,135.4468,7.806,2011,7,1,26,3,Friday,26,July,2011-07,656594.95,653468.1925,15905.561162665197
15,2011-07-08,635118.48,0,73.47,3.886,135.6283333,7.806,2011,7,8,27,3,Friday,27,July,2011-07,674669.16,651577.86,17934.974693058768
15,2011-07-15,624114.56,0,73.34,3.915,135.7837419,7.806,2011,7,15,28,3,Friday,28,July,2011-07,635118.48,647624.2875,22516.663626307534
15,2011-07-22,607475.44,0,79.97,3.972,135.8738387,7.806,2011,7,22,29,3,Friday,29,July,2011-07,624114.56,635344.41,28573.157723115834
15,2011-07-29,577511.02,0,74.67,4.004,135.9639355,7.806,2011,7,29,30,3,Friday,30,July,2011-07,607475.44,611054.875,25083.95915769576
15,2011-08-05,607961.21,0,73.63,4.02,136.0540323,7.806,2011,8,5,31,3,Friday,31,August,2011-08,577511.02,604265.5575,19440.07347506539
15,2011-08-12,590836.37,0,70.63,3.995,136.144129,7.806,2011,8,12,32,3,Friday,32,August,2011-08,607961.21,595946.01,14642.974019348483
15,2011-08-19,599488.98,0,70.41,3.942,136.183129,7.806,2011,8,19,33,3,Friday,33,August,2011-08,590836.37,593949.395,12999.090466349886
15,2011-08-26,605413.17,0,69.19,3.906,136.2136129,7.806,2011,8,26,34,3,Friday,34,August,2011-08,599488.98,600924.9325,7604.703145892006
15,2011-09-02,649159.68,0,67.63,3.879,136.2440968,7.806,2011,9,2,35,3,Friday,35,September,2011-09,605413.17,611224.55,25988.76496076678
15,2011-09-09,607593.51,1,67.59,3.93,136.2745806,7.806,2011,9,9,36,3,Friday,36,September,2011-09,649159.68,615413.835,22756.34596533629
15,2011-09-16,545052.34,0,62.1,3.937,136.3145,7.806,2011,9,16,37,3,Friday,37,September,2011-09,607593.51,601804.675,42855.78869232585
15,2011-09-23,545570.86,0,59.0,3.899,136.367,7.806,2011,9,23,38,3,Friday,38,September,2011-09,545052.34,586844.0975,50871.737635216945
15,2011-09-30,521297.31,0,64.87,3.858,136.4195,7.806,2011,9,30,39,3,Friday,39,September,2011-09,545570.86,554878.505,36922.23442060666
15,2011-10-07,579068.88,0,51.24,3.775,136.472,7.866,2011,10,7,40,4,Friday,40,October,2011-10,521297.31,547747.3474999999,23753.196593034743
15,2011-10-14,537300.94,0,61.3,3.744,136.5150968,7.866,2011,10,14,41,4,Friday,41,October,2011-10,579068.88,545809.4975,24354.919824018285
15,2011-10-21,603318.89,0,51.67,3.757,136.5017742,7.866,2011,10,21,42,4,Friday,42,October,2011-10,537300.94,560246.505,37652.13979995243
15,2011-10-28,589842.69,0,45.54,3.757,136.4884516,7.866,2011,10,28,43,4,Friday,43,October,2011-10,603318.89,577382.85,28503.37985874404
15,2011-11-04,615121.78,0,43.39,3.738,136.475129,7.866,2011,11,4,44,4,Friday,44,November,2011-11,589842.69,586396.075,34320.835415711466
15,2011-11-11,618949.82,0,47.13,3.719,136.4618065,7.866,2011,11,11,45,4,Friday,45,November,2011-11,615121.78,606808.2949999999,13121.716890207155
15,2011-11-18,597856.51,0,46.53,3.717,136.4666667,7.866,2011,11,18,46,4,Friday,46,November,2011-11,618949.82,605442.7,13868.879683862282
15,2011-11-25,1066478.1,1,41.1,3.689,136.4788,7.866,2011,11,25,47,4,Friday,47,November,2011-11,597856.51,724601.5525,228102.30796417443
15,2011-12-02,699028.66,0,45.67,3.666,136.4909333,7.866,2011,12,2,48,4,Friday,48,December,2011-12,1066478.1,745578.2725000001,218327.00994309766
15,2011-12-09,764565.55,0,38.53,3.627,136.5030667,7.866,2011,12,9,49,4,Friday,49,December,2011-12,699028.66,781982.2050000001,201680.28851835383
15,2011-12-16,870415.49,0,35.49,3.611,136.5335161,7.866,2011,12,16,50,4,Friday,50,December,2011-12,764565.55,850121.9500000001,160593.5773648678
15,2011-12-23,1182691.87,0,34.93,3.587,136.5883871,7.866,2011,12,23,51,4,Friday,51,December,2011-12,870415.49,879175.3925000001,214310.7161997256
15,2011-12-30,603460.79,1,31.44,3.566,136.6432581,7.866,2011,12,30,52,4,Friday,52,December,2011-12,1182691.87,855283.425,244315.12546391136
15,2012-01-06,516087.65,0,30.24,3.585,136.698129,7.943,2012,1,6,1,1,Friday,1,January,2012-01,603460.79,793163.9500000001,300254.53969788854
15,2012-01-13,454183.42,0,36.26,3.666,136.753,7.943,2012,1,13,2,1,Friday,2,January,2012-01,516087.65,689105.9325,334706.8772772982
15,2012-01-20,492721.85,0,21.39,3.705,136.8564194,7.943,2012,1,20,3,1,Friday,3,January,2012-01,454183.42,516613.4275,63274.676680521974
15,2012-01-27,466045.63,0,30.87,3.737,136.9598387,7.943,2012,1,27,4,1,Friday,4,January,2012-01,492721.85,482259.6375,27718.58791744856
15,2012-02-03,523831.64,0,35.3,3.796,137.0632581,7.943,2012,2,3,5,1,Friday,5,February,2012-02,466045.63,484195.63499999995,30950.847943644454
15,2012-02-10,628218.22,1,31.91,3.826,137.1666774,7.943,2012,2,10,6,1,Friday,6,February,2012-02,523831.64,527704.335,71048.36147162438
15,2012-02-17,598502.83,0,30.26,3.874,137.2583103,7.943,2012,2,17,7,1,Friday,7,February,2012-02,628218.22,554149.58,73336.79774041928
15,2012-02-24,561137.06,0,33.18,3.917,137.3411034,7.943,2012,2,24,8,1,Friday,8,February,2012-02,598502.83,577922.4375,45316.59580015613
15,2012-03-02,541292.64,0,33.24,3.983,137.4238966,7.943,2012,3,2,9,1,Friday,9,March,2012-03,561137.06,582287.6875,38731.93180998156
15,2012-03-09,545120.67,0,36.97,4.021,137.5066897,7.943,2012,3,9,10,1,Friday,10,March,2012-03,541292.64,561513.3,26114.876317980852
15,2012-03-16,570611.23,0,47.42,4.021,137.5843871,7.943,2012,3,16,11,1,Friday,11,March,2012-03,545120.67,554540.4,13735.864956799722
15,2012-03-23,565481.88,0,58.92,4.054,137.6552903,7.943,2012,3,23,12,1,Friday,12,March,2012-03,570611.23,555626.605,14577.41008731218
15,2012-03-30,557547.25,0,42.65,4.098,137.7261935,7.943,2012,3,30,13,1,Friday,13,March,2012-03,565481.88,559690.2575000001,11100.689056582347
15,2012-04-06,659950.36,0,40.01,4.143,137.7970968,8.15,2012,4,6,14,2,Friday,14,April,2012-04,557547.25,588397.68,48003.56493570406
15,2012-04-13,558585.13,0,43.52,4.187,137.868,8.15,2012,4,13,15,2,Friday,15,April,2012-04,659950.36,585391.155,49830.714434662266
15,2012-04-20,534780.57,0,54.47,4.17,137.9230667,8.15,2012,4,20,16,2,Friday,16,April,2012-04,558585.13,577715.8275,55912.75876248095
15,2012-04-27,527402.62,0,41.57,4.163,137.9781333,8.15,2012,4,27,17,2,Friday,17,April,2012-04,534780.57,570179.6699999999,61308.46170091997
15,2012-05-04,577868.38,0,51.04,4.124,138.0332,8.15,2012,5,4,18,2,Friday,18,May,2012-05,527402.62,549659.175,23037.354062532584
15,2012-05-11,579539.95,0,54.23,4.055,138.0882667,8.15,2012,5,11,19,2,Friday,19,May,2012-05,577868.38,554897.88,27662.073724614034
15,2012-05-18,600050.98,0,58.84,4.029,138.1065806,8.15,2012,5,18,20,2,Friday,20,May,2012-05,579539.95,571215.4825,30900.97431484312
15,2012-05-25,693780.42,0,67.97,3.979,138.1101935,8.15,2012,5,25,21,2,Friday,21,May,2012-05,600050.98,612809.9325,54914.523098917685
15,2012-06-01,663971.26,0,67.61,3.915,138.1138065,8.15,2012,6,1,22,2,Friday,22,June,2012-06,693780.42,634335.6525000001,53509.990954721194
15,2012-06-08,611390.67,0,59.35,3.871,138.1174194,8.15,2012,6,8,23,2,Friday,23,June,2012-06,663971.26,642298.3325,44197.44907514535
15,2012-06-15,636737.65,0,67.7,3.786,138.1295333,8.15,2012,6,15,24,2,Friday,24,June,2012-06,611390.67,651470.0,35448.77981884333
15,2012-06-22,687085.6,0,74.28,3.722,138.1629,8.15,2012,6,22,25,2,Friday,25,June,2012-06,636737.65,649796.295,32847.84184189277
15,2012-06-29,624099.48,0,68.91,3.667,138.1962667,8.15,2012,6,29,26,2,Friday,26,June,2012-06,687085.6,639828.35,33160.71520796315
15,2012-07-06,678024.75,0,74.64,3.646,138.2296333,8.193,2012,7,6,27,3,Friday,27,July,2012-07,624099.48,656486.87,30763.275043071004
15,2012-07-13,591335.5,0,72.62,3.689,138.263,8.193,2012,7,13,28,3,Friday,28,July,2012-07,678024.75,645136.3325,45381.59608710633
15,2012-07-20,592369.22,0,75.31,3.732,138.2331935,8.193,2012,7,20,29,3,Friday,29,July,2012-07,591335.5,621457.2374999999,40662.41814405051
15,2012-07-27,571190.83,0,73.9,3.82,138.2033871,8.193,2012,7,27,30,3,Friday,30,July,2012-07,592369.22,608230.075,47540.14343789352
15,2012-08-03,590739.62,0,73.13,3.819,138.1735806,8.193,2012,8,3,31,3,Friday,31,August,2012-08,571190.83,586408.7925,10167.621686161072
15,2012-08-10,590453.63,0,73.99,3.863,138.1437742,8.193,2012,8,10,32,3,Friday,32,August,2012-08,590739.62,586188.325,10033.866522853232
15,2012-08-17,579738.2,0,70.29,3.963,138.1857097,8.193,2012,8,17,33,3,Friday,33,August,2012-08,590453.63,583030.5700000001,9408.336997043461
15,2012-08-24,606210.77,0,66.98,3.997,138.2814516,8.193,2012,8,24,34,3,Friday,34,August,2012-08,579738.2,591785.5549999999,10894.854971060071
15,2012-08-31,610185.32,0,71.42,4.026,138.3771935,8.193,2012,8,31,35,3,Friday,35,August,2012-08,606210.77,596646.98,14130.54793027964
15,2012-09-07,587259.82,1,71.61,4.076,138.4729355,8.193,2012,9,7,36,3,Friday,36,September,2012-09,610185.32,595848.5275,14676.83250902441
15,2012-09-14,527509.76,0,65.44,4.088,138.5673,8.193,2012,9,14,37,3,Friday,37,September,2012-09,587259.82,582791.4175,38187.78269965093
15,2012-09-21,533161.64,0,60.34,4.203,138.6534,8.193,2012,9,21,38,3,Friday,38,September,2012-09,527509.76,564529.135,40642.85561361847
15,2012-09-28,553901.97,0,57.13,4.158,138.7395,8.193,2012,9,28,39,3,Friday,39,September,2012-09,533161.64,550458.2975,27030.97404007552
15,2012-10-05,573498.64,0,59.57,4.151,138.8256,7.992,2012,10,5,40,4,Friday,40,October,2012-10,553901.97,547018.0025,20985.578207560513
15,2012-10-12,551799.63,0,49.12,4.186,138.9117,7.992,2012,10,12,41,4,Friday,41,October,2012-10,573498.64,553090.47,16492.184695309807
15,2012-10-19,555652.77,0,52.89,4.153,138.8336129,7.992,2012,10,19,42,4,Friday,42,October,2012-10,551799.63,558713.2525,9981.997996802374
15,2012-10-26,558473.6,0,55.75,4.071,138.7281613,7.992,2012,10,26,43,4,Friday,43,October,2012-10,555652.77,559856.16,9497.45397174462
16,2010-02-26,443242.17,0,18.12,2.586,189.6018023,7.039,2010,2,26,8,1,Friday,8,February,2010-02,469868.7,465641.1125,15265.166362852367
16,2010-03-05,444181.85,0,27.92,2.62,189.6695049,7.039,2010,3,5,9,1,Friday,9,March,2010-03,443242.17,457334.25,15759.333360369954
16,2010-03-12,445393.74,0,28.64,2.684,189.7372075,7.039,2010,3,12,10,1,Friday,10,March,2010-03,444181.85,450671.615,12828.324647384916
16,2010-03-19,504307.35,0,33.45,2.692,189.734262,7.039,2010,3,19,11,1,Friday,11,March,2010-03,445393.74,459281.27749999997,30030.299048424855
16,2010-03-26,483177.2,0,29.88,2.717,189.7195417,7.039,2010,3,26,12,1,Friday,12,March,2010-03,504307.35,469265.03500000003,29555.129674715252
16,2010-04-02,490503.69,0,36.19,2.725,189.7048215,6.842,2010,4,2,13,2,Friday,13,April,2010-04,483177.2,480845.495,25205.84027222062
16,2010-04-09,424083.99,0,34.21,2.75,189.6901012,6.842,2010,4,9,14,2,Friday,14,April,2010-04,490503.69,475518.0575,35390.76295450304
16,2010-04-16,436312.41,0,45.69,2.765,189.6628845,6.842,2010,4,16,15,2,Friday,15,April,2010-04,424083.99,458519.3225,33216.20976946992
16,2010-04-23,370230.94,0,44.9,2.776,189.6190057,6.842,2010,4,23,16,2,Friday,16,April,2010-04,436312.41,430282.75749999995,49354.37476054411
16,2010-04-30,383550.93,0,37.75,2.766,189.575127,6.842,2010,4,30,17,2,Friday,17,April,2010-04,370230.94,403544.5675,31649.86938587326
16,2010-05-07,403217.22,0,37.43,2.771,189.5312483,6.842,2010,5,7,18,2,Friday,18,May,2010-05,383550.93,398327.875,28720.06530646324
16,2010-05-14,401770.9,0,41.26,2.788,189.4904116,6.842,2010,5,14,19,2,Friday,19,May,2010-05,403217.22,389692.4975,15761.524855767415
16,2010-05-21,435300.51,0,47.34,2.776,189.467827,6.842,2010,5,21,20,2,Friday,20,May,2010-05,401770.9,405959.89,21510.488497591436
16,2010-05-28,479430.0,0,52.08,2.737,189.4452425,6.842,2010,5,28,21,2,Friday,21,May,2010-05,435300.51,429929.6575,36449.05076646624
16,2010-06-04,516295.81,0,53.76,2.7,189.422658,6.842,2010,6,4,22,2,Friday,22,June,2010-06,479430.0,458199.30500000005,50114.755001875776
16,2010-06-11,535587.31,0,62.63,2.684,189.4000734,6.842,2010,6,11,23,2,Friday,23,June,2010-06,516295.81,491653.40750000003,44205.94431147637
16,2010-06-18,540149.85,0,52.4,2.674,189.4185259,6.842,2010,6,18,24,2,Friday,24,June,2010-06,535587.31,517865.74250000005,27630.939128142945
16,2010-06-25,546554.96,0,62.37,2.715,189.4533931,6.842,2010,6,25,25,2,Friday,25,June,2010-06,540149.85,534646.9825,13034.968696996093
16,2010-07-02,610641.42,0,64.44,2.728,189.4882603,6.868,2010,7,2,26,3,Friday,26,July,2010-07,546554.96,558233.385,35227.1045931188
16,2010-07-09,614253.33,0,61.79,2.711,189.5231276,6.868,2010,7,9,27,3,Friday,27,July,2010-07,610641.42,577899.89,40004.79364309921
16,2010-07-16,586583.69,0,67.68,2.699,189.6125456,6.868,2010,7,16,28,3,Friday,28,July,2010-07,614253.33,589508.35,31158.027491230503
16,2010-07-23,588344.18,0,70.67,2.691,189.774698,6.868,2010,7,23,29,3,Friday,29,July,2010-07,586583.69,599955.655,14517.172402336655
16,2010-07-30,562633.67,0,70.71,2.69,189.9368504,6.868,2010,7,30,30,3,Friday,30,July,2010-07,588344.18,587953.7175,21093.473393184042
16,2010-08-06,586936.45,0,67.42,2.69,190.0990028,6.868,2010,8,6,31,3,Friday,31,August,2010-08,562633.67,581124.4974999999,12350.655740347103
16,2010-08-13,543757.97,0,63.91,2.723,190.2611552,6.868,2010,8,13,32,3,Friday,32,August,2010-08,586936.45,570418.0675,21335.10497534003
16,2010-08-20,521516.96,0,63.59,2.732,190.2948237,6.868,2010,8,20,33,3,Friday,33,August,2010-08,543757.97,553711.2625,27803.25871223358
16,2010-08-27,581010.52,0,65.66,2.731,190.3284922,6.868,2010,8,27,34,3,Friday,34,August,2010-08,521516.96,558305.4750000001,31092.7458610139
16,2010-09-03,542087.89,0,58.02,2.773,190.3621607,6.868,2010,9,3,35,3,Friday,35,September,2010-09,581010.52,547093.335,24770.315135904264
16,2010-09-10,537518.57,1,57.24,2.78,190.3958293,6.868,2010,9,10,36,3,Friday,36,September,2010-09,542087.89,545533.4850000001,25242.32208565625
16,2010-09-17,522049.52,0,56.55,2.8,190.4688287,6.868,2010,9,17,37,3,Friday,37,September,2010-09,537518.57,545666.625,25074.267731648906
16,2010-09-24,511330.32,0,58.19,2.793,190.5713264,6.868,2010,9,24,38,3,Friday,38,September,2010-09,522049.52,528246.575,14167.039988499997
16,2010-10-01,463977.54,0,59.39,2.759,190.6738241,6.986,2010,10,1,39,4,Friday,39,October,2010-10,511330.32,508718.98749999993,31705.600087517123
16,2010-10-08,442894.2,0,54.29,2.745,190.7763218,6.986,2010,10,8,40,4,Friday,40,October,2010-10,463977.54,485062.895,37774.67881399029
16,2010-10-15,452169.28,0,45.0,2.762,190.8623087,6.986,2010,10,15,41,4,Friday,41,October,2010-10,442894.2,467592.835,30408.039352357802
16,2010-10-22,541216.92,0,45.85,2.762,190.9070184,6.986,2010,10,22,42,4,Friday,42,October,2010-10,452169.28,475064.485,44937.67036995282
16,2010-10-29,495022.51,0,35.76,2.748,190.951728,6.986,2010,10,29,43,4,Friday,43,October,2010-10,541216.92,482825.7275,45065.27682790806
16,2010-11-05,446905.02,0,39.94,2.729,190.9964377,6.986,2010,11,5,44,4,Friday,44,November,2010-11,495022.51,483828.4325,43910.4626722651
16,2010-11-12,453632.76,0,34.04,2.737,191.0411474,6.986,2010,11,12,45,4,Friday,45,November,2010-11,446905.02,484194.3025,43563.46884550005
16,2010-11-19,458634.68,0,27.26,2.758,191.0312172,6.986,2010,11,19,46,4,Friday,46,November,2010-11,453632.76,463548.7425,21525.846932586337
16,2010-11-26,651837.77,1,23.46,2.742,191.0121805,6.986,2010,11,26,47,4,Friday,47,November,2010-11,458634.68,502752.5575,99506.26387742316
16,2010-12-03,512260.59,0,23.68,2.712,190.9931437,6.986,2010,12,3,48,4,Friday,48,December,2010-12,651837.77,519091.45,92390.66918477391
16,2010-12-10,570103.64,0,32.02,2.728,190.9741069,6.986,2010,12,10,49,4,Friday,49,December,2010-12,512260.59,548209.1699999999,82732.7911961501
16,2010-12-17,648652.01,0,26.01,2.778,191.0303376,6.986,2010,12,17,50,4,Friday,50,December,2010-12,570103.64,595713.5025,67262.35361314788
16,2010-12-24,1004730.69,0,32.46,2.781,191.1430189,6.986,2010,12,24,51,4,Friday,51,December,2010-12,648652.01,683936.7324999999,221046.3342546136
16,2010-12-31,575317.38,1,19.66,2.829,191.2557002,6.986,2010,12,31,52,4,Friday,52,December,2010-12,1004730.69,699700.93,206491.21999475747
16,2011-01-07,573545.96,0,12.39,2.882,191.3683815,6.614,2011,1,7,1,1,Friday,1,January,2011-01,575317.38,700561.51,205777.00575572997
16,2011-01-14,470365.59,0,17.46,2.911,191.4784939,6.614,2011,1,14,2,1,Friday,2,January,2011-01,573545.96,655989.905,237614.24045335443
16,2011-01-21,462888.13,0,28.6,2.973,191.5731924,6.614,2011,1,21,3,1,Friday,3,January,2011-01,470365.59,520529.265,62320.14716384542
16,2011-01-28,448391.99,0,20.8,3.008,191.667891,6.614,2011,1,28,4,1,Friday,4,January,2011-01,462888.13,488797.91750000004,57230.345884211674
16,2011-02-04,479263.15,0,13.64,3.011,191.7625895,6.614,2011,2,4,5,1,Friday,5,February,2011-02,448391.99,465227.21499999997,13067.85481506447
16,2011-02-11,466806.89,1,15.02,3.037,191.8572881,6.614,2011,2,11,6,1,Friday,6,February,2011-02,479263.15,464337.54000000004,12717.87295430219
16,2011-02-18,491179.79,0,27.18,3.051,191.9178331,6.614,2011,2,18,7,1,Friday,7,February,2011-02,466806.89,471410.45499999996,18289.650687121677
16,2011-02-25,475201.64,0,26.15,3.101,191.9647167,6.614,2011,2,25,8,1,Friday,8,February,2011-02,491179.79,478112.8675,10138.50722473722
16,2011-03-04,484829.07,0,31.77,3.232,192.0116004,6.614,2011,3,4,9,1,Friday,9,March,2011-03,475201.64,479504.34750000003,10714.59045830719
16,2011-03-11,457504.35,0,29.36,3.372,192.058484,6.614,2011,3,11,10,1,Friday,10,March,2011-03,484829.07,477178.71249999997,14669.100137028978
16,2011-03-18,497373.49,0,36.5,3.406,192.1237981,6.614,2011,3,18,11,1,Friday,11,March,2011-03,457504.35,478727.1375,16810.27348262114
16,2011-03-25,465279.68,0,32.61,3.414,192.1964844,6.614,2011,3,25,12,1,Friday,12,March,2011-03,497373.49,476246.64749999996,18180.11314333104
16,2011-04-01,459756.11,0,35.75,3.461,192.2691707,6.339,2011,4,1,13,2,Friday,13,April,2011-04,465279.68,469978.4075,18553.221301550962
16,2011-04-08,439276.5,0,38.04,3.532,192.3418571,6.339,2011,4,8,14,2,Friday,14,April,2011-04,459756.11,465421.445,24059.699684414256
16,2011-04-15,427855.24,0,34.59,3.611,192.4225954,6.339,2011,4,15,15,2,Friday,15,April,2011-04,439276.5,448041.8825,17499.49765342839
16,2011-04-22,368600.0,0,40.74,3.636,192.5234638,6.339,2011,4,22,16,2,Friday,16,April,2011-04,427855.24,423871.9625,39140.03983831352
16,2011-04-29,378100.31,0,37.77,3.663,192.6243322,6.339,2011,4,29,17,2,Friday,17,April,2011-04,368600.0,403458.0125,35290.61663768132
16,2011-05-06,423805.22,0,38.64,3.735,192.7252006,6.339,2011,5,6,18,2,Friday,18,May,2011-05,378100.31,399590.1925,30591.325284869992
16,2011-05-13,410406.95,0,43.29,3.767,192.826069,6.339,2011,5,13,19,2,Friday,19,May,2011-05,423805.22,395228.12,26137.241468255706
16,2011-05-20,435397.19,0,43.95,3.828,192.831317,6.339,2011,5,20,20,2,Friday,20,May,2011-05,410406.95,411927.4175,24755.4535181385
16,2011-05-27,444718.68,0,45.17,3.795,192.8365651,6.339,2011,5,27,21,2,Friday,21,May,2011-05,435397.19,428582.01,14832.277031631904
16,2011-06-03,531080.31,0,54.08,3.763,192.8418131,6.339,2011,6,3,22,2,Friday,22,June,2011-06,444718.68,455400.7825,52491.54494579112
16,2011-06-10,600952.06,0,55.78,3.735,192.8470612,6.339,2011,6,10,23,2,Friday,23,June,2011-06,531080.31,503037.06000000006,78209.02879464284
16,2011-06-17,581546.23,0,58.34,3.697,192.9034759,6.339,2011,6,17,24,2,Friday,24,June,2011-06,600952.06,539574.3200000001,69758.17477124173
16,2011-06-24,569105.03,0,54.36,3.661,192.9982655,6.339,2011,6,24,25,2,Friday,25,June,2011-06,581546.23,570670.9075,29467.995175326043
16,2011-07-01,608737.56,0,63.59,3.597,193.0930552,6.338,2011,7,1,26,3,Friday,26,July,2011-07,569105.03,590085.22,18065.443270852767
16,2011-07-08,634634.66,0,65.0,3.54,193.1878448,6.338,2011,7,8,27,3,Friday,27,July,2011-07,608737.56,598505.87,29223.368096754224
16,2011-07-15,586841.77,0,65.16,3.532,193.3125484,6.338,2011,7,15,28,3,Friday,28,July,2011-07,634634.66,599829.755,28304.457144076987
16,2011-07-22,581758.22,0,65.36,3.545,193.5120367,6.338,2011,7,22,29,3,Friday,29,July,2011-07,586841.77,602993.0525,24124.48776174147
16,2011-07-29,582381.95,0,66.84,3.547,193.711525,6.338,2011,7,29,30,3,Friday,30,July,2011-07,581758.22,596404.15,25587.342994334696
16,2011-08-05,592981.33,0,63.96,3.554,193.9110133,6.338,2011,8,5,31,3,Friday,31,August,2011-08,582381.95,585990.8175,5181.061390593312
16,2011-08-12,563884.47,0,67.09,3.542,194.1105017,6.338,2011,8,12,32,3,Friday,32,August,2011-08,592981.33,580251.4924999999,12065.615956238415
16,2011-08-19,554630.42,0,68.83,3.499,194.2500634,6.338,2011,8,19,33,3,Friday,33,August,2011-08,563884.47,573469.5425,17387.035498624795
16,2011-08-26,557312.01,0,67.51,3.485,194.3796374,6.338,2011,8,26,34,3,Friday,34,August,2011-08,554630.42,567202.0575,17620.40849349535
16,2011-09-02,580805.33,0,63.44,3.511,194.5092113,6.338,2011,9,2,35,3,Friday,35,September,2011-09,557312.01,564158.0575,11759.404385610353
16,2011-09-09,574622.56,1,56.99,3.566,194.6387853,6.338,2011,9,9,36,3,Friday,36,September,2011-09,580805.33,566842.5800000001,12851.136042561324
16,2011-09-16,539081.09,0,53.68,3.596,194.7419707,6.338,2011,9,16,37,3,Friday,37,September,2011-09,574622.56,562955.2475,18766.75386639489
16,2011-09-23,504856.97,0,50.39,3.581,194.8099713,6.338,2011,9,23,38,3,Friday,38,September,2011-09,539081.09,549841.4875,35176.95299331071
16,2011-09-30,450075.31,0,57.61,3.538,194.8779718,6.338,2011,9,30,39,3,Friday,39,September,2011-09,504856.97,517158.9825,53022.63719072401
16,2011-10-07,482926.93,0,48.91,3.498,194.9459724,6.232,2011,10,7,40,4,Friday,40,October,2011-10,450075.31,494235.075,37425.25307403863
16,2011-10-14,498241.06,0,39.97,3.491,195.0261012,6.232,2011,10,14,41,4,Friday,41,October,2011-10,482926.93,484025.0675,24425.768802689458
16,2011-10-21,560104.16,0,46.99,3.548,195.1789994,6.232,2011,10,21,42,4,Friday,42,October,2011-10,498241.06,497836.865,46118.87429219306
16,2011-10-28,505918.21,0,41.97,3.55,195.3318977,6.232,2011,10,28,43,4,Friday,43,October,2011-10,560104.16,511797.58999999997,33592.59009973178
16,2011-11-04,511059.95,0,33.43,3.527,195.4847959,6.232,2011,11,4,44,4,Friday,44,November,2011-11,505918.21,518830.845,28015.166899257016
16,2011-11-11,513181.31,0,29.56,3.505,195.6376941,6.232,2011,11,11,45,4,Friday,45,November,2011-11,511059.95,522565.9075,25210.60597601761
16,2011-11-18,480353.64,0,31.73,3.479,195.7184713,6.232,2011,11,18,46,4,Friday,46,November,2011-11,513181.31,502628.2775,15159.625409887094
16,2011-11-25,712422.4,1,31.39,3.424,195.7704,6.232,2011,11,25,47,4,Friday,47,November,2011-11,480353.64,554254.325,106506.96031325156
16,2011-12-02,530492.84,0,27.83,3.378,195.8223287,6.232,2011,12,2,48,4,Friday,48,December,2011-12,712422.4,559112.5475,104300.2758382933
16,2011-12-09,574798.86,0,14.44,3.331,195.8742575,6.232,2011,12,9,49,4,Friday,49,December,2011-12,530492.84,574516.935,99704.3025223382
16,2011-12-16,679481.9,0,22.5,3.266,195.9841685,6.232,2011,12,16,50,4,Friday,50,December,2011-12,574798.86,624299.0,85753.02831180378
16,2011-12-23,950691.96,0,20.79,3.173,196.1713893,6.232,2011,12,23,51,4,Friday,51,December,2011-12,679481.9,683866.39,188533.18054415795
16,2011-12-30,665861.06,1,23.91,3.119,196.3586101,6.232,2011,12,30,52,4,Friday,52,December,2011-12,950691.96,717708.4450000001,162125.35049625687
16,2012-01-06,564538.07,0,26.49,3.095,196.5458309,6.162,2012,1,6,1,1,Friday,1,January,2012-01,665861.06,715143.2474999999,165192.39405464445
16,2012-01-13,508520.09,0,19.55,3.077,196.7330517,6.162,2012,1,13,2,1,Friday,2,January,2012-01,564538.07,672402.7949999999,196621.45826490206
16,2012-01-20,474389.75,0,29.3,3.055,196.7796652,6.162,2012,1,20,3,1,Friday,3,January,2012-01,508520.09,553327.2424999999,83722.46088854896
16,2012-01-27,453979.19,0,28.17,3.038,196.8262786,6.162,2012,1,27,4,1,Friday,4,January,2012-01,474389.75,500356.77499999997,48342.68340865764
16,2012-02-03,475905.1,0,25.53,3.031,196.8728921,6.162,2012,2,3,5,1,Friday,5,February,2012-02,453979.19,478198.5325,22551.718760237283
16,2012-02-10,473766.97,1,23.69,3.103,196.9195056,6.162,2012,2,10,6,1,Friday,6,February,2012-02,475905.1,469510.25249999994,10392.900086990843
16,2012-02-17,494069.49,0,31.19,3.113,196.9432711,6.162,2012,2,17,7,1,Friday,7,February,2012-02,473766.97,474430.1875,16396.755022122703
16,2012-02-24,495720.3,0,26.21,3.129,196.9499007,6.162,2012,2,24,8,1,Friday,8,February,2012-02,494069.49,484865.46499999997,11633.375137596337
16,2012-03-02,464189.09,0,23.4,3.191,196.9565303,6.162,2012,3,2,9,1,Friday,9,March,2012-03,495720.3,481936.46249999997,15480.249469388522
16,2012-03-09,495951.66,0,28.16,3.286,196.9631599,6.162,2012,3,9,10,1,Friday,10,March,2012-03,464189.09,487482.63499999995,15551.62806655012
16,2012-03-16,520850.71,0,38.02,3.486,197.0457208,6.162,2012,3,16,11,1,Friday,11,March,2012-03,495951.66,494177.93999999994,23211.295675478228
16,2012-03-23,493503.89,0,38.7,3.664,197.2295234,6.162,2012,3,23,12,1,Friday,12,March,2012-03,520850.71,493623.8375,23188.647305052087
16,2012-03-30,485095.41,0,48.29,3.75,197.4133259,6.162,2012,3,30,13,1,Friday,13,March,2012-03,493503.89,498850.4175,15386.154520246386
16,2012-04-06,502662.07,0,48.93,3.854,197.5971285,6.169,2012,4,6,14,2,Friday,14,April,2012-04,485095.41,500528.02,15330.468050123998
16,2012-04-13,450756.71,0,45.83,3.901,197.780931,6.169,2012,4,13,15,2,Friday,15,April,2012-04,502662.07,483004.52,22663.84134245291
16,2012-04-20,436221.26,0,43.61,3.936,197.7227385,6.169,2012,4,20,16,2,Friday,16,April,2012-04,450756.71,468683.8625,30545.380633243163
16,2012-04-27,398445.15,0,59.69,3.927,197.664546,6.169,2012,4,27,17,2,Friday,17,April,2012-04,436221.26,447021.29750000004,43151.407033394775
16,2012-05-04,426959.62,0,51.34,3.903,197.6063534,6.169,2012,5,4,18,2,Friday,18,May,2012-05,398445.15,428095.685,22060.461559101426
16,2012-05-11,479855.0,0,53.57,3.87,197.5481609,6.169,2012,5,11,19,2,Friday,19,May,2012-05,426959.62,435370.2575,33733.360874112666
16,2012-05-18,493506.47,0,56.74,3.837,197.5553137,6.169,2012,5,18,20,2,Friday,20,May,2012-05,479855.0,449691.56,44618.81174644263
16,2012-05-25,518045.09,0,57.36,3.804,197.5886046,6.169,2012,5,25,21,2,Friday,21,May,2012-05,493506.47,479591.545,38481.55055159704
16,2012-06-01,532311.93,0,58.97,3.764,197.6218954,6.169,2012,6,1,22,2,Friday,22,June,2012-06,518045.09,505929.62250000006,23643.401886671065
16,2012-06-08,603618.89,0,65.43,3.741,197.6551863,6.169,2012,6,8,23,2,Friday,23,June,2012-06,532311.93,536870.595,47296.804992550096
16,2012-06-15,570045.79,0,65.36,3.723,197.692292,6.169,2012,6,15,24,2,Friday,24,June,2012-06,603618.89,556005.425,38585.587280169435
16,2012-06-22,581745.72,0,70.41,3.735,197.7389345,6.169,2012,6,22,25,2,Friday,25,June,2012-06,570045.79,571930.5825,29853.39637317832
16,2012-06-29,570162.28,0,77.31,3.693,197.785577,6.169,2012,6,29,26,2,Friday,26,June,2012-06,581745.72,581393.1699999999,15800.873858507706
16,2012-07-06,641763.53,0,70.49,3.646,197.8322195,6.061,2012,7,6,27,3,Friday,27,July,2012-07,570162.28,590929.3300000001,34330.973337528194
16,2012-07-13,569005.06,0,70.29,3.613,197.8788621,6.061,2012,7,13,28,3,Friday,28,July,2012-07,641763.53,590669.1475,34545.27359506791
16,2012-07-20,565297.54,0,68.43,3.585,197.9290378,6.061,2012,7,20,29,3,Friday,29,July,2012-07,569005.06,586557.1025,36862.73201908439
16,2012-07-27,539337.87,0,69.0,3.57,197.9792136,6.061,2012,7,27,30,3,Friday,30,July,2012-07,565297.54,578851.0,43969.35556291076
16,2012-08-03,584000.71,0,68.59,3.528,198.0293893,6.061,2012,8,3,31,3,Friday,31,August,2012-08,539337.87,564410.295,18567.982517837052
16,2012-08-10,554036.84,0,70.24,3.509,198.0795651,6.061,2012,8,10,32,3,Friday,32,August,2012-08,584000.71,560668.24,18839.627783724074
16,2012-08-17,521896.6,0,62.07,3.545,198.1001057,6.061,2012,8,17,33,3,Friday,33,August,2012-08,554036.84,549818.005,26303.953927540333
16,2012-08-24,551152.15,0,61.44,3.558,198.0984199,6.061,2012,8,24,34,3,Friday,34,August,2012-08,521896.6,552771.575,25382.05656856628
16,2012-08-31,551837.31,0,64.19,3.556,198.0967341,6.061,2012,8,31,35,3,Friday,35,August,2012-08,551152.15,544730.725,15272.407475593542
16,2012-09-07,537138.58,1,60.09,3.596,198.0950484,6.061,2012,9,7,36,3,Friday,36,September,2012-09,551837.31,540506.16,14134.925796911666
16,2012-09-14,526525.16,0,56.69,3.659,198.1267184,6.061,2012,9,14,37,3,Friday,37,September,2012-09,537138.58,541663.3,12154.356249792301
16,2012-09-21,509942.56,0,56.48,3.765,198.358523,6.061,2012,9,21,38,3,Friday,38,September,2012-09,526525.16,531360.9025,17652.144556905456
16,2012-09-28,469607.73,0,51.4,3.789,198.5903276,6.061,2012,9,28,39,3,Friday,39,September,2012-09,509942.56,510803.5075,29656.588449214414
16,2012-10-05,471281.68,0,50.46,3.779,198.8221322,5.847,2012,10,5,40,4,Friday,40,October,2012-10,469607.73,494339.28250000003,28417.69226670371
16,2012-10-12,491817.19,0,43.26,3.76,199.0539368,5.847,2012,10,12,41,4,Friday,41,October,2012-10,471281.68,485662.29,19078.47955200246
16,2012-10-19,577198.97,0,40.59,3.75,199.1481963,5.847,2012,10,19,42,4,Friday,42,October,2012-10,491817.19,502476.39249999996,50828.27706659627
16,2012-10-26,475770.14,0,40.99,3.686,199.2195317,5.847,2012,10,26,43,4,Friday,43,October,2012-10,577198.97,504016.995,49577.960064524814
17,2010-02-26,749549.55,0,15.64,2.667,126.5522857,6.548,2010,2,26,8,1,Friday,8,February,2010-02,800714.0,795312.87,38026.53705306073
17,2010-03-05,783300.05,0,31.58,2.681,126.5782857,6.548,2010,3,5,9,1,Friday,9,March,2010-03,749549.55,793878.8775000001,38447.95712480738
17,2010-03-12,763961.82,0,29.71,2.733,126.6042857,6.548,2010,3,12,10,1,Friday,10,March,2010-03,783300.05,774381.355,22346.786214676096
17,2010-03-19,752034.52,0,33.96,2.782,126.6066452,6.548,2010,3,19,11,1,Friday,11,March,2010-03,763961.82,762211.485,15402.234263540258
17,2010-03-26,793097.64,0,35.59,2.819,126.6050645,6.548,2010,3,26,12,1,Friday,12,March,2010-03,752034.52,773098.5075000001,18540.113250325543
17,2010-04-02,848521.17,0,36.94,2.842,126.6034839,6.635,2010,4,2,13,2,Friday,13,April,2010-04,793097.64,789403.7875,43020.40339071948
17,2010-04-09,770228.02,0,34.05,2.877,126.6019032,6.635,2010,4,9,14,2,Friday,14,April,2010-04,848521.17,790970.3375,41884.22677267136
17,2010-04-16,757738.76,0,45.22,2.915,126.5621,6.635,2010,4,16,15,2,Friday,15,April,2010-04,770228.02,792396.3975,40179.06016523398
17,2010-04-23,977790.83,0,52.25,2.936,126.4713333,6.635,2010,4,23,16,2,Friday,16,April,2010-04,757738.76,838569.695,101136.50986026041
17,2010-04-30,807798.73,0,43.82,2.941,126.3805667,6.635,2010,4,30,17,2,Friday,17,April,2010-04,977790.83,828389.085,101847.96190500633
17,2010-05-07,843848.65,0,40.26,2.948,126.2898,6.635,2010,5,7,18,2,Friday,18,May,2010-05,807798.73,846794.2424999999,94198.92322503237
17,2010-05-14,813756.09,0,47.28,2.962,126.2085484,6.635,2010,5,14,19,2,Friday,19,May,2010-05,843848.65,860798.5750000001,79574.84244929391
17,2010-05-21,826626.5,0,53.94,2.95,126.1843871,6.635,2010,5,21,20,2,Friday,20,May,2010-05,813756.09,823007.4925,15961.891765736817
17,2010-05-28,872817.62,0,48.19,2.908,126.1602258,6.635,2010,5,28,21,2,Friday,21,May,2010-05,826626.5,839262.2150000001,25542.280613394058
17,2010-06-04,876902.87,0,53.79,2.871,126.1360645,6.635,2010,6,4,22,2,Friday,22,June,2010-06,872817.62,847525.7699999999,32040.92411623919
17,2010-06-11,845252.21,0,57.14,2.841,126.1119032,6.635,2010,6,11,23,2,Friday,23,June,2010-06,876902.87,855399.7999999999,23781.217018727133
17,2010-06-18,877996.27,0,54.94,2.819,126.114,6.635,2010,6,18,24,2,Friday,24,June,2010-06,845252.21,868242.2424999999,15487.879075619783
17,2010-06-25,893995.44,0,62.64,2.82,126.1266,6.635,2010,6,25,25,2,Friday,25,June,2010-06,877996.27,873536.6974999999,20410.710276726943
17,2010-07-02,958875.37,0,68.98,2.814,126.1392,6.697,2010,7,2,26,3,Friday,26,July,2010-07,893995.44,894029.8225,47753.80089480298
17,2010-07-09,836915.92,0,62.41,2.802,126.1518,6.697,2010,7,9,27,3,Friday,27,July,2010-07,958875.37,891945.75,50684.13770447901
17,2010-07-16,876591.41,0,65.66,2.791,126.1498065,6.697,2010,7,16,28,3,Friday,28,July,2010-07,836915.92,891594.535,50817.71279517958
17,2010-07-23,893504.87,0,69.66,2.797,126.1283548,6.697,2010,7,23,29,3,Friday,29,July,2010-07,876591.41,891471.8925000001,50810.57852935105
17,2010-07-30,833517.19,0,69.96,2.797,126.1069032,6.697,2010,7,30,30,3,Friday,30,July,2010-07,893504.87,860132.3475,29619.785678970682
17,2010-08-06,795301.17,0,70.53,2.802,126.0854516,6.697,2010,8,6,31,3,Friday,31,August,2010-08,833517.19,849728.66,44208.32246982309
17,2010-08-13,759995.18,0,65.17,2.837,126.064,6.697,2010,8,13,32,3,Friday,32,August,2010-08,795301.17,820579.6025,57140.024529169474
17,2010-08-20,783929.7,0,67.04,2.85,126.0766452,6.697,2010,8,20,33,3,Friday,33,August,2010-08,759995.18,793185.8099999999,30650.657702366967
17,2010-08-27,802583.89,0,65.03,2.854,126.0892903,6.697,2010,8,27,34,3,Friday,34,August,2010-08,783929.7,785452.485,18626.81656038332
17,2010-09-03,834373.73,0,57.86,2.868,126.1019355,6.697,2010,9,3,35,3,Friday,35,September,2010-09,802583.89,795220.625,31387.36617072176
17,2010-09-10,1200888.28,1,56.28,2.87,126.1145806,6.697,2010,9,10,36,3,Friday,36,September,2010-09,834373.73,905443.8999999999,198060.79302094216
17,2010-09-17,871264.25,0,58.53,2.875,126.1454667,6.697,2010,9,17,37,3,Friday,37,September,2010-09,1200888.28,927277.5375000001,184553.47008641367
17,2010-09-24,852876.29,0,58.39,2.872,126.1900333,6.697,2010,9,24,38,3,Friday,38,September,2010-09,871264.25,939850.6375,174675.56449130902
17,2010-10-01,829207.27,0,60.07,2.853,126.2346,6.885,2010,10,1,39,4,Friday,39,October,2010-10,852876.29,938559.0225,175731.38798539087
17,2010-10-08,827738.06,0,58.06,2.841,126.2791667,6.885,2010,10,8,40,4,Friday,40,October,2010-10,829207.27,845271.4675,20808.14653950704
17,2010-10-15,838297.32,0,47.35,2.845,126.3266774,6.885,2010,10,15,41,4,Friday,41,October,2010-10,827738.06,837029.735,11550.5592950011
17,2010-10-22,815093.76,0,47.95,2.849,126.3815484,6.885,2010,10,22,42,4,Friday,42,October,2010-10,838297.32,827584.1025,9547.077399469274
17,2010-10-29,861941.25,0,39.87,2.841,126.4364194,6.885,2010,10,29,43,4,Friday,43,October,2010-10,815093.76,835767.5974999999,19860.686548707086
17,2010-11-05,818434.49,0,42.54,2.831,126.4912903,6.885,2010,11,5,44,4,Friday,44,November,2010-11,861941.25,833441.7050000001,21584.44385828528
17,2010-11-12,855459.96,0,36.32,2.831,126.5461613,6.885,2010,11,12,45,4,Friday,45,November,2010-11,818434.49,837732.365,24394.344653961707
17,2010-11-19,782252.57,0,36.31,2.842,126.6072,6.885,2010,11,19,46,4,Friday,46,November,2010-11,855459.96,829522.0675,36883.22757944224
17,2010-11-26,1005448.76,1,19.03,2.83,126.6692667,6.885,2010,11,26,47,4,Friday,47,November,2010-11,782252.57,865398.9450000001,98033.52116062483
17,2010-12-03,926573.81,0,22.47,2.812,126.7313333,6.885,2010,12,3,48,4,Friday,48,December,2010-12,1005448.76,892433.7749999999,95646.72804171545
17,2010-12-10,962475.55,0,31.64,2.817,126.7934,6.885,2010,12,10,49,4,Friday,49,December,2010-12,926573.81,919187.6725,96816.99726630653
17,2010-12-17,1049372.38,0,25.13,2.842,126.8794839,6.885,2010,12,17,50,4,Friday,50,December,2010-12,962475.55,985967.625,53163.8361594233
17,2010-12-24,1309226.79,0,26.58,2.846,126.9835806,6.885,2010,12,24,51,4,Friday,51,December,2010-12,1049372.38,1061912.1325,172748.25680113898
17,2010-12-31,635862.55,1,20.79,2.868,127.0876774,6.885,2010,12,31,52,4,Friday,52,December,2010-12,1309226.79,989234.3174999999,277848.52391312685
17,2011-01-07,1083071.14,0,6.23,2.891,127.1917742,6.866,2011,1,7,1,1,Friday,1,January,2011-01,635862.55,1019383.215,280507.2193123412
17,2011-01-14,758510.36,0,16.57,2.903,127.3009355,6.866,2011,1,14,2,1,Friday,2,January,2011-01,1083071.14,946667.71,306625.73171422916
17,2011-01-21,755804.37,0,26.62,2.934,127.4404839,6.866,2011,1,21,3,1,Friday,3,January,2011-01,758510.36,808312.105,191892.89753549552
17,2011-01-28,736335.69,0,22.16,2.96,127.5800323,6.866,2011,1,28,4,1,Friday,4,January,2011-01,755804.37,833430.39,166720.01949865316
17,2011-02-04,816603.05,0,11.29,2.974,127.7195806,6.866,2011,2,4,5,1,Friday,5,February,2011-02,736335.69,766813.3674999999,34631.581293885945
17,2011-02-11,813211.46,1,14.19,3.034,127.859129,6.866,2011,2,11,6,1,Friday,6,February,2011-02,816603.05,780488.6425000001,40553.79035937363
17,2011-02-18,860962.91,0,26.86,3.062,127.99525,6.866,2011,2,18,7,1,Friday,7,February,2011-02,813211.46,806778.2775,51755.98041003077
17,2011-02-25,767256.53,0,24.36,3.12,128.13,6.866,2011,2,25,8,1,Friday,8,February,2011-02,860962.91,814508.4875,38283.28760609363
17,2011-03-04,816138.33,0,24.21,3.23,128.26475,6.866,2011,3,4,9,1,Friday,9,March,2011-03,767256.53,814392.3075000001,38275.516687701056
17,2011-03-11,779602.36,0,32.42,3.346,128.3995,6.866,2011,3,11,10,1,Friday,10,March,2011-03,816138.33,805990.0325000001,42117.29129729438
17,2011-03-18,778436.81,0,34.48,3.407,128.5121935,6.866,2011,3,18,11,1,Friday,11,March,2011-03,779602.36,785358.5075000001,21261.24951537765
17,2011-03-25,781267.76,0,36.71,3.435,128.6160645,6.866,2011,3,25,12,1,Friday,12,March,2011-03,778436.81,788861.315,18221.74687047927
17,2011-04-01,795859.23,0,39.38,3.487,128.7199355,6.774,2011,4,1,13,2,Friday,13,April,2011-04,781267.76,783791.5399999999,8128.570392345934
17,2011-04-08,811855.72,0,39.16,3.547,128.8238065,6.774,2011,4,8,14,2,Friday,14,April,2011-04,795859.23,791854.88,15364.46259009804
17,2011-04-15,825283.43,0,39.98,3.616,128.9107333,6.774,2011,4,15,15,2,Friday,15,April,2011-04,811855.72,803566.5349999999,19122.16892570048
17,2011-04-22,1060770.11,0,42.24,3.655,128.9553,6.774,2011,4,22,16,2,Friday,16,April,2011-04,825283.43,873442.1225,125463.17487038251
17,2011-04-29,806979.15,0,40.14,3.683,128.9998667,6.774,2011,4,29,17,2,Friday,17,April,2011-04,1060770.11,876222.1025,123275.21120827731
17,2011-05-06,882132.28,0,45.66,3.744,129.0444333,6.774,2011,5,6,18,2,Friday,18,May,2011-05,806979.15,893791.2425,115826.78644700881
17,2011-05-13,870625.49,0,49.26,3.77,129.089,6.774,2011,5,13,19,2,Friday,19,May,2011-05,882132.28,905126.7575,108898.86667610177
17,2011-05-20,844443.35,0,51.93,3.802,129.0756774,6.774,2011,5,20,20,2,Friday,20,May,2011-05,870625.49,851045.0675,33342.64279350344
17,2011-05-27,892056.64,0,51.04,3.778,129.0623548,6.774,2011,5,27,21,2,Friday,21,May,2011-05,844443.35,872314.4400000001,20540.97249398904
17,2011-06-03,895020.48,0,49.61,3.752,129.0490323,6.774,2011,6,3,22,2,Friday,22,June,2011-06,892056.64,875536.49,23405.430270220382
17,2011-06-10,881190.46,0,54.57,3.732,129.0357097,6.774,2011,6,10,23,2,Friday,23,June,2011-06,895020.48,878177.7325,23262.181800711944
17,2011-06-17,894686.67,0,56.61,3.704,129.0432,6.774,2011,6,17,24,2,Friday,24,June,2011-06,881190.46,890738.5625,6501.947399436725
17,2011-06-24,920719.98,0,60.99,3.668,129.0663,6.774,2011,6,24,25,2,Friday,25,June,2011-06,894686.67,897904.3975,16518.446879973566
17,2011-07-01,940554.34,0,67.39,3.613,129.0894,6.745,2011,7,1,26,3,Friday,26,July,2011-07,920719.98,909287.8624999999,26526.3691161652
17,2011-07-08,915064.22,0,70.6,3.563,129.1125,6.745,2011,7,8,27,3,Friday,27,July,2011-07,940554.34,917756.3025,18867.86642281467
17,2011-07-15,902727.76,0,67.93,3.553,129.1338387,6.745,2011,7,15,28,3,Friday,28,July,2011-07,915064.22,919766.575,15763.602739007769
17,2011-07-22,899044.34,0,69.82,3.563,129.1507742,6.745,2011,7,22,29,3,Friday,29,July,2011-07,902727.76,914347.665,18766.257075653568
17,2011-07-29,861894.77,0,68.59,3.574,129.1677097,6.745,2011,7,29,30,3,Friday,30,July,2011-07,899044.34,894682.7725,22907.07027002582
17,2011-08-05,866184.92,0,65.71,3.595,129.1846452,6.745,2011,8,5,31,3,Friday,31,August,2011-08,861894.77,882462.9475,21398.047479942998
17,2011-08-12,800819.79,0,64.79,3.606,129.2015806,6.745,2011,8,12,32,3,Friday,32,August,2011-08,866184.92,856985.9550000001,40956.331465725176
17,2011-08-19,797523.04,0,67.59,3.578,129.2405806,6.745,2011,8,19,33,3,Friday,33,August,2011-08,800819.79,831605.6300000001,37516.88590691526
17,2011-08-26,837390.79,0,72.04,3.57,129.2832581,6.745,2011,8,26,34,3,Friday,34,August,2011-08,797523.04,825479.635,32600.996916164866
17,2011-09-02,847380.07,0,69.31,3.58,129.3259355,6.745,2011,9,2,35,3,Friday,35,September,2011-09,837390.79,820778.4225,25316.517863249737
17,2011-09-09,1161900.18,1,61.94,3.619,129.3686129,6.745,2011,9,9,36,3,Friday,36,September,2011-09,847380.07,911048.52,168615.66025347085
17,2011-09-16,1051116.95,0,61.48,3.641,129.4306,6.745,2011,9,16,37,3,Friday,37,September,2011-09,1161900.18,974446.9974999999,159109.38095568554
17,2011-09-23,895535.31,0,56.96,3.648,129.5183333,6.745,2011,9,23,38,3,Friday,38,September,2011-09,1051116.95,988983.1275,144389.33413126637
17,2011-09-30,868191.05,0,61.4,3.623,129.6060667,6.745,2011,9,30,39,3,Friday,39,September,2011-09,895535.31,994185.8725,137811.3025165075
17,2011-10-07,918006.9,0,54.4,3.592,129.6938,6.617,2011,10,7,40,4,Friday,40,October,2011-10,868191.05,933212.5525000001,81199.40313317269
17,2011-10-14,884042.63,0,47.69,3.567,129.7706452,6.617,2011,10,14,41,4,Friday,41,October,2011-10,918006.9,891443.9725,20958.740702491123
17,2011-10-21,877380.22,0,47.27,3.579,129.7821613,6.617,2011,10,21,42,4,Friday,42,October,2011-10,884042.63,886905.2,21729.048944658454
17,2011-10-28,936508.43,0,41.89,3.567,129.7936774,6.617,2011,10,28,43,4,Friday,43,October,2011-10,877380.22,903984.545,28046.982118179443
17,2011-11-04,927657.63,0,37.52,3.538,129.8051935,6.617,2011,11,4,44,4,Friday,44,November,2011-11,936508.43,906397.2275,30002.24427216744
17,2011-11-11,914759.2,0,27.61,3.513,129.8167097,6.617,2011,11,11,45,4,Friday,45,November,2011-11,927657.63,914076.37,26043.051668746233
17,2011-11-18,877724.31,0,32.93,3.489,129.8268333,6.617,2011,11,18,46,4,Friday,46,November,2011-11,914759.2,914162.3925,25881.504738596825
17,2011-11-25,1225700.28,1,32.81,3.445,129.8364,6.617,2011,11,25,47,4,Friday,47,November,2011-11,877724.31,986460.355,160891.3559849294
17,2011-12-02,945267.68,0,26.47,3.389,129.8459667,6.617,2011,12,2,48,4,Friday,48,December,2011-12,1225700.28,990862.8675,158975.50422731508
17,2011-12-09,976522.93,0,17.56,3.341,129.8555333,6.617,2011,12,9,49,4,Friday,49,December,2011-12,945267.68,1006303.8,151964.69858453132
17,2011-12-16,1067754.06,0,21.07,3.282,129.8980645,6.617,2011,12,16,50,4,Friday,50,December,2011-12,976522.93,1053811.2375,125824.52275795891
17,2011-12-23,1289156.9,0,18.76,3.186,129.9845484,6.617,2011,12,23,51,4,Friday,51,December,2011-12,1067754.06,1069675.3925,155274.47080610224
17,2011-12-30,777207.3,1,26.73,3.119,130.0710323,6.617,2011,12,30,52,4,Friday,52,December,2011-12,1289156.9,1027660.2975000001,212390.92669102343
17,2012-01-06,1198104.22,0,27.64,3.08,130.1575161,6.403,2012,1,6,1,1,Friday,1,January,2012-01,777207.3,1083055.62,223227.27623422653
17,2012-01-13,873576.96,0,20.28,3.056,130.244,6.403,2012,1,13,2,1,Friday,2,January,2012-01,1198104.22,1034511.345,247461.94002358863
17,2012-01-20,809272.65,0,27.26,3.047,130.2792258,6.403,2012,1,20,3,1,Friday,3,January,2012-01,873576.96,914540.2825,193242.6134640459
17,2012-01-27,769522.33,0,29.99,3.058,130.3144516,6.403,2012,1,27,4,1,Friday,4,January,2012-01,809272.65,912619.04,195092.47102268852
17,2012-02-03,864852.85,0,26.26,3.077,130.3496774,6.403,2012,2,3,5,1,Friday,5,February,2012-02,769522.33,829306.1975,48986.11624729373
17,2012-02-10,880165.7,1,23.63,3.116,130.3849032,6.403,2012,2,10,6,1,Friday,6,February,2012-02,864852.85,830953.3825,51038.72537429896
17,2012-02-17,927084.65,0,30.76,3.119,130.4546207,6.403,2012,2,17,7,1,Friday,7,February,2012-02,880165.7,860406.3825000001,66121.3633074802
17,2012-02-24,843864.43,0,30.01,3.145,130.5502069,6.403,2012,2,24,8,1,Friday,8,February,2012-02,927084.65,878991.9075,35346.58065738178
17,2012-03-02,856178.47,0,26.28,3.242,130.6457931,6.403,2012,3,2,9,1,Friday,9,March,2012-03,843864.43,876823.3125,36741.76124878604
17,2012-03-09,860224.98,0,32.02,3.38,130.7413793,6.403,2012,3,9,10,1,Friday,10,March,2012-03,856178.47,871838.1325000001,37482.42284964685
17,2012-03-16,853136.46,0,43.69,3.529,130.8261935,6.403,2012,3,16,11,1,Friday,11,March,2012-03,860224.98,853351.085,6959.100166678607
17,2012-03-23,851762.28,0,40.69,3.671,130.8966452,6.403,2012,3,23,12,1,Friday,12,March,2012-03,853136.46,855325.5475,3751.483927415703
17,2012-03-30,872469.03,0,45.29,3.734,130.9670968,6.403,2012,3,30,13,1,Friday,13,March,2012-03,851762.28,859398.1875,9470.07258211149
17,2012-04-06,986922.62,0,43.92,3.793,131.0375484,6.235,2012,4,6,14,2,Friday,14,April,2012-04,872469.03,891072.5974999999,64595.59099336941
17,2012-04-13,877055.32,0,46.94,3.833,131.108,6.235,2012,4,13,15,2,Friday,15,April,2012-04,986922.62,897052.3125,60915.45151961639
17,2012-04-20,1119979.98,0,47.69,3.845,131.1173333,6.235,2012,4,20,16,2,Friday,16,April,2012-04,877055.32,964106.7375,116608.24863095128
17,2012-04-27,925916.65,0,59.11,3.842,131.1266667,6.235,2012,4,27,17,2,Friday,17,April,2012-04,1119979.98,977468.6425,105102.01753981583
17,2012-05-04,930121.14,0,48.86,3.831,131.136,6.235,2012,5,4,18,2,Friday,18,May,2012-05,925916.65,963268.2725000001,107214.90652374893
17,2012-05-11,944100.3,0,49.96,3.809,131.1453333,6.235,2012,5,11,19,2,Friday,19,May,2012-05,930121.14,980029.5175000001,93623.51769700112
17,2012-05-18,968816.33,0,59.67,3.808,131.0983226,6.235,2012,5,18,20,2,Friday,20,May,2012-05,944100.3,942238.605,19348.389661654914
17,2012-05-25,984881.59,0,55.69,3.801,131.0287742,6.235,2012,5,25,21,2,Friday,21,May,2012-05,968816.33,956979.8400000001,24534.889884169763
17,2012-06-01,938914.28,0,54.13,3.788,130.9592258,6.235,2012,6,1,22,2,Friday,22,June,2012-06,984881.59,959178.125,21537.0017221812
17,2012-06-08,987990.24,0,60.51,3.776,130.8896774,6.235,2012,6,8,23,2,Friday,23,June,2012-06,938914.28,970150.6100000001,22455.458024612566
17,2012-06-15,964169.67,0,56.67,3.756,130.8295333,6.235,2012,6,15,24,2,Friday,24,June,2012-06,987990.24,968988.9450000001,22666.68820951214
17,2012-06-22,981210.57,0,62.9,3.737,130.7929,6.235,2012,6,22,25,2,Friday,25,June,2012-06,964169.67,968071.1900000001,21868.99722397143
17,2012-06-29,982322.24,0,71.14,3.681,130.7562667,6.235,2012,6,29,26,2,Friday,26,June,2012-06,981210.57,978923.1799999999,10273.970285146312
17,2012-07-06,1046782.52,0,68.91,3.63,130.7196333,5.936,2012,7,6,27,3,Friday,27,July,2012-07,982322.24,993621.25,36401.50545216776
17,2012-07-13,960746.04,0,72.94,3.595,130.683,5.936,2012,7,13,28,3,Friday,28,July,2012-07,1046782.52,992765.3425,37352.65432338142
17,2012-07-20,944698.7,0,70.59,3.556,130.7012903,5.936,2012,7,20,29,3,Friday,29,July,2012-07,960746.04,983637.375,44830.319152622294
17,2012-07-27,907493.24,0,74.2,3.537,130.7195806,5.936,2012,7,27,30,3,Friday,30,July,2012-07,944698.7,964930.125,58950.90457478991
17,2012-08-03,877813.33,0,72.94,3.512,130.737871,5.936,2012,8,3,31,3,Friday,31,August,2012-08,907493.24,922687.8275,37316.22552402646
17,2012-08-10,849074.04,0,73.29,3.509,130.7561613,5.936,2012,8,10,32,3,Friday,32,August,2012-08,877813.33,894769.8274999999,40948.77017884686
17,2012-08-17,844928.17,0,70.98,3.545,130.7909677,5.936,2012,8,17,33,3,Friday,33,August,2012-08,849074.04,869827.1950000001,29058.35615094755
17,2012-08-24,924299.78,0,68.89,3.582,130.8381613,5.936,2012,8,24,34,3,Friday,34,August,2012-08,844928.17,874028.83,36565.3789375197
17,2012-08-31,865924.2,0,68.07,3.624,130.8853548,5.936,2012,8,31,35,3,Friday,35,August,2012-08,924299.78,871056.5475000001,36638.34760048053
17,2012-09-07,1255633.29,1,61.99,3.689,130.9325484,5.936,2012,9,7,36,3,Friday,36,September,2012-09,865924.2,972696.3600000001,191590.30928908678
17,2012-09-14,1071040.22,0,59.64,3.749,130.9776667,5.936,2012,9,14,37,3,Friday,37,September,2012-09,1255633.29,1029224.3725,173863.6242149639
17,2012-09-21,938303.28,0,58.43,3.821,131.0103333,5.936,2012,9,21,38,3,Friday,38,September,2012-09,1071040.22,1032725.2475,171166.71203101627
17,2012-09-28,972716.24,0,57.77,3.821,131.043,5.936,2012,9,28,39,3,Friday,39,September,2012-09,938303.28,1059423.2574999998,142386.19608272408
17,2012-10-05,952609.17,0,52.81,3.815,131.0756667,5.527,2012,10,5,40,4,Friday,40,October,2012-10,972716.24,983667.2274999999,59934.56046413457
17,2012-10-12,919878.34,0,44.82,3.797,131.1083333,5.527,2012,10,12,41,4,Friday,41,October,2012-10,952609.17,945876.7575000001,22352.915342195716
17,2012-10-19,957356.84,0,48.16,3.781,131.1499677,5.527,2012,10,19,42,4,Friday,42,October,2012-10,919878.34,950640.1475,22230.86194521403
17,2012-10-26,943465.29,0,39.94,3.755,131.1930968,5.527,2012,10,26,43,4,Friday,43,October,2012-10,957356.84,943327.41,16661.871339304736
18,2010-02-26,1068157.45,0,35.42,2.753,131.686,9.202,2010,2,26,8,1,Friday,8,February,2010-02,1150663.42,1153002.2675,60982.11668123888
18,2010-03-05,1179738.5,0,37.17,2.766,131.735,9.202,2010,3,5,9,1,Friday,9,March,2010-03,1068157.45,1146610.0175,54686.99115858574
18,2010-03-12,1138800.32,0,42.39,2.805,131.784,9.202,2010,3,12,10,1,Friday,10,March,2010-03,1179738.5,1134339.9224999999,47355.04978960295
18,2010-03-19,1087507.47,0,45.42,2.834,131.8242903,9.202,2010,3,19,11,1,Friday,11,March,2010-03,1138800.32,1118550.935,50521.13667617732
18,2010-03-26,1092704.09,0,47.55,2.831,131.863129,9.202,2010,3,26,12,1,Friday,12,March,2010-03,1087507.47,1124687.595,43340.040898863015
18,2010-04-02,1254107.84,0,45.63,2.826,131.9019677,9.269,2010,4,2,13,2,Friday,13,April,2010-04,1092704.09,1143279.9300000002,77398.05214361545
18,2010-04-09,1174447.55,0,59.91,2.849,131.9408065,9.269,2010,4,9,14,2,Friday,14,April,2010-04,1254107.84,1152191.7375,78750.76254852291
18,2010-04-16,1135577.62,0,50.26,2.885,131.9809,9.269,2010,4,16,15,2,Friday,15,April,2010-04,1174447.55,1164209.2750000001,68603.54075886098
18,2010-04-23,1132433.55,0,50.3,2.895,132.0226667,9.269,2010,4,23,16,2,Friday,16,April,2010-04,1135577.62,1174141.6400000001,56631.661148679545
18,2010-04-30,1060446.16,0,51.12,2.935,132.0644333,9.269,2010,4,30,17,2,Friday,17,April,2010-04,1132433.55,1125726.22,47529.96454259671
18,2010-05-07,1222255.47,0,65.64,2.981,132.1062,9.269,2010,5,7,18,2,Friday,18,May,2010-05,1060446.16,1137678.2000000002,66206.8007412468
18,2010-05-14,1092616.49,0,49.9,2.983,132.152129,9.269,2010,5,14,19,2,Friday,19,May,2010-05,1222255.47,1126937.9175,70035.11498346613
18,2010-05-21,1101621.36,0,60.27,2.961,132.2230323,9.269,2010,5,21,20,2,Friday,20,May,2010-05,1092616.49,1119234.87,70918.09909129614
18,2010-05-28,1256282.79,0,69.12,2.906,132.2939355,9.269,2010,5,28,21,2,Friday,21,May,2010-05,1101621.36,1168194.0274999999,83318.97318256646
18,2010-06-04,1271311.76,0,70.28,2.857,132.3648387,9.269,2010,6,4,22,2,Friday,22,June,2010-06,1256282.79,1180458.1,96497.2385964341
18,2010-06-11,1173521.82,0,64.08,2.83,132.4357419,9.269,2010,6,11,23,2,Friday,23,June,2010-06,1271311.76,1200684.4325,78805.02648404987
18,2010-06-18,1183225.92,0,65.96,2.805,132.4733333,9.269,2010,6,18,24,2,Friday,24,June,2010-06,1173521.82,1221085.5725,49857.055234036765
18,2010-06-25,1220983.17,0,74.04,2.81,132.4976,9.269,2010,6,25,25,2,Friday,25,June,2010-06,1183225.92,1212260.6675,44372.77109265317
18,2010-07-02,1257928.35,0,71.22,2.815,132.5218667,9.342,2010,7,2,26,3,Friday,26,July,2010-07,1220983.17,1208914.815,38559.71657482816
18,2010-07-09,1171391.41,0,79.75,2.806,132.5461333,9.342,2010,7,9,27,3,Friday,27,July,2010-07,1257928.35,1208382.2125,39220.58300189336
18,2010-07-16,1115514.61,0,76.9,2.796,132.5667742,9.342,2010,7,16,28,3,Friday,28,July,2010-07,1171391.41,1191454.385,61806.443998714385
18,2010-07-23,1032908.23,0,75.71,2.784,132.5825806,9.342,2010,7,23,29,3,Friday,29,July,2010-07,1115514.61,1144435.65,94660.79427268307
18,2010-07-30,1078557.62,0,75.79,2.792,132.5983871,9.342,2010,7,30,30,3,Friday,30,July,2010-07,1032908.23,1099592.9675,58588.55151311118
18,2010-08-06,1166117.85,0,73.67,2.792,132.6141935,9.342,2010,8,6,31,3,Friday,31,August,2010-08,1078557.62,1098274.5775000001,56454.83782829738
18,2010-08-13,1084722.78,0,74.19,2.81,132.63,9.342,2010,8,13,32,3,Friday,32,August,2010-08,1166117.85,1090576.62,55410.12073274102
18,2010-08-20,1141860.67,0,71.76,2.796,132.6616129,9.342,2010,8,20,33,3,Friday,33,August,2010-08,1084722.78,1117814.73,43002.311847049634
18,2010-08-27,1214302.76,0,67.05,2.77,132.6932258,9.342,2010,8,27,34,3,Friday,34,August,2010-08,1141860.67,1151751.0150000001,53881.75313250466
18,2010-09-03,1187359.77,0,75.42,2.735,132.7248387,9.342,2010,9,3,35,3,Friday,35,September,2010-09,1214302.76,1157061.495,56740.6457938449
18,2010-09-10,1011201.12,1,67.09,2.717,132.7564516,9.342,2010,9,10,36,3,Friday,36,September,2010-09,1187359.77,1138681.0799999998,90091.62621151916
18,2010-09-17,997998.21,0,60.94,2.716,132.7670667,9.342,2010,9,17,37,3,Friday,37,September,2010-09,1011201.12,1102715.4649999999,113954.61320172496
18,2010-09-24,950862.92,0,64.82,2.718,132.7619333,9.342,2010,9,24,38,3,Friday,38,September,2010-09,997998.21,1036855.505,103624.79642540198
18,2010-10-01,948977.5,0,67.76,2.717,132.7568,9.331,2010,10,1,39,4,Friday,39,October,2010-10,950862.92,977259.9375,32035.285855962724
18,2010-10-08,1107432.71,0,54.73,2.776,132.7516667,9.331,2010,10,8,40,4,Friday,40,October,2010-10,948977.5,1001317.835,74289.06541785742
18,2010-10-15,1029618.1,0,52.02,2.878,132.7633548,9.331,2010,10,15,41,4,Friday,41,October,2010-10,1107432.71,1009222.8075,75490.67591431992
18,2010-10-22,1052120.43,0,47.12,2.919,132.8170968,9.331,2010,10,22,42,4,Friday,42,October,2010-10,1029618.1,1034537.1849999999,65745.93818706575
18,2010-10-29,1038576.54,0,55.85,2.938,132.8708387,9.331,2010,10,29,43,4,Friday,43,October,2010-10,1052120.43,1056936.9449999998,34911.53039507512
18,2010-11-05,1089530.94,0,42.05,2.938,132.9245806,9.331,2010,11,5,44,4,Friday,44,November,2010-11,1038576.54,1052461.5025,26387.324914437882
18,2010-11-12,1081322.12,0,43.17,2.961,132.9783226,9.331,2010,11,12,45,4,Friday,45,November,2010-11,1089530.94,1065387.5074999998,24025.406913546718
18,2010-11-19,1045722.37,0,45.26,3.03,132.9172,9.331,2010,11,19,46,4,Friday,46,November,2010-11,1081322.12,1063787.9925,25378.00246044136
18,2010-11-26,1653759.36,1,40.81,3.07,132.8369333,9.331,2010,11,26,47,4,Friday,47,November,2010-11,1045722.37,1217583.6975,291404.7875684944
18,2010-12-03,1211026.13,0,37.09,3.065,132.7566667,9.331,2010,12,3,48,4,Friday,48,December,2010-12,1653759.36,1247957.495,279705.4840026065
18,2010-12-10,1416168.98,0,25.64,3.132,132.6764,9.331,2010,12,10,49,4,Friday,49,December,2010-12,1211026.13,1331669.21,262807.04196231527
18,2010-12-17,1588430.71,0,27.4,3.139,132.6804516,9.331,2010,12,17,50,4,Friday,50,December,2010-12,1416168.98,1467346.295,198099.64741245855
18,2010-12-24,2027507.15,0,28.16,3.15,132.7477419,9.331,2010,12,24,51,4,Friday,51,December,2010-12,1588430.71,1560783.2425000002,347293.78099527705
18,2010-12-31,887907.01,1,26.1,3.177,132.8150323,9.331,2010,12,31,52,4,Friday,52,December,2010-12,2027507.15,1480003.4625,471228.8212909058
18,2011-01-07,933960.3,0,30.1,3.193,132.8823226,9.131,2011,1,7,1,1,Friday,1,January,2011-01,887907.01,1359451.2925,548369.3394771365
18,2011-01-14,777175.28,0,22.69,3.215,132.9510645,9.131,2011,1,14,2,1,Friday,2,January,2011-01,933960.3,1156637.435,584296.3675378885
18,2011-01-21,891148.55,0,22.55,3.232,133.0285161,9.131,2011,1,21,3,1,Friday,3,January,2011-01,777175.28,872547.785,66955.97050746038
18,2011-01-28,849540.85,0,14.84,3.243,133.1059677,9.131,2011,1,28,4,1,Friday,4,January,2011-01,891148.55,862956.245,66770.07480150313
18,2011-02-04,1055841.24,0,20.79,3.24,133.1834194,9.131,2011,2,4,5,1,Friday,5,February,2011-02,849540.85,893426.48,118073.4704225592
18,2011-02-11,1122053.58,1,24.3,3.255,133.260871,9.131,2011,2,11,6,1,Friday,6,February,2011-02,1055841.24,979646.0549999999,130185.48581815606
18,2011-02-18,1095058.57,0,31.59,3.263,133.3701429,9.131,2011,2,18,7,1,Friday,7,February,2011-02,1122053.58,1030623.56,123744.62724555995
18,2011-02-25,1005983.31,0,26.15,3.281,133.4921429,9.131,2011,2,25,8,1,Friday,8,February,2011-02,1095058.57,1069734.175,50450.74017571659
18,2011-03-04,1063310.62,0,28.49,3.437,133.6141429,9.131,2011,3,4,9,1,Friday,9,March,2011-03,1005983.31,1071601.52,49900.34087846388
18,2011-03-11,1002714.25,0,38.4,3.6,133.7361429,9.131,2011,3,11,10,1,Friday,10,March,2011-03,1063310.62,1041766.6875,45128.36782615387
18,2011-03-18,945889.59,0,41.12,3.634,133.8492258,9.131,2011,3,18,11,1,Friday,11,March,2011-03,1002714.25,1004474.4425,47955.72848655562
18,2011-03-25,944523.3,0,36.65,3.624,133.9587419,9.131,2011,3,25,12,1,Friday,12,March,2011-03,945889.59,989109.44,56411.53925292099
18,2011-04-01,938083.17,0,35.06,3.638,134.0682581,8.975,2011,4,1,13,2,Friday,13,April,2011-04,944523.3,957802.5774999999,30133.988788943836
18,2011-04-08,1018541.3,0,43.32,3.72,134.1777742,8.975,2011,4,8,14,2,Friday,14,April,2011-04,938083.17,961759.34,38007.37668425118
18,2011-04-15,988157.72,0,49.91,3.823,134.2784667,8.975,2011,4,15,15,2,Friday,15,April,2011-04,1018541.3,972326.3725,38000.258092953736
18,2011-04-22,1105860.06,0,45.99,3.919,134.3571,8.975,2011,4,22,16,2,Friday,16,April,2011-04,988157.72,1012660.5625,70434.14458550642
18,2011-04-29,974114.39,0,58.82,3.988,134.4357333,8.975,2011,4,29,17,2,Friday,17,April,2011-04,1105860.06,1021668.3675,59111.09289325377
18,2011-05-06,1065427.37,0,54.17,4.078,134.5143667,8.975,2011,5,6,18,2,Friday,18,May,2011-05,974114.39,1033389.885,62816.82303263141
18,2011-05-13,993172.98,0,58.48,4.095,134.593,8.975,2011,5,13,19,2,Friday,19,May,2011-05,1065427.37,1034643.7000000001,61652.310734509876
18,2011-05-20,994610.43,0,57.55,4.101,134.6803871,8.975,2011,5,20,20,2,Friday,20,May,2011-05,993172.98,1006831.2925000001,40165.470195898735
18,2011-05-27,1065214.14,0,64.6,4.034,134.7677742,8.975,2011,5,27,21,2,Friday,21,May,2011-05,994610.43,1029606.23,41243.848222778965
18,2011-06-03,1178039.0,0,70.9,3.973,134.8551613,8.975,2011,6,3,22,2,Friday,22,June,2011-06,1065214.14,1057759.1375,86952.00473983679
18,2011-06-10,1044079.2,0,69.49,3.924,134.9425484,8.975,2011,6,10,23,2,Friday,23,June,2011-06,1178039.0,1070485.6925,77566.87765093797
18,2011-06-17,1045859.39,0,63.23,3.873,135.0837333,8.975,2011,6,17,24,2,Friday,24,June,2011-06,1044079.2,1083297.9324999999,63881.78369888623
18,2011-06-24,1056478.65,0,67.41,3.851,135.2652667,8.975,2011,6,24,25,2,Friday,25,June,2011-06,1045859.39,1081114.06,64848.07895355781
18,2011-07-01,1087051.26,0,69.75,3.815,135.4468,8.89,2011,7,1,26,3,Friday,26,July,2011-07,1056478.65,1058367.125,19890.820111802303
18,2011-07-08,1048802.62,0,73.12,3.784,135.6283333,8.89,2011,7,8,27,3,Friday,27,July,2011-07,1087051.26,1059547.98,18874.069117226445
18,2011-07-15,974916.13,0,74.36,3.827,135.7837419,8.89,2011,7,15,28,3,Friday,28,July,2011-07,1048802.62,1041812.165,47559.182283772025
18,2011-07-22,991262.46,0,78.68,3.882,135.8738387,8.89,2011,7,22,29,3,Friday,29,July,2011-07,974916.13,1025508.1175,51841.12425576845
18,2011-07-29,954148.64,0,73.85,3.898,135.9639355,8.89,2011,7,29,30,3,Friday,30,July,2011-07,991262.46,992282.4624999999,40625.71653475964
18,2011-08-05,1002806.39,0,74.58,3.903,136.0540323,8.89,2011,8,5,31,3,Friday,31,August,2011-08,954148.64,980783.4049999999,21123.90497781463
18,2011-08-12,928470.83,0,73.57,3.88,136.144129,8.89,2011,8,12,32,3,Friday,32,August,2011-08,1002806.39,969172.08,34164.05127575778
18,2011-08-19,932679.79,0,69.24,3.82,136.183129,8.89,2011,8,19,33,3,Friday,33,August,2011-08,928470.83,954526.4125,34094.31640579515
18,2011-08-26,1147906.46,0,70.32,3.796,136.2136129,8.89,2011,8,26,34,3,Friday,34,August,2011-08,932679.79,1002965.8674999999,102465.35038699243
18,2011-09-02,540922.94,0,68.23,3.784,136.2440968,8.89,2011,9,2,35,3,Friday,35,September,2011-09,1147906.46,887495.005,252749.5500579642
18,2011-09-09,951549.61,1,68.11,3.809,136.2745806,8.89,2011,9,9,36,3,Friday,36,September,2011-09,540922.94,893264.7,254255.65993648552
18,2011-09-16,845715.37,0,66.23,3.809,136.3145,8.89,2011,9,16,37,3,Friday,37,September,2011-09,951549.61,871523.595,253478.80168202767
18,2011-09-23,853073.17,0,60.44,3.758,136.367,8.89,2011,9,23,38,3,Friday,38,September,2011-09,845715.37,797815.2725,177928.61077829992
18,2011-09-30,847348.08,0,69.01,3.684,136.4195,8.89,2011,9,30,39,3,Friday,39,September,2011-09,853073.17,874421.5575,51515.397426475334
18,2011-10-07,1019741.1,0,54.65,3.633,136.472,8.471,2011,10,7,40,4,Friday,40,October,2011-10,847348.08,891469.43,85572.62342378058
18,2011-10-14,953533.95,0,60.26,3.583,136.5150968,8.471,2011,10,14,41,4,Friday,41,October,2011-10,1019741.1,918424.075,83307.42409278807
18,2011-10-21,1048212.62,0,55.83,3.618,136.5017742,8.471,2011,10,21,42,4,Friday,42,October,2011-10,953533.95,967208.9375,89209.22059826342
18,2011-10-28,1106642.63,0,45.61,3.604,136.4884516,8.471,2011,10,28,43,4,Friday,43,October,2011-10,1048212.62,1032032.575,63617.525488583895
18,2011-11-04,1100625.06,0,38.29,3.586,136.475129,8.471,2011,11,4,44,4,Friday,44,November,2011-11,1106642.63,1052253.565,70851.63734252698
18,2011-11-11,1079931.63,0,45.69,3.57,136.4618065,8.471,2011,11,11,45,4,Friday,45,November,2011-11,1100625.06,1083852.9849999999,26370.96295423557
18,2011-11-18,1056992.18,0,47.88,3.571,136.4666667,8.471,2011,11,18,46,4,Friday,46,November,2011-11,1079931.63,1086047.875,22496.519144580066
18,2011-11-25,1624170.99,1,41.97,3.536,136.4788,8.471,2011,11,25,47,4,Friday,47,November,2011-11,1056992.18,1215429.9649999999,273076.132384107
18,2011-12-02,1188047.61,0,46.25,3.501,136.4909333,8.471,2011,12,2,48,4,Friday,48,December,2011-12,1624170.99,1237285.6025,264178.3954229592
18,2011-12-09,1368471.23,0,42.36,3.47,136.5030667,8.471,2011,12,9,49,4,Friday,49,December,2011-12,1188047.61,1309420.5025,245632.7168991306
18,2011-12-16,1516924.23,0,35.52,3.445,136.5335161,8.471,2011,12,16,50,4,Friday,50,December,2011-12,1368471.23,1424403.5150000001,189261.42511147
18,2011-12-23,1882393.4,0,35.78,3.413,136.5883871,8.471,2011,12,23,51,4,Friday,51,December,2011-12,1516924.23,1488959.1175,294752.80521343
18,2011-12-30,1010562.49,1,32.36,3.402,136.6432581,8.471,2011,12,30,52,4,Friday,52,December,2011-12,1882393.4,1444587.8375,361053.09140792425
18,2012-01-06,977286.07,0,31.27,3.439,136.698129,8.075,2012,1,6,1,1,Friday,1,January,2012-01,1010562.49,1346791.5475,434126.9979571708
18,2012-01-13,890130.25,0,35.25,3.523,136.753,8.075,2012,1,13,2,1,Friday,2,January,2012-01,977286.07,1190093.0525,464318.6724311207
18,2012-01-20,937522.77,0,24.2,3.542,136.8564194,8.075,2012,1,20,3,1,Friday,3,January,2012-01,890130.25,953875.395,51936.94349547769
18,2012-01-27,825584.22,0,30.44,3.568,136.9598387,8.075,2012,1,27,4,1,Friday,4,January,2012-01,937522.77,907630.8275,65277.09411743946
18,2012-02-03,1049772.04,0,37.62,3.633,137.0632581,8.075,2012,2,3,5,1,Friday,5,February,2012-02,825584.22,925752.3200000001,94555.12425877494
18,2012-02-10,1161615.51,1,32.83,3.655,137.1666774,8.075,2012,2,10,6,1,Friday,6,February,2012-02,1049772.04,993623.635,144635.7096263468
18,2012-02-17,1115985.81,0,32.87,3.703,137.2583103,8.075,2012,2,17,7,1,Friday,7,February,2012-02,1161615.51,1038239.395,149020.575931449
18,2012-02-24,1037861.11,0,36.34,3.751,137.3411034,8.075,2012,2,24,8,1,Friday,8,February,2012-02,1115985.81,1091308.6175,58120.41033080747
18,2012-03-02,1047178.91,0,33.59,3.827,137.4238966,8.075,2012,3,2,9,1,Friday,9,March,2012-03,1037861.11,1090660.335,58749.209991531316
18,2012-03-09,1084894.47,0,38.1,3.876,137.5066897,8.075,2012,3,9,10,1,Friday,10,March,2012-03,1047178.91,1071480.0750000002,35969.83861114073
18,2012-03-16,1022018.43,0,45.84,3.867,137.5843871,8.075,2012,3,16,11,1,Friday,11,March,2012-03,1084894.47,1047988.23,26706.519936365516
18,2012-03-23,1031139.3,0,58.06,3.889,137.6552903,8.075,2012,3,23,12,1,Friday,12,March,2012-03,1022018.43,1046307.7775,27747.35315644813
18,2012-03-30,1009121.2,0,45.35,3.921,137.7261935,8.075,2012,3,30,13,1,Friday,13,March,2012-03,1031139.3,1036793.3500000001,33315.32266733522
18,2012-04-06,1200815.3,0,43.8,3.957,137.7970968,8.304,2012,4,6,14,2,Friday,14,April,2012-04,1009121.2,1065773.5575,90479.8408539375
18,2012-04-13,998443.5,0,47.75,4.025,137.868,8.304,2012,4,13,15,2,Friday,15,April,2012-04,1200815.3,1059879.825,94938.02527991172
18,2012-04-20,1025813.8,0,60.88,4.046,137.9230667,8.304,2012,4,20,16,2,Friday,16,April,2012-04,998443.5,1058548.45,95511.03248073837
18,2012-04-27,961186.23,0,50.43,4.023,137.9781333,8.304,2012,4,27,17,2,Friday,17,April,2012-04,1025813.8,1046564.7075,106190.05050717761
18,2012-05-04,1050027.89,0,49.66,3.991,138.0332,8.304,2012,5,4,18,2,Friday,18,May,2012-05,961186.23,1008867.855,38137.98663166609
18,2012-05-11,1060433.1,0,57.44,3.947,138.0882667,8.304,2012,5,11,19,2,Friday,19,May,2012-05,1050027.89,1024365.255,44546.40936018398
18,2012-05-18,1047444.59,0,62.31,3.899,138.1065806,8.304,2012,5,18,20,2,Friday,20,May,2012-05,1060433.1,1029772.9524999999,46067.821065158474
18,2012-05-25,1088446.58,0,65.48,3.85,138.1101935,8.304,2012,5,25,21,2,Friday,21,May,2012-05,1047444.59,1061588.04,18765.121042865536
18,2012-06-01,1118313.7,0,71.42,3.798,138.1138065,8.304,2012,6,1,22,2,Friday,22,June,2012-06,1088446.58,1078659.4925,31489.759053985006
18,2012-06-08,1110479.94,0,59.1,3.746,138.1174194,8.304,2012,6,8,23,2,Friday,23,June,2012-06,1118313.7,1091171.2025,31775.161803279527
18,2012-06-15,1057425.83,0,66.58,3.683,138.1295333,8.304,2012,6,15,24,2,Friday,24,June,2012-06,1110479.94,1093666.5125,27269.09092316766
18,2012-06-22,1080357.89,0,70.92,3.629,138.1629,8.304,2012,6,22,25,2,Friday,25,June,2012-06,1057425.83,1091644.3399999999,28073.267060746
18,2012-06-29,1097006.3,0,70.17,3.577,138.1962667,8.304,2012,6,29,26,2,Friday,26,June,2012-06,1080357.89,1086317.49,22864.23334186641
18,2012-07-06,1158247.31,0,76.08,3.538,138.2296333,8.535,2012,7,6,27,3,Friday,27,July,2012-07,1097006.3,1098259.3325,43158.48354219033
18,2012-07-13,1024784.92,0,75.09,3.561,138.263,8.535,2012,7,13,28,3,Friday,28,July,2012-07,1158247.31,1090099.105,54932.447058122285
18,2012-07-20,1033543.56,0,77.43,3.61,138.2331935,8.535,2012,7,20,29,3,Friday,29,July,2012-07,1024784.92,1078395.5225,62205.209445870576
18,2012-07-27,924506.26,0,72.97,3.701,138.2033871,8.535,2012,7,27,30,3,Friday,30,July,2012-07,1033543.56,1035270.5125000001,95751.31395139036
18,2012-08-03,1052066.58,0,72.67,3.698,138.1735806,8.535,2012,8,3,31,3,Friday,31,August,2012-08,924506.26,1008725.3300000001,57286.329592462316
18,2012-08-10,967304.07,0,75.7,3.772,138.1437742,8.535,2012,8,10,32,3,Friday,32,August,2012-08,1052066.58,994355.1174999999,59095.87970512453
18,2012-08-17,1048134.24,0,73.25,3.84,138.1857097,8.535,2012,8,17,33,3,Friday,33,August,2012-08,967304.07,998002.7875,62663.67102754783
18,2012-08-24,1145840.91,0,68.52,3.874,138.2814516,8.535,2012,8,24,34,3,Friday,34,August,2012-08,1048134.24,1053336.45,73000.73307179166
18,2012-08-31,1117097.23,0,70.09,3.884,138.3771935,8.535,2012,8,31,35,3,Friday,35,August,2012-08,1145840.91,1069594.1124999998,79569.46487942197
18,2012-09-07,1083521.24,1,71.85,3.921,138.4729355,8.535,2012,9,7,36,3,Friday,36,September,2012-09,1117097.23,1098648.405,42221.651865047206
18,2012-09-14,960476.1,0,64.45,3.988,138.5673,8.535,2012,9,14,37,3,Friday,37,September,2012-09,1083521.24,1076733.8699999999,81582.10850617664
18,2012-09-21,971386.65,0,60.23,4.056,138.6534,8.535,2012,9,21,38,3,Friday,38,September,2012-09,960476.1,1033120.3049999999,78910.50386581596
18,2012-09-28,1002856.2,0,58.24,4.018,138.7395,8.535,2012,9,28,39,3,Friday,39,September,2012-09,971386.65,1004560.0475,55622.66248631993
18,2012-10-05,1092204.79,0,59.68,4.027,138.8256,8.243,2012,10,5,40,4,Friday,40,October,2012-10,1002856.2,1006730.935,59748.142796575194
18,2012-10-12,1074079.0,0,50.97,4.029,138.9117,8.243,2012,10,12,41,4,Friday,41,October,2012-10,1092204.79,1035131.66,57385.738876438016
18,2012-10-19,1048706.75,0,51.96,4.0,138.8336129,8.243,2012,10,19,42,4,Friday,42,October,2012-10,1074079.0,1054461.685,38754.0379908537
18,2012-10-26,1127516.25,0,56.09,3.917,138.7281613,8.243,2012,10,26,43,4,Friday,43,October,2012-10,1048706.75,1085626.6975,33138.28476019248
19,2010-02-26,1373270.06,0,30.33,2.91,131.686,8.35,2010,2,26,8,1,Friday,8,February,2010-02,1515976.11,1483358.3225,74391.2120116597
19,2010-03-05,1495844.57,0,32.92,2.919,131.735,8.35,2010,3,5,9,1,Friday,9,March,2010-03,1373270.06,1480410.1725,73334.47315940874
19,2010-03-12,1467889.2,0,39.06,2.938,131.784,8.35,2010,3,12,10,1,Friday,10,March,2010-03,1495844.57,1463244.9849999999,63141.00713920603
19,2010-03-19,1332940.35,0,43.74,2.96,131.8242903,8.35,2010,3,19,11,1,Friday,11,March,2010-03,1467889.2,1417486.0450000002,76992.56316182557
19,2010-03-26,1427023.45,0,39.07,2.963,131.863129,8.35,2010,3,26,12,1,Friday,12,March,2010-03,1332940.35,1430924.3925,71173.76945938684
19,2010-04-02,1642970.27,0,45.26,2.957,131.9019677,8.185,2010,4,2,13,2,Friday,13,April,2010-04,1427023.45,1467705.8175,129787.58055012394
19,2010-04-09,1489613.32,0,55.66,2.992,131.9408065,8.185,2010,4,9,14,2,Friday,14,April,2010-04,1642970.27,1473136.8475000001,130251.51167947767
19,2010-04-16,1460354.67,0,49.67,3.01,131.9809,8.185,2010,4,16,15,2,Friday,15,April,2010-04,1489613.32,1504990.4275,95474.4168167153
19,2010-04-23,1456793.33,0,46.87,3.021,132.0226667,8.185,2010,4,23,16,2,Friday,16,April,2010-04,1460354.67,1512432.8975,88258.41222911091
19,2010-04-30,1405065.57,0,49.89,3.042,132.0644333,8.185,2010,4,30,17,2,Friday,17,April,2010-04,1456793.33,1452956.7225000001,35150.712711490574
19,2010-05-07,1566219.77,0,62.54,3.095,132.1062,8.185,2010,5,7,18,2,Friday,18,May,2010-05,1405065.57,1472108.335,67637.2494899243
19,2010-05-14,1437319.45,0,46.53,3.112,132.152129,8.185,2010,5,14,19,2,Friday,19,May,2010-05,1566219.77,1466349.53,69913.88773385373
19,2010-05-21,1377716.17,0,57.53,3.096,132.2230323,8.185,2010,5,21,20,2,Friday,20,May,2010-05,1437319.45,1446580.24,83396.85711947615
19,2010-05-28,1648882.62,0,68.85,3.046,132.2939355,8.185,2010,5,28,21,2,Friday,21,May,2010-05,1377716.17,1507534.5025,122754.77450727904
19,2010-06-04,1519013.49,0,68.88,3.006,132.3648387,8.185,2010,6,4,22,2,Friday,22,June,2010-06,1648882.62,1495732.9325,117383.84657129191
19,2010-06-11,1410683.94,0,61.64,2.972,132.4357419,8.185,2010,6,11,23,2,Friday,23,June,2010-06,1519013.49,1489074.055,122448.26920903516
19,2010-06-18,1457314.39,0,66.25,2.942,132.4733333,8.185,2010,6,18,24,2,Friday,24,June,2010-06,1410683.94,1508973.6099999999,103287.40566870019
19,2010-06-25,1450407.32,0,72.3,2.958,132.4976,8.185,2010,6,25,25,2,Friday,25,June,2010-06,1457314.39,1459354.785,44766.92446056387
19,2010-07-02,1549018.68,0,66.25,2.958,132.5218667,8.099,2010,7,2,26,3,Friday,26,July,2010-07,1450407.32,1466856.0825,58502.44355162565
19,2010-07-09,1577541.24,0,78.22,2.94,132.5461333,8.099,2010,7,9,27,3,Friday,27,July,2010-07,1549018.68,1508570.4075,64299.203109293
19,2010-07-16,1412157.02,0,74.6,2.933,132.5667742,8.099,2010,7,16,28,3,Friday,28,July,2010-07,1577541.24,1497281.0650000002,78659.02682762269
19,2010-07-23,1372043.71,0,74.68,2.924,132.5825806,8.099,2010,7,23,29,3,Friday,29,July,2010-07,1412157.02,1477690.1625,100852.63304845514
19,2010-07-30,1366395.96,0,72.83,2.932,132.5983871,8.099,2010,7,30,30,3,Friday,30,July,2010-07,1372043.71,1432034.4825000002,99120.53002066522
19,2010-08-06,1492060.89,0,74.2,2.942,132.6141935,8.099,2010,8,6,31,3,Friday,31,August,2010-08,1366395.96,1410664.395,57962.25488739625
19,2010-08-13,1418027.08,0,72.71,2.923,132.63,8.099,2010,8,13,32,3,Friday,32,August,2010-08,1492060.89,1412131.91,58086.81943095229
19,2010-08-20,1419383.19,0,72.22,2.913,132.6616129,8.099,2010,8,20,33,3,Friday,33,August,2010-08,1418027.08,1423966.7799999998,51663.96702261945
19,2010-08-27,1557888.16,0,66.4,2.885,132.6932258,8.099,2010,8,27,34,3,Friday,34,August,2010-08,1419383.19,1471839.8299999998,66984.37008229308
19,2010-09-03,1623519.64,0,74.69,2.86,132.7248387,8.099,2010,9,3,35,3,Friday,35,September,2010-09,1557888.16,1504704.5175,102856.27555345789
19,2010-09-10,1591453.39,1,63.36,2.837,132.7564516,8.099,2010,9,10,36,3,Friday,36,September,2010-09,1623519.64,1548061.095,89872.9802194692
19,2010-09-17,1386789.31,0,58.68,2.846,132.7670667,8.099,2010,9,17,37,3,Friday,37,September,2010-09,1591453.39,1539912.6249999998,105540.59703753953
19,2010-09-24,1318343.58,0,63.43,2.837,132.7619333,8.099,2010,9,24,38,3,Friday,38,September,2010-09,1386789.31,1480026.48,150378.16027264137
19,2010-10-01,1379456.3,0,59.91,2.84,132.7568,8.067,2010,10,1,39,4,Friday,39,October,2010-10,1318343.58,1419010.645,118986.16014255707
19,2010-10-08,1428960.72,0,53.74,2.903,132.7516667,8.067,2010,10,8,40,4,Friday,40,October,2010-10,1379456.3,1378387.4775,45587.48240050555
19,2010-10-15,1369317.63,0,51.32,2.999,132.7633548,8.067,2010,10,15,41,4,Friday,41,October,2010-10,1428960.72,1374019.5575,45350.53141422864
19,2010-10-22,1357154.71,0,48.45,3.049,132.8170968,8.067,2010,10,22,42,4,Friday,42,October,2010-10,1369317.63,1383722.34,31506.84981771077
19,2010-10-29,1404576.48,0,56.11,3.055,132.8708387,8.067,2010,10,29,43,4,Friday,43,October,2010-10,1357154.71,1390002.385,32848.059066745656
19,2010-11-05,1435379.25,0,41.78,3.049,132.9245806,8.067,2010,11,5,44,4,Friday,44,November,2010-11,1404576.48,1391607.0175,35440.06011457
19,2010-11-12,1490235.86,0,40.3,3.065,132.9783226,8.067,2010,11,12,45,4,Friday,45,November,2010-11,1435379.25,1421836.5750000002,55807.767601396314
19,2010-11-19,1377593.1,0,44.22,3.138,132.9172,8.067,2010,11,19,46,4,Friday,46,November,2010-11,1490235.86,1426946.1725,48348.837447946076
19,2010-11-26,1993367.83,1,42.62,3.186,132.8369333,8.067,2010,11,26,47,4,Friday,47,November,2010-11,1377593.1,1574144.01,283241.4210124764
19,2010-12-03,1615987.96,0,36.64,3.2,132.7566667,8.067,2010,12,3,48,4,Friday,48,December,2010-12,1993367.83,1619296.1875,267717.1945251677
19,2010-12-10,1799070.98,0,25.12,3.255,132.6764,8.067,2010,12,10,49,4,Friday,49,December,2010-12,1615987.96,1696504.9675000003,262573.87137142726
19,2010-12-17,1911967.44,0,26.83,3.301,132.6804516,8.067,2010,12,17,50,4,Friday,50,December,2010-12,1799070.98,1830098.5525,163468.06802533145
19,2010-12-24,2678206.42,0,26.05,3.309,132.7477419,8.067,2010,12,24,51,4,Friday,51,December,2010-12,1911967.44,2001308.2,467455.72059234703
19,2010-12-31,1275146.94,1,28.65,3.336,132.8150323,8.067,2010,12,31,52,4,Friday,52,December,2010-12,2678206.42,1916097.9449999998,578889.710303555
19,2011-01-07,1224175.99,0,31.34,3.351,132.8823226,7.771,2011,1,7,1,1,Friday,1,January,2011-01,1275146.94,1772374.1974999998,680140.7964478477
19,2011-01-14,1181204.53,0,21.68,3.367,132.9510645,7.771,2011,1,14,2,1,Friday,2,January,2011-01,1224175.99,1589683.47,726697.1408917238
19,2011-01-21,1212967.84,0,22.8,3.391,133.0285161,7.771,2011,1,21,3,1,Friday,3,January,2011-01,1181204.53,1223373.825,39019.79356731988
19,2011-01-28,1284185.49,0,20.66,3.402,133.1059677,7.771,2011,1,28,4,1,Friday,4,January,2011-01,1212967.84,1225633.4625,43068.98414889047
19,2011-02-04,1370562.11,0,21.02,3.4,133.1834194,7.771,2011,2,4,5,1,Friday,5,February,2011-02,1284185.49,1262229.9925,84082.84960834653
19,2011-02-11,1430851.11,1,21.79,3.416,133.260871,7.771,2011,2,11,6,1,Friday,6,February,2011-02,1370562.11,1324641.6375000002,95737.2772434456
19,2011-02-18,1457270.16,0,34.74,3.42,133.3701429,7.771,2011,2,18,7,1,Friday,7,February,2011-02,1430851.11,1385717.2175,76801.17361317098
19,2011-02-25,1296658.47,0,23.24,3.452,133.4921429,7.771,2011,2,25,8,1,Friday,8,February,2011-02,1457270.16,1388835.4625,71365.57483524695
19,2011-03-04,1433569.44,0,29.28,3.605,133.6141429,7.771,2011,3,4,9,1,Friday,9,March,2011-03,1296658.47,1404587.295,72924.31747513913
19,2011-03-11,1351450.43,0,35.59,3.752,133.7361429,7.771,2011,3,11,10,1,Friday,10,March,2011-03,1433569.44,1384737.125,74187.8015246962
19,2011-03-18,1257972.37,0,40.32,3.796,133.8492258,7.771,2011,3,18,11,1,Friday,11,March,2011-03,1351450.43,1334912.6775,76135.51373347659
19,2011-03-25,1266564.94,0,33.26,3.789,133.9587419,7.771,2011,3,25,12,1,Friday,12,March,2011-03,1257972.37,1327389.295,82404.43565596029
19,2011-04-01,1305950.22,0,30.68,3.811,134.0682581,7.658,2011,4,1,13,2,Friday,13,April,2011-04,1266564.94,1295484.49,42759.86226831041
19,2011-04-08,1419911.91,0,41.26,3.895,134.1777742,7.658,2011,4,8,14,2,Friday,14,April,2011-04,1305950.22,1312599.86,74528.45163747804
19,2011-04-15,1392093.04,0,48.67,3.981,134.2784667,7.658,2011,4,15,15,2,Friday,15,April,2011-04,1419911.91,1346130.0275,71882.73965966978
19,2011-04-22,1514288.82,0,41.66,4.061,134.3571,7.658,2011,4,22,16,2,Friday,16,April,2011-04,1392093.04,1408060.9975,85841.67781163768
19,2011-04-29,1297237.7,0,54.23,4.117,134.4357333,7.658,2011,4,29,17,2,Friday,17,April,2011-04,1514288.82,1405882.8675,89335.6896476849
19,2011-05-06,1451953.95,0,50.43,4.192,134.5143667,7.658,2011,5,6,18,2,Friday,18,May,2011-05,1297237.7,1413893.3775,92397.06680390704
19,2011-05-13,1429143.06,0,54.2,4.211,134.593,7.658,2011,5,13,19,2,Friday,19,May,2011-05,1451953.95,1423155.8824999998,91334.14105658726
19,2011-05-20,1355234.3,0,52.8,4.202,134.6803871,7.658,2011,5,20,20,2,Friday,20,May,2011-05,1429143.06,1383392.2525,70732.64205549343
19,2011-05-27,1388553.11,0,63.2,4.134,134.7677742,7.658,2011,5,27,21,2,Friday,21,May,2011-05,1355234.3,1406221.105,42929.09450184343
19,2011-06-03,1457345.75,0,66.01,4.069,134.8551613,7.658,2011,6,3,22,2,Friday,22,June,2011-06,1388553.11,1407569.0550000002,44883.88649993305
19,2011-06-10,1467473.63,0,68.26,4.025,134.9425484,7.658,2011,6,10,23,2,Friday,23,June,2011-06,1457345.75,1417151.6974999998,54158.72372657969
19,2011-06-17,1418973.62,0,64.02,3.989,135.0837333,7.658,2011,6,17,24,2,Friday,24,June,2011-06,1467473.63,1433086.5274999999,36301.43306162688
19,2011-06-24,1440785.7,0,68.4,3.964,135.2652667,7.658,2011,6,24,25,2,Friday,25,June,2011-06,1418973.62,1446144.675,21192.55565374889
19,2011-07-01,1462731.93,0,67.64,3.916,135.4468,7.806,2011,7,1,26,3,Friday,26,July,2011-07,1440785.7,1447491.2199999997,22284.474856897035
19,2011-07-08,1465489.75,0,73.2,3.886,135.6283333,7.806,2011,7,8,27,3,Friday,27,July,2011-07,1462731.93,1446995.25,21706.065870567407
19,2011-07-15,1391580.41,0,73.7,3.915,135.7837419,7.806,2011,7,15,28,3,Friday,28,July,2011-07,1465489.75,1440146.9474999998,34212.35470106737
19,2011-07-22,1377119.45,0,79.37,3.972,135.8738387,7.806,2011,7,22,29,3,Friday,29,July,2011-07,1391580.41,1424230.385,46440.51834216036
19,2011-07-29,1298775.8,0,74.86,4.004,135.9639355,7.806,2011,7,29,30,3,Friday,30,July,2011-07,1377119.45,1383241.3524999998,68328.24213714429
19,2011-08-05,1408968.55,0,73.84,4.02,136.0540323,7.806,2011,8,5,31,3,Friday,31,August,2011-08,1298775.8,1369111.0525,48664.409678883756
19,2011-08-12,1360969.45,0,70.92,3.995,136.144129,7.806,2011,8,12,32,3,Friday,32,August,2011-08,1408968.55,1361458.3125,46302.736618035604
19,2011-08-19,1391792.69,0,71.14,3.942,136.183129,7.806,2011,8,19,33,3,Friday,33,August,2011-08,1360969.45,1365126.6225,48486.79370870562
19,2011-08-26,1547729.24,0,69.34,3.906,136.2136129,7.806,2011,8,26,34,3,Friday,34,August,2011-08,1391792.69,1427364.9825,82663.45008913768
19,2011-09-02,1609951.02,0,69.27,3.879,136.2440968,7.806,2011,9,2,35,3,Friday,35,September,2011-09,1547729.24,1477610.5999999999,120278.12490406993
19,2011-09-09,1566712.79,1,68.28,3.93,136.2745806,7.806,2011,9,9,36,3,Friday,36,September,2011-09,1609951.02,1529046.435,95134.89351477339
19,2011-09-16,1365633.53,0,62.76,3.937,136.3145,7.806,2011,9,16,37,3,Friday,37,September,2011-09,1566712.79,1522506.645,107774.54164943806
19,2011-09-23,1300375.76,0,61.32,3.899,136.367,7.806,2011,9,23,38,3,Friday,38,September,2011-09,1365633.53,1460668.275,150837.7386891412
19,2011-09-30,1330757.22,0,64.99,3.858,136.4195,7.806,2011,9,30,39,3,Friday,39,September,2011-09,1300375.76,1390869.825,120222.46047145115
19,2011-10-07,1461718.87,0,53.1,3.775,136.472,7.866,2011,10,7,40,4,Friday,40,October,2011-10,1330757.22,1364621.345,70007.6853724125
19,2011-10-14,1318905.53,0,61.86,3.744,136.5150968,7.866,2011,10,14,41,4,Friday,41,October,2011-10,1461718.87,1352939.345,73589.54355125934
19,2011-10-21,1374863.1,0,52.05,3.757,136.5017742,7.866,2011,10,21,42,4,Friday,42,October,2011-10,1318905.53,1371561.1800000002,64747.95330208512
19,2011-10-28,1396612.36,0,46.49,3.757,136.4884516,7.866,2011,10,28,43,4,Friday,43,October,2011-10,1374863.1,1388024.965,59034.63946992721
19,2011-11-04,1480289.64,0,44.97,3.738,136.475129,7.866,2011,11,4,44,4,Friday,44,November,2011-11,1396612.36,1392667.6575000002,66960.25242918669
19,2011-11-11,1502078.93,0,48.22,3.719,136.4618065,7.866,2011,11,11,45,4,Friday,45,November,2011-11,1480289.64,1438461.0075,62163.434310946555
19,2011-11-18,1411835.57,0,48.21,3.717,136.4666667,7.866,2011,11,18,46,4,Friday,46,November,2011-11,1502078.93,1447704.125,51365.86705587902
19,2011-11-25,1974646.78,1,42.75,3.689,136.4788,7.866,2011,11,25,47,4,Friday,47,November,2011-11,1411835.57,1592212.73,257838.8401221819
19,2011-12-02,1484708.38,0,45.67,3.666,136.4909333,7.866,2011,12,2,48,4,Friday,48,December,2011-12,1974646.78,1593317.4149999998,257208.17010392816
19,2011-12-09,1713769.06,0,40.18,3.627,136.5030667,7.866,2011,12,9,49,4,Friday,49,December,2011-12,1484708.38,1646239.9475,253935.0889222744
19,2011-12-16,1852179.15,0,37.07,3.611,136.5335161,7.866,2011,12,16,50,4,Friday,50,December,2011-12,1713769.06,1756325.8425,210110.29958988956
19,2011-12-23,2480159.47,0,36.09,3.587,136.5883871,7.866,2011,12,23,51,4,Friday,51,December,2011-12,1852179.15,1882704.0150000001,426155.03148988326
19,2011-12-30,1405168.06,1,31.65,3.566,136.6432581,7.866,2011,12,30,52,4,Friday,52,December,2011-12,2480159.47,1862818.935,451989.20702627156
19,2012-01-06,1266570.4,0,31.84,3.585,136.698129,7.943,2012,1,6,1,1,Friday,1,January,2012-01,1405168.06,1751019.27,546559.7008197109
19,2012-01-13,1182198.7,0,37.08,3.666,136.753,7.943,2012,1,13,2,1,Friday,2,January,2012-01,1266570.4,1583524.1575000002,604783.0432941377
19,2012-01-20,1237104.73,0,23.44,3.705,136.8564194,7.943,2012,1,20,3,1,Friday,3,January,2012-01,1182198.7,1272760.4725,94943.58471691809
19,2012-01-27,1279623.26,0,32.41,3.737,136.9598387,7.943,2012,1,27,4,1,Friday,4,January,2012-01,1237104.73,1241374.2725,43273.576462763594
19,2012-02-03,1345311.65,0,36.22,3.796,137.0632581,7.943,2012,2,3,5,1,Friday,5,February,2012-02,1279623.26,1261059.585,68886.12522931464
19,2012-02-10,1499496.67,1,32.61,3.826,137.1666774,7.943,2012,2,10,6,1,Friday,6,February,2012-02,1345311.65,1340384.0775,115035.6446586735
19,2012-02-17,1424720.27,0,30.95,3.874,137.2583103,7.943,2012,2,17,7,1,Friday,7,February,2012-02,1499496.67,1387287.9625,95473.67989679659
19,2012-02-24,1352470.09,0,33.91,3.917,137.3411034,7.943,2012,2,24,8,1,Friday,8,February,2012-02,1424720.27,1405499.6700000002,72202.49667857379
19,2012-03-02,1308977.05,0,34.83,3.983,137.4238966,7.943,2012,3,2,9,1,Friday,9,March,2012-03,1352470.09,1396416.02,83673.11238925045
19,2012-03-09,1358816.46,0,38.15,4.021,137.5066897,7.943,2012,3,9,10,1,Friday,10,March,2012-03,1308977.05,1361245.9675,47763.11459369987
19,2012-03-16,1312849.1,0,48.2,4.021,137.5843871,7.943,2012,3,16,11,1,Friday,11,March,2012-03,1358816.46,1333278.175,26002.726675816768
19,2012-03-23,1342254.55,0,56.72,4.054,137.6552903,7.943,2012,3,23,12,1,Friday,12,March,2012-03,1312849.1,1330724.29,23906.636290175524
19,2012-03-30,1327139.35,0,43.47,4.098,137.7261935,7.943,2012,3,30,13,1,Friday,13,March,2012-03,1342254.55,1335264.865,19765.490448385746
19,2012-04-06,1631737.68,0,40.23,4.143,137.7970968,8.15,2012,4,6,14,2,Friday,14,April,2012-04,1327139.35,1403495.17,152634.6161736184
19,2012-04-13,1365098.46,0,44.42,4.187,137.868,8.15,2012,4,13,15,2,Friday,15,April,2012-04,1631737.68,1416557.5100000002,144299.5456110658
19,2012-04-20,1255087.26,0,55.2,4.17,137.9230667,8.15,2012,4,20,16,2,Friday,16,April,2012-04,1365098.46,1394765.6875,164437.68247119756
19,2012-04-27,1285897.24,0,42.45,4.163,137.9781333,8.15,2012,4,27,17,2,Friday,17,April,2012-04,1255087.26,1384455.1600000001,171243.5338707018
19,2012-05-04,1405007.44,0,50.76,4.124,138.0332,8.15,2012,5,4,18,2,Friday,18,May,2012-05,1285897.24,1327772.6,69270.35142736632
19,2012-05-11,1442873.22,0,55.33,4.055,138.0882667,8.15,2012,5,11,19,2,Friday,19,May,2012-05,1405007.44,1347216.29,90807.21215298706
19,2012-05-18,1366937.1,0,58.81,4.029,138.1065806,8.15,2012,5,18,20,2,Friday,20,May,2012-05,1442873.22,1375178.75,67110.36889160397
19,2012-05-25,1485540.28,0,67.79,3.979,138.1101935,8.15,2012,5,25,21,2,Friday,21,May,2012-05,1366937.1,1425089.51,50844.692477031545
19,2012-06-01,1450733.29,0,68.18,3.915,138.1138065,8.15,2012,6,1,22,2,Friday,22,June,2012-06,1485540.28,1436520.9725,49957.14442366097
19,2012-06-08,1390122.11,0,60.19,3.871,138.1174194,8.15,2012,6,8,23,2,Friday,23,June,2012-06,1450733.29,1423333.195,54479.29982520643
19,2012-06-15,1440263.15,0,68.19,3.786,138.1295333,8.15,2012,6,15,24,2,Friday,24,June,2012-06,1390122.11,1441664.7075,39437.329064548954
19,2012-06-22,1468350.36,0,75.83,3.722,138.1629,8.15,2012,6,22,25,2,Friday,25,June,2012-06,1440263.15,1437367.2275,33561.35486430271
19,2012-06-29,1379652.65,0,69.92,3.667,138.1962667,8.15,2012,6,29,26,2,Friday,26,June,2012-06,1468350.36,1419597.0675,41905.84726316133
19,2012-07-06,1557120.44,0,76.07,3.646,138.2296333,8.193,2012,7,6,27,3,Friday,27,July,2012-07,1379652.65,1461346.65,73801.74887941303
19,2012-07-13,1321741.35,0,73.17,3.689,138.263,8.193,2012,7,13,28,3,Friday,28,July,2012-07,1557120.44,1431716.2000000002,103074.9985205108
19,2012-07-20,1317672.92,0,76.17,3.732,138.2331935,8.193,2012,7,20,29,3,Friday,29,July,2012-07,1321741.35,1394046.8399999999,112340.62972796088
19,2012-07-27,1248915.43,0,74.43,3.82,138.2033871,8.193,2012,7,27,30,3,Friday,30,July,2012-07,1317672.92,1361362.535,134714.673232632
19,2012-08-03,1342123.78,0,73.41,3.819,138.1735806,8.193,2012,8,3,31,3,Friday,31,August,2012-08,1248915.43,1307613.37,40567.683869868364
19,2012-08-10,1408907.89,0,74.45,3.863,138.1437742,8.193,2012,8,10,32,3,Friday,32,August,2012-08,1342123.78,1329405.005,66077.45319687018
19,2012-08-17,1375101.26,0,69.83,3.963,138.1857097,8.193,2012,8,17,33,3,Friday,33,August,2012-08,1408907.89,1343762.0899999999,68859.0149187515
19,2012-08-24,1544653.37,0,66.66,3.997,138.2814516,8.193,2012,8,24,34,3,Friday,34,August,2012-08,1375101.26,1417696.5750000002,88921.08296079909
19,2012-08-31,1542719.87,0,71.85,4.026,138.3771935,8.193,2012,8,31,35,3,Friday,35,August,2012-08,1544653.37,1467845.5975000001,88658.06243180706
19,2012-09-07,1497073.82,1,72.2,4.076,138.4729355,8.193,2012,9,7,36,3,Friday,36,September,2012-09,1542719.87,1489887.08,79620.10618022134
19,2012-09-14,1370653.41,0,65.08,4.088,138.5673,8.193,2012,9,14,37,3,Friday,37,September,2012-09,1497073.82,1488775.1175000002,81759.8550036224
19,2012-09-21,1338572.29,0,60.62,4.203,138.6534,8.193,2012,9,21,38,3,Friday,38,September,2012-09,1370653.41,1437254.8475,98107.38856594833
19,2012-09-28,1338299.02,0,56.81,4.158,138.7395,8.193,2012,9,28,39,3,Friday,39,September,2012-09,1338572.29,1386149.6349999998,75493.03040743554
19,2012-10-05,1408016.1,0,59.86,4.151,138.8256,7.992,2012,10,5,40,4,Friday,40,October,2012-10,1338299.02,1363885.205,33109.62106436015
19,2012-10-12,1352809.5,0,48.29,4.186,138.9117,7.992,2012,10,12,41,4,Friday,41,October,2012-10,1408016.1,1359424.2275,33095.83247872547
19,2012-10-19,1321102.35,0,53.44,4.153,138.8336129,7.992,2012,10,19,42,4,Friday,42,October,2012-10,1352809.5,1355056.7425000002,37609.687046024956
19,2012-10-26,1322117.96,0,56.49,4.071,138.7281613,7.992,2012,10,26,43,4,Friday,43,October,2012-10,1321102.35,1351011.4775,40751.89620379342
20,2010-02-26,1898193.95,0,32.32,2.754,204.4630869,8.187,2010,2,26,8,1,Friday,8,February,2010-02,2161549.76,2142561.77,206712.5386371612
20,2010-03-05,2119213.72,0,31.75,2.777,204.4940734,8.187,2010,3,5,9,1,Friday,9,March,2010-03,1898193.95,2072016.3324999998,118087.30254110912
20,2010-03-12,2010974.84,0,43.82,2.818,204.5250598,8.187,2010,3,12,10,1,Friday,10,March,2010-03,2119213.72,2047483.0675,118006.48022472598
20,2010-03-19,1951848.43,0,47.32,2.844,204.3782258,8.187,2010,3,19,11,1,Friday,11,March,2010-03,2010974.84,1995057.7349999999,94723.6326126532
20,2010-03-26,1894742.95,0,50.49,2.854,204.201755,8.187,2010,3,26,12,1,Friday,12,March,2010-03,1951848.43,1994194.9849999999,95908.26453931675
20,2010-04-02,2405395.22,0,51.0,2.85,204.0252842,7.856,2010,4,2,13,2,Friday,13,April,2010-04,1894742.95,2065740.36,231355.55036085565
20,2010-04-09,2007796.26,0,65.1,2.869,203.8488134,7.856,2010,4,9,14,2,Friday,14,April,2010-04,2405395.22,2064945.715,231611.67410816377
20,2010-04-16,1985784.59,0,55.43,2.899,203.7307486,7.856,2010,4,16,15,2,Friday,15,April,2010-04,2007796.26,2073429.755,226656.47637453963
20,2010-04-23,1878862.42,0,50.65,2.902,203.6905586,7.856,2010,4,23,16,2,Friday,16,April,2010-04,1985784.59,2069459.6225,230928.4886475975
20,2010-04-30,1919053.21,0,54.75,2.921,203.6503685,7.856,2010,4,30,17,2,Friday,17,April,2010-04,1878862.42,1947874.12,59501.053738340765
20,2010-05-07,2137202.38,0,66.74,2.966,203.6101784,7.856,2010,5,7,18,2,Friday,18,May,2010-05,1919053.21,1980225.65,113562.26983026107
20,2010-05-14,2033211.62,0,55.91,2.982,203.6133915,7.856,2010,5,14,19,2,Friday,19,May,2010-05,2137202.38,1992082.4075000002,116766.78722460015
20,2010-05-21,1893736.9,0,60.38,2.958,203.8770235,7.856,2010,5,21,20,2,Friday,20,May,2010-05,2033211.62,1995801.0275,112102.9415810604
20,2010-05-28,2065984.95,0,70.97,2.899,204.1406556,7.856,2010,5,28,21,2,Friday,21,May,2010-05,1893736.9,2032533.9625000001,102208.1698707686
20,2010-06-04,2203619.35,0,72.52,2.847,204.4042877,7.856,2010,6,4,22,2,Friday,22,June,2010-06,2065984.95,2049138.205,127215.64196679504
20,2010-06-11,2100489.79,0,67.32,2.809,204.6679198,7.856,2010,6,11,23,2,Friday,23,June,2010-06,2203619.35,2065957.7474999998,128845.12643180588
20,2010-06-18,2091903.63,0,72.62,2.78,204.670036,7.856,2010,6,18,24,2,Friday,24,June,2010-06,2100489.79,2115499.4299999997,60549.85576929258
20,2010-06-25,1973135.87,0,75.17,2.808,204.5675459,7.856,2010,6,25,25,2,Friday,25,June,2010-06,2091903.63,2092287.16,94267.91018693829
20,2010-07-02,2143676.77,0,70.1,2.815,204.4650559,7.527,2010,7,2,26,3,Friday,26,July,2010-07,1973135.87,2077301.5150000001,73045.81652298756
20,2010-07-09,2107285.85,0,78.09,2.793,204.3625658,7.527,2010,7,9,27,3,Friday,27,July,2010-07,2143676.77,2079000.53,73839.67220621897
20,2010-07-16,2031852.16,0,75.14,2.783,204.3571656,7.527,2010,7,16,28,3,Friday,28,July,2010-07,2107285.85,2063987.6625,76402.06283498347
20,2010-07-23,1900535.9,0,77.75,2.771,204.4812188,7.527,2010,7,23,29,3,Friday,29,July,2010-07,2031852.16,2045837.67,107481.11023061293
20,2010-07-30,1955896.59,0,76.03,2.781,204.605272,7.527,2010,7,30,30,3,Friday,30,July,2010-07,1900535.9,1998892.625,90107.57746857153
20,2010-08-06,1910177.38,0,74.57,2.784,204.7293252,7.527,2010,8,6,31,3,Friday,31,August,2010-08,1955896.59,1949615.5074999998,59906.85209789753
20,2010-08-13,2071022.45,0,75.98,2.805,204.8533784,7.527,2010,8,13,32,3,Friday,32,August,2010-08,1910177.38,1959408.0799999998,78229.77598706605
20,2010-08-20,1975374.56,0,75.34,2.779,204.8217044,7.527,2010,8,20,33,3,Friday,33,August,2010-08,2071022.45,1978117.745,67696.58337254709
20,2010-08-27,1946369.57,0,70.51,2.755,204.7900305,7.527,2010,8,27,34,3,Friday,34,August,2010-08,1975374.56,1975735.9900000002,68895.95551681572
20,2010-09-03,2121561.41,0,75.5,2.715,204.7583566,7.527,2010,9,3,35,3,Friday,35,September,2010-09,1946369.57,2028581.9975,81723.6762878607
20,2010-09-10,2014954.79,1,65.02,2.699,204.7266827,7.527,2010,9,10,36,3,Friday,36,September,2010-09,2121561.41,2014565.0825,76670.05271374121
20,2010-09-17,1948359.78,0,65.28,2.706,204.7513279,7.527,2010,9,17,37,3,Friday,37,September,2010-09,2014954.79,2007811.3875,82259.11578677259
20,2010-09-24,1789687.65,0,69.37,2.713,204.8182126,7.527,2010,9,24,38,3,Friday,38,September,2010-09,1948359.78,1968640.9075000002,139002.69577674757
20,2010-10-01,1933719.21,0,61.08,2.707,204.8850973,7.484,2010,10,1,39,4,Friday,39,October,2010-10,1789687.65,1921680.3575000002,94831.2890450336
20,2010-10-08,2060389.27,0,51.5,2.764,204.951982,7.484,2010,10,8,40,4,Friday,40,October,2010-10,1933719.21,1933038.9775,111059.8784460379
20,2010-10-15,1950676.39,0,59.17,2.868,205.0137637,7.484,2010,10,15,41,4,Friday,41,October,2010-10,2060389.27,1933618.13,111172.38785076723
20,2010-10-22,1893955.27,0,50.52,2.917,205.0627881,7.484,2010,10,22,42,4,Friday,42,October,2010-10,1950676.39,1959685.035,71220.6072859939
20,2010-10-29,1891816.0,0,57.56,2.921,205.1118126,7.484,2010,10,29,43,4,Friday,43,October,2010-10,1893955.27,1949209.2325,78972.85778118516
20,2010-11-05,2184316.64,0,42.78,2.917,205.160837,7.484,2010,11,5,44,4,Friday,44,November,2010-11,1891816.0,1980191.0750000002,138786.5637858751
20,2010-11-12,2187765.28,0,42.38,2.931,205.2098614,7.484,2010,11,12,45,4,Friday,45,November,2010-11,2184316.64,2039463.2974999999,169261.4145563472
20,2010-11-19,2105058.91,0,45.88,3.0,205.0992811,7.484,2010,11,19,46,4,Friday,46,November,2010-11,2187765.28,2092239.2075,138969.17041781094
20,2010-11-26,2811634.04,1,46.66,3.039,204.9621,7.484,2010,11,26,47,4,Friday,47,November,2010-11,2105058.91,2322193.7175000003,328522.1693308778
20,2010-12-03,2416051.17,0,35.47,3.046,204.8249189,7.484,2010,12,3,48,4,Friday,48,December,2010-12,2811634.04,2380127.3499999996,316309.10884600744
20,2010-12-10,2752122.08,0,24.27,3.109,204.6877378,7.484,2010,12,10,49,4,Friday,49,December,2010-12,2416051.17,2521216.55,327570.1557241309
20,2010-12-17,2819193.17,0,24.07,3.14,204.6321194,7.484,2010,12,17,50,4,Friday,50,December,2010-12,2752122.08,2699750.115,191496.36217015752
20,2010-12-24,3766687.43,0,25.17,3.141,204.6376731,7.484,2010,12,24,51,4,Friday,51,December,2010-12,2819193.17,2938513.4625,579602.7510866368
20,2010-12-31,1799737.79,1,28.85,3.179,204.6432267,7.484,2010,12,31,52,4,Friday,52,December,2010-12,3766687.43,2784435.1175,803471.7764807319
20,2011-01-07,1843030.95,0,31.43,3.193,204.6487803,7.343,2011,1,7,1,1,Friday,1,January,2011-01,1799737.79,2557162.335,933682.0819272536
20,2011-01-14,1884345.01,0,20.39,3.205,204.7026042,7.343,2011,1,14,2,1,Friday,2,January,2011-01,1843030.95,2323450.295,962777.9969272156
20,2011-01-21,1781805.66,0,27.43,3.229,205.0460497,7.343,2011,1,21,3,1,Friday,3,January,2011-01,1884345.01,1827229.8525,45938.31611787623
20,2011-01-28,1761506.68,0,23.21,3.237,205.3894952,7.343,2011,1,28,4,1,Friday,4,January,2011-01,1781805.66,1817672.0749999997,56359.8678826244
20,2011-02-04,2351143.07,0,28.58,3.231,205.7329407,7.343,2011,2,4,5,1,Friday,5,February,2011-02,1761506.68,1944700.105,276244.488612015
20,2011-02-11,2211388.14,1,25.38,3.239,206.0763862,7.343,2011,2,11,6,1,Friday,6,February,2011-02,2351143.07,2026460.8875000002,299818.56778458203
20,2011-02-18,2258616.24,0,42.95,3.245,206.3694701,7.343,2011,2,18,7,1,Friday,7,February,2011-02,2211388.14,2145663.5325,262600.05446593254
20,2011-02-25,1938608.52,0,33.2,3.274,206.6424093,7.343,2011,2,25,8,1,Friday,8,February,2011-02,2258616.24,2189938.9925,177323.04913382808
20,2011-03-04,2143424.61,0,37.33,3.433,206.9153485,7.343,2011,3,4,9,1,Friday,9,March,2011-03,1938608.52,2138009.3775,141091.55985020456
20,2011-03-11,1990932.77,0,39.53,3.582,207.1882876,7.343,2011,3,11,10,1,Friday,10,March,2011-03,2143424.61,2082895.535,145850.86896108426
20,2011-03-18,1931668.64,0,44.8,3.631,207.4283845,7.343,2011,3,18,11,1,Friday,11,March,2011-03,1990932.77,2001158.635,98464.12586878914
20,2011-03-25,1824711.21,0,44.83,3.625,207.6553444,7.343,2011,3,25,12,1,Friday,12,March,2011-03,1931668.64,1972684.3074999999,132995.71402320036
20,2011-04-01,1927993.09,0,32.43,3.638,207.8823043,7.287,2011,4,1,13,2,Friday,13,April,2011-04,1824711.21,1918826.4274999998,69055.4099186201
20,2011-04-08,2027056.39,0,47.09,3.72,208.1092642,7.287,2011,4,8,14,2,Friday,14,April,2011-04,1927993.09,1927857.3325,82652.12255922199
20,2011-04-15,2057406.33,0,55.0,3.821,208.3172811,7.287,2011,4,15,15,2,Friday,15,April,2011-04,2027056.39,1959291.7550000001,105372.42698700544
20,2011-04-22,2313861.81,0,52.56,3.892,208.4779405,7.287,2011,4,22,16,2,Friday,16,April,2011-04,2057406.33,2081579.405,164419.147858465
20,2011-04-29,1881788.19,0,62.97,3.962,208.6386,7.287,2011,4,29,17,2,Friday,17,April,2011-04,2313861.81,2070028.1799999997,179717.38812870043
20,2011-05-06,2090838.44,0,53.41,4.046,208.7992595,7.287,2011,5,6,18,2,Friday,18,May,2011-05,1881788.19,2085973.6925,177449.02882923753
20,2011-05-13,2036748.53,0,62.26,4.066,208.9599189,7.287,2011,5,13,19,2,Friday,19,May,2011-05,2090838.44,2080809.2425,178852.64861057527
20,2011-05-20,1953416.06,0,59.01,4.062,208.7583165,7.287,2011,5,20,20,2,Friday,20,May,2011-05,2036748.53,1990697.805,92014.58000578723
20,2011-05-27,1944433.17,0,69.12,3.985,208.556714,7.287,2011,5,27,21,2,Friday,21,May,2011-05,1953416.06,2006359.0499999998,69995.38707029002
20,2011-06-03,2182246.69,0,73.51,3.922,208.3551116,7.287,2011,6,3,22,2,Friday,22,June,2011-06,1944433.17,2029211.1125,110164.86155052803
20,2011-06-10,2135062.04,0,73.64,3.881,208.1535092,7.287,2011,6,10,23,2,Friday,23,June,2011-06,2182246.69,2053789.49,122665.00423137797
20,2011-06-17,2065191.27,0,66.41,3.842,208.1265604,7.287,2011,6,17,24,2,Friday,24,June,2011-06,2135062.04,2081733.2925,103395.45530602294
20,2011-06-24,1950826.32,0,72.4,3.804,208.2306018,7.287,2011,6,24,25,2,Friday,25,June,2011-06,2065191.27,2083331.58,100576.59478011348
20,2011-07-01,2053165.41,0,69.66,3.748,208.3346432,7.274,2011,7,1,26,3,Friday,26,July,2011-07,1950826.32,2051061.26,75954.50144052634
20,2011-07-08,2123787.79,0,74.69,3.711,208.4386847,7.274,2011,7,8,27,3,Friday,27,July,2011-07,2053165.41,2048242.6975,71899.23229586352
20,2011-07-15,2039875.75,0,74.88,3.76,208.5309337,7.274,2011,7,15,28,3,Friday,28,July,2011-07,2123787.79,2041913.8175,71018.85108116493
20,2011-07-22,1950904.84,0,78.89,3.811,208.5937018,7.274,2011,7,22,29,3,Friday,29,July,2011-07,2039875.75,2041933.4475,70985.28455509036
20,2011-07-29,1858440.92,0,77.47,3.829,208.6564699,7.274,2011,7,29,30,3,Friday,30,July,2011-07,1950904.84,1993252.325,114281.34257961564
20,2011-08-05,2189353.63,0,77.8,3.842,208.719238,7.274,2011,8,5,31,3,Friday,31,August,2011-08,1858440.92,2009643.785,140857.10269821767
20,2011-08-12,2052246.4,0,73.52,3.812,208.7820061,7.274,2011,8,12,32,3,Friday,32,August,2011-08,2189353.63,2012736.4474999998,141874.26709746686
20,2011-08-19,1990017.93,0,71.25,3.747,208.8424359,7.274,2011,8,19,33,3,Friday,33,August,2011-08,2052246.4,2022514.72,137471.75211942854
20,2011-08-26,1933577.2,0,70.15,3.704,208.902476,7.274,2011,8,26,34,3,Friday,34,August,2011-08,1990017.93,2041298.79,109960.22518257465
20,2011-09-02,2141765.98,0,70.82,3.703,208.9625161,7.274,2011,9,2,35,3,Friday,35,September,2011-09,1933577.2,2029401.8775,89220.75221521714
20,2011-09-09,2050542.56,1,68.74,3.738,209.0225562,7.274,2011,9,9,36,3,Friday,36,September,2011-09,2141765.98,2028975.9175,89079.28745070116
20,2011-09-16,1979009.46,0,64.02,3.742,209.1893892,7.274,2011,9,16,37,3,Friday,37,September,2011-09,2050542.56,2026223.7999999998,90836.82043512214
20,2011-09-23,1888119.7,0,62.15,3.711,209.4986126,7.274,2011,9,23,38,3,Friday,38,September,2011-09,1979009.46,2014859.425,107589.86586256688
20,2011-09-30,1945808.26,0,63.44,3.645,209.807836,7.274,2011,9,30,39,3,Friday,39,September,2011-09,1888119.7,1965869.995,67797.91144267184
20,2011-10-07,2135982.79,0,52.42,3.583,210.1170595,7.082,2011,10,7,40,4,Friday,40,October,2011-10,1945808.26,1987230.0524999998,106040.21551811474
20,2011-10-14,2010107.68,0,62.54,3.541,210.4027602,7.082,2011,10,14,41,4,Friday,41,October,2011-10,2135982.79,1995004.6075000002,106376.08565614461
20,2011-10-21,2104241.9,0,53.69,3.57,210.5473252,7.082,2011,10,21,42,4,Friday,42,October,2011-10,2010107.68,2049035.1575,87137.4701009984
20,2011-10-28,2065421.52,0,49.36,3.569,210.6918901,7.082,2011,10,28,43,4,Friday,43,October,2011-10,2104241.9,2078938.4724999997,54205.48435769246
20,2011-11-04,2284106.6,0,43.88,3.551,210.8364551,7.082,2011,11,4,44,4,Friday,44,November,2011-11,2065421.52,2115969.425,118560.03291433207
20,2011-11-11,2269975.85,0,47.27,3.53,210.9810201,7.082,2011,11,11,45,4,Friday,45,November,2011-11,2284106.6,2180936.4675,112246.52579031972
20,2011-11-18,2169933.82,0,49.3,3.53,211.1847207,7.082,2011,11,18,46,4,Friday,46,November,2011-11,2269975.85,2197359.4475,101584.1065909858
20,2011-11-25,2906233.25,1,46.38,3.492,211.4120757,7.082,2011,11,25,47,4,Friday,47,November,2011-11,2169933.82,2407562.38,336309.0602244121
20,2011-12-02,2298776.83,0,46.32,3.452,211.6394306,7.082,2011,12,2,48,4,Friday,48,December,2011-12,2906233.25,2411229.9375,334589.5566852083
20,2011-12-09,2546123.78,0,41.64,3.415,211.8667856,7.082,2011,12,9,49,4,Friday,49,December,2011-12,2298776.83,2480266.92,324052.3239779591
20,2011-12-16,2762816.65,0,37.16,3.413,212.0685039,7.082,2011,12,16,50,4,Friday,50,December,2011-12,2546123.78,2628487.6275,265003.1009043788
20,2011-12-23,3555371.03,0,40.19,3.389,212.2360401,7.082,2011,12,23,51,4,Friday,51,December,2011-12,2762816.65,2790772.0725,543845.9270550319
20,2011-12-30,2043245.0,1,36.35,3.389,212.4035763,7.082,2011,12,30,52,4,Friday,52,December,2011-12,3555371.03,2726889.1149999998,629210.7367077797
20,2012-01-06,1964701.94,0,33.42,3.422,212.5711125,6.961,2012,1,6,1,1,Friday,1,January,2012-01,2043245.0,2581533.6550000003,741947.6167391272
20,2012-01-13,1911510.64,0,37.79,3.513,212.7386486,6.961,2012,1,13,2,1,Friday,2,January,2012-01,1964701.94,2368707.1525,792957.67723181
20,2012-01-20,1892775.94,0,27.65,3.533,212.8336399,6.961,2012,1,20,3,1,Friday,3,January,2012-01,1911510.64,1953058.3800000001,67402.73532520927
20,2012-01-27,1761016.51,0,37.19,3.567,212.9286312,6.961,2012,1,27,4,1,Friday,4,January,2012-01,1892775.94,1882501.2574999998,86530.55231557044
20,2012-02-03,2203523.2,0,39.93,3.617,213.0236225,6.961,2012,2,3,5,1,Friday,5,February,2012-02,1761016.51,1942206.5725,186638.55108928581
20,2012-02-10,2462978.28,1,33.47,3.64,213.1186138,6.961,2012,2,10,6,1,Friday,6,February,2012-02,2203523.2,2080073.4825,315559.6287163238
20,2012-02-17,2309025.16,0,31.11,3.695,213.2732106,6.961,2012,2,17,7,1,Friday,7,February,2012-02,2462978.28,2184135.7875,301527.38169892353
20,2012-02-24,2045837.55,0,39.79,3.739,213.4725116,6.961,2012,2,24,8,1,Friday,8,February,2012-02,2309025.16,2255341.0475,175662.56387312486
20,2012-03-02,2148822.76,0,39.98,3.816,213.6718127,6.961,2012,3,2,9,1,Friday,9,March,2012-03,2045837.55,2241665.9375,183016.42071846093
20,2012-03-09,2139265.4,0,41.14,3.848,213.8711137,6.961,2012,3,9,10,1,Friday,10,March,2012-03,2148822.76,2160737.7175000003,109231.01013565733
20,2012-03-16,2064991.71,0,53.73,3.862,214.0167132,6.961,2012,3,16,11,1,Friday,11,March,2012-03,2139265.4,2099729.355,51911.116006246426
20,2012-03-23,1992436.96,0,66.11,3.9,214.0907105,6.961,2012,3,23,12,1,Friday,12,March,2012-03,2064991.71,2086379.2075,72981.08777994693
20,2012-03-30,2074721.74,0,51.52,3.953,214.1647079,6.961,2012,3,30,13,1,Friday,13,March,2012-03,1992436.96,2067853.9525,60118.42903543599
20,2012-04-06,2565259.92,0,50.06,3.996,214.2387053,7.139,2012,4,6,14,2,Friday,14,April,2012-04,2074721.74,2174352.5825,263177.97870903765
20,2012-04-13,2045396.06,0,45.68,4.044,214.3127027,7.139,2012,4,13,15,2,Friday,15,April,2012-04,2565259.92,2169453.67,266058.84832665947
20,2012-04-20,1884427.84,0,60.11,4.027,214.3675045,7.139,2012,4,20,16,2,Friday,16,April,2012-04,2045396.06,2142451.39,294023.949118603
20,2012-04-27,1886503.93,0,47.64,4.004,214.4223063,7.139,2012,4,27,17,2,Friday,17,April,2012-04,1884427.84,2095396.9375,322188.12245691026
20,2012-05-04,2163510.89,0,62.74,3.951,214.4771081,7.139,2012,5,4,18,2,Friday,18,May,2012-05,1886503.93,1994959.6800000002,135318.48380988656
20,2012-05-11,2168097.11,0,63.19,3.889,214.5319099,7.139,2012,5,11,19,2,Friday,19,May,2012-05,2163510.89,2025634.9425,161866.33426332998
20,2012-05-18,2039222.26,0,60.99,3.848,214.5485571,7.139,2012,5,18,20,2,Friday,20,May,2012-05,2168097.11,2064333.5474999999,132736.54581935375
20,2012-05-25,2114989.0,0,70.04,3.798,214.5499425,7.139,2012,5,25,21,2,Friday,21,May,2012-05,2039222.26,2121454.815,59855.98547824885
20,2012-06-01,2143126.59,0,73.67,3.742,214.5513278,7.139,2012,6,1,22,2,Friday,22,June,2012-06,2114989.0,2116358.7399999998,55813.04942496133
20,2012-06-08,2231962.13,0,62.01,3.689,214.5527132,7.139,2012,6,8,23,2,Friday,23,June,2012-06,2143126.59,2132324.995,79609.23127517843
20,2012-06-15,2165160.29,0,71.51,3.62,214.5653243,7.139,2012,6,15,24,2,Friday,24,June,2012-06,2231962.13,2163809.5025,49859.2338350714
20,2012-06-22,2060588.69,0,76.51,3.564,214.606,7.139,2012,6,22,25,2,Friday,25,June,2012-06,2165160.29,2150209.425,70684.92491954385
20,2012-06-29,2055952.61,0,74.15,3.506,214.6466757,7.139,2012,6,29,26,2,Friday,26,June,2012-06,2060588.69,2128415.93,85485.73128051181
20,2012-07-06,2358055.3,0,79.2,3.475,214.6873514,7.28,2012,7,6,27,3,Friday,27,July,2012-07,2055952.61,2159939.2225,141375.36748798224
20,2012-07-13,2134680.12,0,78.27,3.523,214.728027,7.28,2012,7,13,28,3,Friday,28,July,2012-07,2358055.3,2152319.1799999997,141820.88012647603
20,2012-07-20,1970170.29,0,76.04,3.567,214.7331351,7.28,2012,7,20,29,3,Friday,29,July,2012-07,2134680.12,2129714.58,166392.45744874468
20,2012-07-27,1911559.1,0,74.6,3.647,214.7382432,7.28,2012,7,27,30,3,Friday,30,July,2012-07,1970170.29,2093616.2025000001,199998.30290173012
20,2012-08-03,2094515.71,0,74.73,3.654,214.7433514,7.28,2012,8,3,31,3,Friday,31,August,2012-08,1911559.1,2027731.3050000002,104414.9693027825
20,2012-08-10,2144245.39,0,75.4,3.722,214.7484595,7.28,2012,8,10,32,3,Friday,32,August,2012-08,2094515.71,2030122.6225,107737.4382769561
20,2012-08-17,2045061.22,0,69.57,3.807,214.825578,7.28,2012,8,17,33,3,Friday,33,August,2012-08,2144245.39,2048845.355,100081.27279608458
20,2012-08-24,2005341.43,0,68.27,3.834,214.9567044,7.28,2012,8,24,34,3,Friday,34,August,2012-08,2045061.22,2072290.9375,60263.5263291603
20,2012-08-31,2062481.56,0,72.66,3.867,215.0878309,7.28,2012,8,31,35,3,Friday,35,August,2012-08,2005341.43,2064282.4,58426.06296160803
20,2012-09-07,2080529.06,1,76.36,3.911,215.2189573,7.28,2012,9,7,36,3,Friday,36,September,2012-09,2062481.56,2048353.3175,32123.439074034854
20,2012-09-14,2047949.98,0,64.84,3.948,215.3583757,7.28,2012,9,14,37,3,Friday,37,September,2012-09,2080529.06,2049075.5075,32057.160174884924
20,2012-09-21,2028587.24,0,60.94,4.038,215.5475459,7.28,2012,9,21,38,3,Friday,38,September,2012-09,2047949.98,2054886.96,22022.65655464225
20,2012-09-28,2008350.58,0,58.65,3.997,215.7367162,7.28,2012,9,28,39,3,Friday,39,September,2012-09,2028587.24,2041354.215,30715.946838602355
20,2012-10-05,2246411.89,0,60.77,3.985,215.9258865,7.293,2012,10,5,40,4,Friday,40,October,2012-10,2008350.58,2082824.9225,110249.88502489058
20,2012-10-12,2162951.36,0,47.2,4.0,216.1150568,7.293,2012,10,12,41,4,Friday,41,October,2012-10,2246411.89,2111575.2675,113082.22151100445
20,2012-10-19,1999363.49,0,56.26,3.969,216.1464699,7.293,2012,10,19,42,4,Friday,42,October,2012-10,2162951.36,2104269.33,120904.54895763131
20,2012-10-26,2031650.55,0,60.04,3.882,216.1515902,7.293,2012,10,26,43,4,Friday,43,October,2012-10,1999363.49,2110094.3225,115168.12107027198
21,2010-02-26,749597.24,0,45.31,2.561,210.9759573,8.324,2010,2,26,8,1,Friday,8,February,2010-02,867283.25,806198.9525,48313.670649617285
21,2010-03-05,747444.32,0,48.61,2.625,211.0067542,8.324,2010,3,5,9,1,Friday,9,March,2010-03,749597.24,793411.5625,56987.813478995864
21,2010-03-12,712312.89,0,57.1,2.667,211.037551,8.324,2010,3,12,10,1,Friday,10,March,2010-03,747444.32,769159.425,67611.73083933507
21,2010-03-19,727070.0,0,54.68,2.72,210.8733316,8.324,2010,3,19,11,1,Friday,11,March,2010-03,712312.89,734106.1125,17723.18854477976
21,2010-03-26,686497.53,0,51.66,2.732,210.6766095,8.324,2010,3,26,12,1,Friday,12,March,2010-03,727070.0,718331.1849999999,25648.541105349774
21,2010-04-02,753664.12,0,64.12,2.719,210.4798874,8.2,2010,4,2,13,2,Friday,13,April,2010-04,686497.53,719886.135,28075.57165149359
21,2010-04-09,751181.4,0,65.74,2.77,210.2831653,8.2,2010,4,9,14,2,Friday,14,April,2010-04,753664.12,729603.2625,31139.805580958186
21,2010-04-16,716026.51,0,67.87,2.808,210.1495463,8.2,2010,4,16,15,2,Friday,15,April,2010-04,751181.4,726842.39,31919.083093383448
21,2010-04-23,718780.59,0,64.21,2.795,210.1000648,8.2,2010,4,23,16,2,Friday,16,April,2010-04,716026.51,734913.155,20274.939347598935
21,2010-04-30,680532.69,0,66.93,2.78,210.0505833,8.2,2010,4,30,17,2,Friday,17,April,2010-04,718780.59,716630.2975,28877.92852895468
21,2010-05-07,744969.42,0,70.87,2.835,210.0011018,8.2,2010,5,7,18,2,Friday,18,May,2010-05,680532.69,715077.3025,26466.861510164275
21,2010-05-14,723559.88,0,73.08,2.854,209.9984585,8.2,2010,5,14,19,2,Friday,19,May,2010-05,744969.42,716960.645,26822.5619263017
21,2010-05-21,753361.72,0,74.24,2.826,210.2768443,8.2,2010,5,21,20,2,Friday,20,May,2010-05,723559.88,725605.9275,32563.332692893677
21,2010-05-28,755214.26,0,80.94,2.759,210.5552301,8.2,2010,5,28,21,2,Friday,21,May,2010-05,753361.72,744276.3200000001,14512.457849346003
21,2010-06-04,806012.48,0,82.68,2.705,210.833616,8.2,2010,6,4,22,2,Friday,22,June,2010-06,755214.26,759537.085,34210.834389521544
21,2010-06-11,784305.55,0,83.51,2.668,211.1120018,8.2,2010,6,11,23,2,Friday,23,June,2010-06,806012.48,774723.5025000001,25217.401675488316
21,2010-06-18,785104.29,0,86.18,2.637,211.1096543,8.2,2010,6,18,24,2,Friday,24,June,2010-06,784305.55,782659.145,20874.93993428784
21,2010-06-25,769848.75,0,87.01,2.653,210.9950134,8.2,2010,6,25,25,2,Friday,25,June,2010-06,785104.29,786317.7675000001,14884.351791765992
21,2010-07-02,711470.8,0,82.29,2.669,210.8803726,8.099,2010,7,2,26,3,Friday,26,July,2010-07,769848.75,762682.3474999999,34853.437486929855
21,2010-07-09,714677.47,0,81.67,2.642,210.7657317,8.099,2010,7,9,27,3,Friday,27,July,2010-07,711470.8,745275.3275,37723.44235917685
21,2010-07-16,755098.41,0,85.61,2.623,210.7577954,8.099,2010,7,16,28,3,Friday,28,July,2010-07,714677.47,737773.8575,29178.946734533492
21,2010-07-23,765823.48,0,87.17,2.608,210.8921319,8.099,2010,7,23,29,3,Friday,29,July,2010-07,755098.41,736767.54,27737.848339245505
21,2010-07-30,715876.27,0,83.59,2.64,211.0264684,8.099,2010,7,30,30,3,Friday,30,July,2010-07,765823.48,737868.9075000001,26456.459561438114
21,2010-08-06,739279.19,0,90.3,2.627,211.1608049,8.099,2010,8,6,31,3,Friday,31,August,2010-08,715876.27,744019.3375,21699.982521128284
21,2010-08-13,793589.18,0,89.65,2.692,211.2951413,8.099,2010,8,13,32,3,Friday,32,August,2010-08,739279.19,753642.03,33549.497355738626
21,2010-08-20,848873.28,0,89.58,2.664,211.2596586,8.099,2010,8,20,33,3,Friday,33,August,2010-08,793589.18,774404.48,59366.07406849503
21,2010-08-27,855882.57,0,86.2,2.619,211.2241759,8.099,2010,8,27,34,3,Friday,34,August,2010-08,848873.28,809406.0549999999,54423.276347654624
21,2010-09-03,727772.8,0,82.57,2.577,211.1886931,8.099,2010,9,3,35,3,Friday,35,September,2010-09,855882.57,806529.4575,59438.45808817247
21,2010-09-10,674055.81,1,79.3,2.565,211.1532104,8.099,2010,9,10,36,3,Friday,36,September,2010-09,727772.8,776646.1150000001,90200.7959388134
21,2010-09-17,684340.86,0,83.03,2.582,211.1806415,8.099,2010,9,17,37,3,Friday,37,September,2010-09,674055.81,735513.01,83555.00821395077
21,2010-09-24,671688.06,0,80.79,2.624,211.2552578,8.099,2010,9,24,38,3,Friday,38,September,2010-09,684340.86,689464.3825000001,26122.832173369767
21,2010-10-01,677158.39,0,70.28,2.603,211.3298742,8.163,2010,10,1,39,4,Friday,39,October,2010-10,671688.06,676810.78,5497.122199171685
21,2010-10-08,680579.49,0,65.76,2.633,211.4044906,8.163,2010,10,8,40,4,Friday,40,October,2010-10,677158.39,678441.7,5373.663325127959
21,2010-10-15,693412.05,0,68.61,2.72,211.4713286,8.163,2010,10,15,41,4,Friday,41,October,2010-10,680579.49,680709.4975,9226.202559528472
21,2010-10-22,710668.45,0,70.72,2.725,211.5187208,8.163,2010,10,22,42,4,Friday,42,October,2010-10,693412.05,690454.595,15183.908589920224
21,2010-10-29,731756.65,0,67.51,2.716,211.5661131,8.163,2010,10,29,43,4,Friday,43,October,2010-10,710668.45,704104.1599999999,22177.176114684837
21,2010-11-05,719888.76,0,58.71,2.689,211.6135053,8.163,2010,11,5,44,4,Friday,44,November,2010-11,731756.65,713931.4775,16175.292298575881
21,2010-11-12,735796.38,0,60.95,2.728,211.6608975,8.163,2010,11,12,45,4,Friday,45,November,2010-11,719888.76,724527.5599999999,11443.184898337513
21,2010-11-19,756288.89,0,51.71,2.771,211.5470304,8.163,2010,11,19,46,4,Friday,46,November,2010-11,735796.38,735932.67,15157.40147893655
21,2010-11-26,1245628.61,1,62.96,2.735,211.4062867,8.163,2010,11,26,47,4,Friday,47,November,2010-11,756288.89,864400.6600000001,254588.3309381793
21,2010-12-03,829210.73,0,50.43,2.708,211.265543,8.163,2010,12,3,48,4,Friday,48,December,2010-12,1245628.61,891731.1525000001,239313.23504303474
21,2010-12-10,943891.64,0,46.35,2.843,211.1247993,8.163,2010,12,10,49,4,Friday,49,December,2010-12,829210.73,943754.9675,215554.80917335334
21,2010-12-17,1147556.83,0,48.63,2.869,211.0645458,8.163,2010,12,17,50,4,Friday,50,December,2010-12,943891.64,1041571.9525,189306.3179087922
21,2010-12-24,1587257.78,0,51.29,2.886,211.0646599,8.163,2010,12,24,51,4,Friday,51,December,2010-12,1147556.83,1126979.245,333899.6488049062
21,2010-12-31,672903.23,1,47.19,2.943,211.064774,8.163,2010,12,31,52,4,Friday,52,December,2010-12,1587257.78,1087902.3699999999,385520.3655018464
21,2011-01-07,629152.06,0,44.24,2.976,211.0648881,8.028,2011,1,7,1,1,Friday,1,January,2011-01,672903.23,1009217.4750000001,451229.9348873591
21,2011-01-14,650789.13,0,34.14,2.983,211.1176713,8.028,2011,1,14,2,1,Friday,2,January,2011-01,629152.06,885025.55,468495.4381962724
21,2011-01-21,663941.73,0,42.72,3.016,211.4864691,8.028,2011,1,21,3,1,Friday,3,January,2011-01,650789.13,654196.5375,19006.537474175817
21,2011-01-28,649878.29,0,44.04,3.01,211.8552668,8.028,2011,1,28,4,1,Friday,4,January,2011-01,663941.73,648440.3025,14374.924370265693
21,2011-02-04,596218.24,0,36.33,2.989,212.2240646,8.028,2011,2,4,5,1,Friday,5,February,2011-02,649878.29,640206.8475,30021.457548558003
21,2011-02-11,771908.51,1,34.61,3.022,212.5928624,8.028,2011,2,11,6,1,Friday,6,February,2011-02,596218.24,670486.6925,73642.6753304484
21,2011-02-18,884701.92,0,59.87,3.045,212.9033115,8.028,2011,2,18,7,1,Friday,7,February,2011-02,771908.51,725676.74,129010.71360681464
21,2011-02-25,768313.85,0,61.27,3.065,213.190421,8.028,2011,2,25,8,1,Friday,8,February,2011-02,884701.92,755285.63,119019.69771798243
21,2011-03-04,796277.72,0,59.52,3.288,213.4775305,8.028,2011,3,4,9,1,Friday,9,March,2011-03,768313.85,805300.5,54372.27642628163
21,2011-03-11,763479.9,0,54.69,3.459,213.7646401,8.028,2011,3,11,10,1,Friday,10,March,2011-03,796277.72,803193.3475,56229.32376407296
21,2011-03-18,793569.0,0,63.26,3.488,214.0156238,8.028,2011,3,18,11,1,Friday,11,March,2011-03,763479.9,780410.1174999999,16910.44006697519
21,2011-03-25,753711.32,0,70.33,3.473,214.2521573,8.028,2011,3,25,12,1,Friday,12,March,2011-03,793569.0,776759.485,21378.23332029193
21,2011-04-01,732056.37,0,56.36,3.524,214.4886908,7.931,2011,4,1,13,2,Friday,13,April,2011-04,753711.32,760704.1475,25543.41483254837
21,2011-04-08,744782.89,0,68.62,3.622,214.7252242,7.931,2011,4,8,14,2,Friday,14,April,2011-04,732056.37,756029.895,26556.76446549915
21,2011-04-15,768390.05,0,71.01,3.743,214.9420631,7.931,2011,4,15,15,2,Friday,15,April,2011-04,744782.89,749735.1575,15284.843945069586
21,2011-04-22,801302.01,0,70.79,3.807,215.1096657,7.931,2011,4,22,16,2,Friday,16,April,2011-04,768390.05,761632.8300000001,30430.200613517078
21,2011-04-29,783250.75,0,70.19,3.81,215.2772683,7.931,2011,4,29,17,2,Friday,17,April,2011-04,801302.01,774431.425,23911.940331386435
21,2011-05-06,718898.33,0,61.87,3.906,215.4448709,7.931,2011,5,6,18,2,Friday,18,May,2011-05,783250.75,767960.2849999999,35368.201689605194
21,2011-05-13,754236.7,0,75.04,3.899,215.6124735,7.931,2011,5,13,19,2,Friday,19,May,2011-05,718898.33,764421.9475,36012.96910147397
21,2011-05-20,744836.56,0,68.36,3.907,215.3834778,7.931,2011,5,20,20,2,Friday,20,May,2011-05,754236.7,750305.585,26565.412746067686
21,2011-05-27,744389.81,0,76.86,3.786,215.1544822,7.931,2011,5,27,21,2,Friday,21,May,2011-05,744836.56,740590.35,15157.317217099288
21,2011-06-03,773878.58,0,83.82,3.699,214.9254865,7.931,2011,6,3,22,2,Friday,22,June,2011-06,744389.81,754335.4125000001,13797.201986830149
21,2011-06-10,794397.89,0,84.71,3.648,214.6964908,7.931,2011,6,10,23,2,Friday,23,June,2011-06,773878.58,764375.71,24309.46600073366
21,2011-06-17,823220.43,0,87.54,3.637,214.6513538,7.931,2011,6,17,24,2,Friday,24,June,2011-06,794397.89,783971.6775,33255.40222697724
21,2011-06-24,771298.98,0,85.72,3.594,214.7441108,7.931,2011,6,24,25,2,Friday,25,June,2011-06,823220.43,790698.97,24018.135519164447
21,2011-07-01,784639.12,0,87.57,3.524,214.8368678,7.852,2011,7,1,26,3,Friday,26,July,2011-07,771298.98,793389.105,22026.207560149345
21,2011-07-08,734099.4,0,89.16,3.48,214.9296249,7.852,2011,7,8,27,3,Friday,27,July,2011-07,784639.12,778314.4825,36791.01319701654
21,2011-07-15,728311.15,0,91.05,3.575,215.0134426,7.852,2011,7,15,28,3,Friday,28,July,2011-07,734099.4,754587.1625000001,27644.060476543313
21,2011-07-22,784490.67,0,90.27,3.651,215.0749122,7.852,2011,7,22,29,3,Friday,29,July,2011-07,728311.15,757885.0850000001,30897.74524825169
21,2011-07-29,751167.12,0,91.56,3.682,215.1363819,7.852,2011,7,29,30,3,Friday,30,July,2011-07,784490.67,749517.085,25253.85088283624
21,2011-08-05,783614.89,0,94.22,3.684,215.1978515,7.852,2011,8,5,31,3,Friday,31,August,2011-08,751167.12,761895.9575,27235.273150893565
21,2011-08-12,776933.37,0,92.32,3.638,215.2593211,7.852,2011,8,12,32,3,Friday,32,August,2011-08,783614.89,774051.5125,15625.137026197446
21,2011-08-19,855546.5,0,90.11,3.554,215.3229307,7.852,2011,8,19,33,3,Friday,33,August,2011-08,776933.37,791815.47,44731.26779383163
21,2011-08-26,821127.53,0,92.07,3.523,215.386897,7.852,2011,8,26,34,3,Friday,34,August,2011-08,855546.5,809305.5725,36450.66399582446
21,2011-09-02,705557.8,0,91.94,3.533,215.4508632,7.852,2011,9,2,35,3,Friday,35,September,2011-09,821127.53,789791.3,64720.71930942578
21,2011-09-09,653989.65,1,78.87,3.546,215.5148295,7.852,2011,9,9,36,3,Friday,36,September,2011-09,705557.8,759055.37,94981.20293118795
21,2011-09-16,653525.84,0,80.62,3.526,215.6944378,7.852,2011,9,16,37,3,Friday,37,September,2011-09,653989.65,708550.2050000001,78924.31711752249
21,2011-09-23,681913.29,0,75.68,3.467,216.0282356,7.852,2011,9,23,38,3,Friday,38,September,2011-09,653525.84,673746.645,25019.08257889724
21,2011-09-30,651970.48,0,78.91,3.355,216.3620333,7.852,2011,9,30,39,3,Friday,39,September,2011-09,681913.29,660349.815,14401.562909937478
21,2011-10-07,663452.46,0,71.64,3.285,216.6958311,7.441,2011,10,7,40,4,Friday,40,October,2011-10,651970.48,662715.5175000001,13771.99521542942
21,2011-10-14,671379.44,0,69.79,3.274,217.0048261,7.441,2011,10,14,41,4,Friday,41,October,2011-10,663452.46,667178.9175,12648.177456764588
21,2011-10-21,729036.06,0,65.16,3.353,217.1650042,7.441,2011,10,21,42,4,Friday,42,October,2011-10,671379.44,678959.61,34321.978677963445
21,2011-10-28,738812.0,0,65.46,3.372,217.3251824,7.441,2011,10,28,43,4,Friday,43,October,2011-10,729036.06,700669.99,38740.7094784857
21,2011-11-04,767358.37,0,56.01,3.332,217.4853605,7.441,2011,11,4,44,4,Friday,44,November,2011-11,738812.0,726646.4675,40272.462333380776
21,2011-11-11,757369.87,0,59.8,3.297,217.6455387,7.441,2011,11,11,45,4,Friday,45,November,2011-11,767358.37,748144.075,17383.021282999965
21,2011-11-18,737014.09,0,61.9,3.308,217.8670218,7.441,2011,11,18,46,4,Friday,46,November,2011-11,757369.87,750138.5825,14712.312020497913
21,2011-11-25,1219263.4,1,56.43,3.236,218.1130269,7.441,2011,11,25,47,4,Friday,47,November,2011-11,737014.09,870251.4325,233017.0039272915
21,2011-12-02,793184.25,0,48.72,3.172,218.3590319,7.441,2011,12,2,48,4,Friday,48,December,2011-12,1219263.4,876707.9025,229547.6687213137
21,2011-12-09,897747.13,0,41.44,3.158,218.605037,7.441,2011,12,9,49,4,Friday,49,December,2011-12,793184.25,911802.2175,215523.4217416742
21,2011-12-16,1027584.51,0,50.56,3.159,218.8217928,7.441,2011,12,16,50,4,Friday,50,December,2011-12,897747.13,984444.8225,183573.68498287338
21,2011-12-23,1384552.17,0,46.54,3.112,218.9995495,7.441,2011,12,23,51,4,Friday,51,December,2011-12,1027584.51,1025767.015,257690.98048302458
21,2011-12-30,804362.36,1,45.16,3.129,219.1773063,7.441,2011,12,30,52,4,Friday,52,December,2011-12,1384552.17,1028561.5425,254367.165996805
21,2012-01-06,640181.86,0,48.1,3.157,219.355063,7.057,2012,1,6,1,1,Friday,1,January,2012-01,804362.36,964170.2250000001,322102.13990558754
21,2012-01-13,631181.25,0,45.0,3.261,219.5328198,7.057,2012,1,13,2,1,Friday,2,January,2012-01,640181.86,865069.4099999999,355352.2972066401
21,2012-01-20,651178.2,0,52.21,3.268,219.6258417,7.057,2012,1,20,3,1,Friday,3,January,2012-01,631181.25,681725.9175,82165.54874107482
21,2012-01-27,611258.71,0,50.79,3.29,219.7188636,7.057,2012,1,27,4,1,Friday,4,January,2012-01,651178.2,633450.005,16903.723383992787
21,2012-02-03,680725.43,0,55.83,3.36,219.8118854,7.057,2012,2,3,5,1,Friday,5,February,2012-02,611258.71,643585.8975,29641.80754065097
21,2012-02-10,770652.79,1,46.52,3.409,219.9049073,7.057,2012,2,10,6,1,Friday,6,February,2012-02,680725.43,678453.7825,67737.12063397553
21,2012-02-17,834663.52,0,45.03,3.51,220.0651993,7.057,2012,2,17,7,1,Friday,7,February,2012-02,770652.79,724325.1125,98328.97429983717
21,2012-02-24,747099.07,0,54.81,3.555,220.275944,7.057,2012,2,24,8,1,Friday,8,February,2012-02,834663.52,758285.2025,63580.00858566942
21,2012-03-02,764385.4,0,59.3,3.63,220.4866886,7.057,2012,3,2,9,1,Friday,9,March,2012-03,747099.07,779200.195,38293.59793946575
21,2012-03-09,755084.4,0,57.16,3.669,220.6974332,7.057,2012,3,9,10,1,Friday,10,March,2012-03,764385.4,775308.0974999999,40195.84835070388
21,2012-03-16,767338.32,0,63.39,3.734,220.8498468,7.057,2012,3,16,11,1,Friday,11,March,2012-03,755084.4,758476.7975,9208.677219239082
21,2012-03-23,729759.97,0,62.96,3.787,220.9244858,7.057,2012,3,23,12,1,Friday,12,March,2012-03,767338.32,754142.0225,17072.801076394477
21,2012-03-30,724798.76,0,67.87,3.845,220.9991248,7.057,2012,3,30,13,1,Friday,13,March,2012-03,729759.97,744245.3625,20320.485268946628
21,2012-04-06,761956.58,0,69.02,3.891,221.0737638,6.891,2012,4,6,14,2,Friday,14,April,2012-04,724798.76,745963.4075,21780.43572883875
21,2012-04-13,769319.04,0,69.03,3.891,221.1484028,6.891,2012,4,13,15,2,Friday,15,April,2012-04,761956.58,746458.5874999999,22440.885408683775
21,2012-04-20,734858.91,0,66.97,3.877,221.2021074,6.891,2012,4,20,16,2,Friday,16,April,2012-04,769319.04,747733.3225,21291.53907219817
21,2012-04-27,674829.58,0,69.21,3.814,221.255812,6.891,2012,4,27,17,2,Friday,17,April,2012-04,734858.91,735241.0275,42913.55917873608
21,2012-05-04,697645.32,0,77.53,3.749,221.3095166,6.891,2012,5,4,18,2,Friday,18,May,2012-05,674829.58,719163.2125,41595.082323551505
21,2012-05-11,649945.54,0,74.14,3.688,221.3632212,6.891,2012,5,11,19,2,Friday,19,May,2012-05,697645.32,689319.8374999999,36071.33510630523
21,2012-05-18,700554.16,0,72.42,3.63,221.380331,6.891,2012,5,18,20,2,Friday,20,May,2012-05,649945.54,680743.65,23534.531783369148
21,2012-05-25,722891.24,0,79.49,3.561,221.3828029,6.891,2012,5,25,21,2,Friday,21,May,2012-05,700554.16,692759.065,30689.76423902885
21,2012-06-01,695439.83,0,79.24,3.501,221.3852748,6.891,2012,6,1,22,2,Friday,22,June,2012-06,722891.24,692207.6925,30592.372980132914
21,2012-06-08,707895.72,0,79.47,3.452,221.3877467,6.891,2012,6,8,23,2,Friday,23,June,2012-06,695439.83,706695.2375,11946.38977635909
21,2012-06-15,727049.04,0,81.51,3.393,221.4009901,6.891,2012,6,15,24,2,Friday,24,June,2012-06,707895.72,713318.9575,14482.385425756467
21,2012-06-22,735870.0,0,81.78,3.346,221.4411622,6.891,2012,6,22,25,2,Friday,25,June,2012-06,727049.04,716563.6475,18294.14601863204
21,2012-06-29,716341.39,0,88.05,3.286,221.4813343,6.891,2012,6,29,26,2,Friday,26,June,2012-06,735870.0,721789.0375000001,12228.958332140577
21,2012-07-06,693013.59,0,85.26,3.227,221.5215064,6.565,2012,7,6,27,3,Friday,27,July,2012-07,716341.39,718068.505,18513.73296594466
21,2012-07-13,668132.36,0,82.51,3.256,221.5616784,6.565,2012,7,13,28,3,Friday,28,July,2012-07,693013.59,703339.335,29288.50569775405
21,2012-07-20,691200.33,0,84.25,3.311,221.5701123,6.565,2012,7,20,29,3,Friday,29,July,2012-07,668132.36,692171.9175,19695.31349156177
21,2012-07-27,677789.14,0,88.09,3.407,221.5785461,6.565,2012,7,27,30,3,Friday,30,July,2012-07,691200.33,682533.855,11759.365250206714
21,2012-08-03,693785.85,0,91.57,3.417,221.5869799,6.565,2012,8,3,31,3,Friday,31,August,2012-08,677789.14,682726.92,11992.795930560545
21,2012-08-10,700272.01,0,89.57,3.494,221.5954138,6.565,2012,8,10,32,3,Friday,32,August,2012-08,693785.85,690761.8325,9452.8864847391
21,2012-08-17,751963.81,0,85.55,3.571,221.6751459,6.565,2012,8,17,33,3,Friday,33,August,2012-08,700272.01,705952.7025,32096.265790615522
21,2012-08-24,802003.61,0,77.72,3.62,221.8083518,6.565,2012,8,24,34,3,Friday,34,August,2012-08,751963.81,737006.32,50549.62173495948
21,2012-08-31,763867.59,0,83.58,3.638,221.9415576,6.565,2012,8,31,35,3,Friday,35,August,2012-08,802003.61,754526.755,41997.813440216094
21,2012-09-07,642827.29,1,88.4,3.73,222.0747635,6.565,2012,9,7,36,3,Friday,36,September,2012-09,763867.59,740165.575,68312.19550363158
21,2012-09-14,628494.63,0,76.1,3.717,222.2174395,6.565,2012,9,14,37,3,Friday,37,September,2012-09,642827.29,709298.28,86640.46431313867
21,2012-09-21,667151.46,0,71.54,3.721,222.4169362,6.565,2012,9,21,38,3,Friday,38,September,2012-09,628494.63,675585.2424999999,60979.534285382906
21,2012-09-28,647097.65,0,80.38,3.666,222.6164329,6.565,2012,9,28,39,3,Friday,39,September,2012-09,667151.46,646392.7575000001,15963.25081158711
21,2012-10-05,651768.91,0,70.28,3.617,222.8159296,6.17,2012,10,5,40,4,Friday,40,October,2012-10,647097.65,648628.1625000001,15923.55115936262
21,2012-10-12,653043.44,0,61.53,3.601,223.0154263,6.17,2012,10,12,41,4,Friday,41,October,2012-10,651768.91,654765.365,8643.93758545953
21,2012-10-19,641368.14,0,68.52,3.594,223.0598077,6.17,2012,10,19,42,4,Friday,42,October,2012-10,653043.44,648319.535,5292.395857578494
21,2012-10-26,675202.87,0,70.5,3.506,223.0783366,6.17,2012,10,26,43,4,Friday,43,October,2012-10,641368.14,655345.8400000001,14233.449004567346
22,2010-02-26,899761.48,0,35.98,2.753,135.5195191,8.283,2010,2,26,8,1,Friday,8,February,2010-02,988467.61,985954.4275,60528.92567957594
22,2010-03-05,1009201.24,0,36.82,2.766,135.5732602,8.283,2010,3,5,9,1,Friday,9,March,2010-03,899761.48,980000.395,55302.03207350977
22,2010-03-12,967187.37,0,43.43,2.805,135.6270013,8.283,2010,3,12,10,1,Friday,10,March,2010-03,1009201.24,966154.4249999999,47469.27647659593
22,2010-03-19,966145.09,0,46.03,2.834,135.6682247,8.283,2010,3,19,11,1,Friday,11,March,2010-03,967187.37,960573.7949999999,45231.054100565736
22,2010-03-26,1012075.12,0,48.56,2.831,135.7073618,8.283,2010,3,26,12,1,Friday,12,March,2010-03,966145.09,988652.205,25417.875296261464
22,2010-04-02,1177340.99,0,44.96,2.826,135.7464988,8.348,2010,4,2,13,2,Friday,13,April,2010-04,1012075.12,1030687.1425000001,100086.05633246862
22,2010-04-09,1033171.07,0,57.06,2.849,135.7856359,8.348,2010,4,9,14,2,Friday,14,April,2010-04,1177340.99,1047183.0675,91172.25937460223
22,2010-04-16,1000968.67,0,51.14,2.885,135.82725,8.348,2010,4,16,15,2,Friday,15,April,2010-04,1033171.07,1055888.9625,82062.14910339323
22,2010-04-23,969594.47,0,51.04,2.895,135.8721667,8.348,2010,4,23,16,2,Friday,16,April,2010-04,1000968.67,1045268.8,91794.19767704049
22,2010-04-30,977683.06,0,50.96,2.935,135.9170833,8.348,2010,4,30,17,2,Friday,17,April,2010-04,969594.47,995354.3175,28504.214942677325
22,2010-05-07,1052973.28,0,63.81,2.981,135.962,8.348,2010,5,7,18,2,Friday,18,May,2010-05,977683.06,1000304.8700000001,37546.75750849054
22,2010-05-14,973585.33,0,50.99,2.983,136.010394,8.348,2010,5,14,19,2,Friday,19,May,2010-05,1052973.28,993459.035,39813.34934494075
22,2010-05-21,979977.89,0,59.99,2.961,136.0796521,8.348,2010,5,21,20,2,Friday,20,May,2010-05,973585.33,996054.89,38037.60557367133
22,2010-05-28,1103740.4,0,65.64,2.906,136.1489101,8.348,2010,5,28,21,2,Friday,21,May,2010-05,979977.89,1027569.225,62253.80844515146
22,2010-06-04,1095539.13,0,69.49,2.857,136.2181682,8.348,2010,6,4,22,2,Friday,22,June,2010-06,1103740.4,1038210.6875,71059.10468637403
22,2010-06-11,1061196.47,0,65.01,2.83,136.2874263,8.348,2010,6,11,23,2,Friday,23,June,2010-06,1095539.13,1060113.4725,56513.0382554822
22,2010-06-18,1052895.25,0,67.13,2.805,136.3243393,8.348,2010,6,18,24,2,Friday,24,June,2010-06,1061196.47,1078342.8125,25048.794280361166
22,2010-06-25,1095020.33,0,74.37,2.81,136.3483143,8.348,2010,6,25,25,2,Friday,25,June,2010-06,1052895.25,1076162.795,22333.96903553716
22,2010-07-02,1120259.71,0,72.88,2.815,136.3722893,8.433,2010,7,2,26,3,Friday,26,July,2010-07,1095020.33,1082342.94,31159.46781874332
22,2010-07-09,1092654.26,0,79.22,2.806,136.3962643,8.433,2010,7,9,27,3,Friday,27,July,2010-07,1120259.71,1090207.3875000002,27835.764123410136
22,2010-07-16,988392.99,0,76.3,2.796,136.4179827,8.433,2010,7,16,28,3,Friday,28,July,2010-07,1092654.26,1074081.8225,58476.00602011787
22,2010-07-23,974123.2,0,76.91,2.784,136.4366924,8.433,2010,7,23,29,3,Friday,29,July,2010-07,988392.99,1043857.54,73388.47762740716
22,2010-07-30,970773.64,0,76.35,2.792,136.4554021,8.433,2010,7,30,30,3,Friday,30,July,2010-07,974123.2,1006486.0225000001,57951.27126271752
22,2010-08-06,1010326.14,0,74.37,2.792,136.4741118,8.433,2010,8,6,31,3,Friday,31,August,2010-08,970773.64,985903.9924999999,17984.72533169005
22,2010-08-13,993097.43,0,74.75,2.81,136.4928214,8.433,2010,8,13,32,3,Friday,32,August,2010-08,1010326.14,987080.1024999999,18351.82580700535
22,2010-08-20,1017045.44,0,73.21,2.796,136.5249182,8.433,2010,8,20,33,3,Friday,33,August,2010-08,993097.43,997810.6625,20654.53129293104
22,2010-08-27,1081420.96,0,68.99,2.77,136.557015,8.433,2010,8,27,34,3,Friday,34,August,2010-08,1017045.44,1025472.4924999999,38638.507973994914
22,2010-09-03,1074535.88,0,75.85,2.735,136.5891118,8.433,2010,9,3,35,3,Friday,35,September,2010-09,1081420.96,1041524.9275,43304.67340666364
22,2010-09-10,924174.4,1,68.6,2.717,136.6212085,8.433,2010,9,10,36,3,Friday,36,September,2010-09,1074535.88,1024294.1699999999,72719.121719334
22,2010-09-17,918285.97,0,62.49,2.716,136.6338071,8.433,2010,9,17,37,3,Friday,37,September,2010-09,924174.4,999604.3025,90574.1834867067
22,2010-09-24,902779.25,0,65.14,2.718,136.6317821,8.433,2010,9,24,38,3,Friday,38,September,2010-09,918285.97,954943.875,80237.06199356029
22,2010-10-01,905987.17,0,69.31,2.717,136.6297571,8.572,2010,10,1,39,4,Friday,39,October,2010-10,902779.25,912806.6975,10104.499755824307
22,2010-10-08,1015051.62,0,56.32,2.776,136.6277321,8.572,2010,10,8,40,4,Friday,40,October,2010-10,905987.17,935526.0025000001,53436.67587003247
22,2010-10-15,954401.46,0,55.23,2.878,136.6401935,8.572,2010,10,15,41,4,Friday,41,October,2010-10,1015051.62,944554.875,52597.2654703168
22,2010-10-22,960998.52,0,50.24,2.919,136.688871,8.572,2010,10,22,42,4,Friday,42,October,2010-10,954401.46,959109.6925,44636.44539229159
22,2010-10-29,1025766.27,0,57.73,2.938,136.7375484,8.572,2010,10,29,43,4,Friday,43,October,2010-10,960998.52,989054.4675,36567.63368438014
22,2010-11-05,1006888.16,0,44.34,2.938,136.7862258,8.572,2010,11,5,44,4,Friday,44,November,2010-11,1025766.27,987013.6025,34819.07346129151
22,2010-11-12,1043698.64,0,44.42,2.961,136.8349032,8.572,2010,11,12,45,4,Friday,45,November,2010-11,1006888.16,1009337.8975,35558.63082786138
22,2010-11-19,985896.44,0,48.62,3.03,136.7715714,8.572,2010,11,19,46,4,Friday,46,November,2010-11,1043698.64,1015562.3775,24840.011987460854
22,2010-11-26,1564502.26,1,44.61,3.07,136.6895714,8.572,2010,11,26,47,4,Friday,47,November,2010-11,985896.44,1150246.375,277201.9943610637
22,2010-12-03,1230514.58,0,39.42,3.065,136.6075714,8.572,2010,12,3,48,4,Friday,48,December,2010-12,1564502.26,1206152.98,260711.87802418033
22,2010-12-10,1367202.84,0,28.43,3.132,136.5255714,8.572,2010,12,10,49,4,Friday,49,December,2010-12,1230514.58,1287029.03,243100.76991202577
22,2010-12-17,1527682.99,0,30.46,3.139,136.5292811,8.572,2010,12,17,50,4,Friday,50,December,2010-12,1367202.84,1422475.6675,153995.97208889015
22,2010-12-24,1962445.04,0,29.76,3.15,136.597273,8.572,2010,12,24,51,4,Friday,51,December,2010-12,1527682.99,1521961.3625,317778.767111732
22,2010-12-31,774262.28,1,28.49,3.177,136.665265,8.572,2010,12,31,52,4,Friday,52,December,2010-12,1962445.04,1407898.2875,491603.2224972609
22,2011-01-07,873954.7,0,32.56,3.193,136.7332569,8.458,2011,1,7,1,1,Friday,1,January,2011-01,774262.28,1284586.2525,562031.2531021901
22,2011-01-14,807535.52,0,24.76,3.215,136.803477,8.458,2011,1,14,2,1,Friday,2,January,2011-01,873954.7,1104549.385,573429.9350835133
22,2011-01-21,855001.02,0,26.8,3.232,136.8870657,8.458,2011,1,21,3,1,Friday,3,January,2011-01,807535.52,827688.38,45266.02330483184
22,2011-01-28,799369.15,0,20.61,3.243,136.9706544,8.458,2011,1,28,4,1,Friday,4,January,2011-01,855001.02,833965.0975,36226.51190212498
22,2011-02-04,946060.98,0,26.39,3.24,137.0542431,8.458,2011,2,4,5,1,Friday,5,February,2011-02,799369.15,851991.6675,67338.86979368003
22,2011-02-11,1009206.33,1,28.89,3.255,137.1378318,8.458,2011,2,11,6,1,Friday,6,February,2011-02,946060.98,902409.37,93409.30058654687
22,2011-02-18,975964.86,0,35.34,3.263,137.2511849,8.458,2011,2,18,7,1,Friday,7,February,2011-02,1009206.33,932650.33,92521.50762702826
22,2011-02-25,911245.43,0,30.23,3.281,137.3764439,8.458,2011,2,25,8,1,Friday,8,February,2011-02,975964.86,960619.4,41816.700873744514
22,2011-03-04,997353.15,0,33.52,3.437,137.5017028,8.458,2011,3,4,9,1,Friday,9,March,2011-03,911245.43,973442.4425,43686.79638911328
22,2011-03-11,944587.23,0,41.42,3.6,137.6269617,8.458,2011,3,11,10,1,Friday,10,March,2011-03,997353.15,957287.6675,37573.34673380657
22,2011-03-18,926427.12,0,43.38,3.634,137.7398929,8.458,2011,3,18,11,1,Friday,11,March,2011-03,944587.23,944903.2325,37529.13581728816
22,2011-03-25,933528.39,0,38.77,3.624,137.8478929,8.458,2011,3,25,12,1,Friday,12,March,2011-03,926427.12,950473.9725,32133.652670047613
22,2011-04-01,951588.37,0,36.04,3.638,137.9558929,8.252,2011,4,1,13,2,Friday,13,April,2011-04,933528.39,939032.7775000001,11220.453472077905
22,2011-04-08,969046.69,0,44.42,3.72,138.0638929,8.252,2011,4,8,14,2,Friday,14,April,2011-04,951588.37,945147.6425000001,19132.105943214785
22,2011-04-15,1008557.04,0,48.88,3.823,138.1646952,8.252,2011,4,15,15,2,Friday,15,April,2011-04,969046.69,965680.1225,32052.432160994995
22,2011-04-22,1152781.9,0,47.76,3.919,138.2475036,8.252,2011,4,22,16,2,Friday,16,April,2011-04,1008557.04,1020493.5,91355.33381870917
22,2011-04-29,926133.8,0,57.2,3.988,138.3303119,8.252,2011,4,29,17,2,Friday,17,April,2011-04,1152781.9,1014129.8574999999,98372.1561413344
22,2011-05-06,1032076.06,0,53.63,4.078,138.4131202,8.252,2011,5,6,18,2,Friday,18,May,2011-05,926133.8,1029887.2000000001,93679.67074624378
22,2011-05-13,1001558.74,0,57.71,4.095,138.4959286,8.252,2011,5,13,19,2,Friday,19,May,2011-05,1032076.06,1028137.625,94274.28776889527
22,2011-05-20,970307.83,0,58.56,4.101,138.587106,8.252,2011,5,20,20,2,Friday,20,May,2011-05,1001558.74,982519.1075,45265.20866652698
22,2011-05-27,1021568.34,0,62.59,4.034,138.6782834,8.252,2011,5,27,21,2,Friday,21,May,2011-05,970307.83,1006377.7424999999,27174.860610432228
22,2011-06-03,1125169.92,0,70.09,3.973,138.7694608,8.252,2011,6,3,22,2,Friday,22,June,2011-06,1021568.34,1029651.2075,67081.99054894198
22,2011-06-10,1060868.49,0,69.53,3.924,138.8606382,8.252,2011,6,10,23,2,Friday,23,June,2011-06,1125169.92,1044478.6449999999,65334.780816972794
22,2011-06-17,1042454.61,0,63.97,3.873,139.0028333,8.252,2011,6,17,24,2,Friday,24,June,2011-06,1060868.49,1062515.34,44748.922545801775
22,2011-06-24,1012584.2,0,68.53,3.851,139.1832917,8.252,2011,6,24,25,2,Friday,25,June,2011-06,1042454.61,1060269.305,47622.408754861084
22,2011-07-01,1077491.68,0,70.8,3.815,139.36375,8.023,2011,7,1,26,3,Friday,26,July,2011-07,1012584.2,1048349.745,27808.26122895395
22,2011-07-08,1017050.65,0,74.22,3.784,139.5442083,8.023,2011,7,8,27,3,Friday,27,July,2011-07,1077491.68,1037395.2849999999,29792.682399155507
22,2011-07-15,961953.57,0,75.2,3.827,139.7006325,8.023,2011,7,15,28,3,Friday,28,July,2011-07,1017050.65,1017270.0249999999,47288.346013318835
22,2011-07-22,964683.8,0,77.79,3.882,139.7969712,8.023,2011,7,22,29,3,Friday,29,July,2011-07,961953.57,1005294.9249999999,54400.68942518444
22,2011-07-29,944958.69,0,75.32,3.898,139.8933099,8.023,2011,7,29,30,3,Friday,30,July,2011-07,964683.8,972161.6775,31172.351486888696
22,2011-08-05,983232.96,0,75.33,3.903,139.9896486,8.023,2011,8,5,31,3,Friday,31,August,2011-08,944958.69,963707.255,15671.533604186488
22,2011-08-12,991779.2,0,74.69,3.88,140.0859873,8.023,2011,8,12,32,3,Friday,32,August,2011-08,983232.96,971163.6625000001,20811.515484630072
22,2011-08-19,973004.91,0,71.3,3.82,140.1289205,8.023,2011,8,19,33,3,Friday,33,August,2011-08,991779.2,973243.94,20358.85463977376
22,2011-08-26,1181815.31,0,72.22,3.796,140.1629528,8.023,2011,8,26,34,3,Friday,34,August,2011-08,973004.91,1032458.095,99866.82013793585
22,2011-09-02,912762.76,0,69.16,3.784,140.196985,8.023,2011,9,2,35,3,Friday,35,September,2011-09,1181815.31,1014840.5449999999,116307.77034284589
22,2011-09-09,1004434.54,1,69.14,3.809,140.2310173,8.023,2011,9,9,36,3,Friday,36,September,2011-09,912762.76,1018004.3799999999,115641.56148143658
22,2011-09-16,937420.65,0,68.08,3.809,140.2735,8.023,2011,9,16,37,3,Friday,37,September,2011-09,1004434.54,1009108.3150000001,121478.58189284474
22,2011-09-23,899834.75,0,62.36,3.758,140.32725,8.023,2011,9,23,38,3,Friday,38,September,2011-09,937420.65,938613.175,46568.53160483223
22,2011-09-30,953314.16,0,69.78,3.684,140.381,8.023,2011,9,30,39,3,Friday,39,September,2011-09,899834.75,948751.0250000001,43369.1726202639
22,2011-10-07,993436.67,0,56.44,3.633,140.43475,7.706,2011,10,7,40,4,Friday,40,October,2011-10,953314.16,946001.5575000001,38766.695936397635
22,2011-10-14,944337.32,0,62.63,3.583,140.4784194,7.706,2011,10,14,41,4,Friday,41,October,2011-10,993436.67,947730.725,38408.97366256983
22,2011-10-21,981567.22,0,59.3,3.618,140.4616048,7.706,2011,10,21,42,4,Friday,42,October,2011-10,944337.32,968163.8425,23141.467708027743
22,2011-10-28,1099351.68,0,49.31,3.604,140.4447903,7.706,2011,10,28,43,4,Friday,43,October,2011-10,981567.22,1004673.2224999999,66494.55844574296
22,2011-11-04,1106575.59,0,42.81,3.586,140.4279758,7.706,2011,11,4,44,4,Friday,44,November,2011-11,1099351.68,1032957.9524999999,82304.93604884043
22,2011-11-11,1051740.29,0,47.8,3.57,140.4111613,7.706,2011,11,11,45,4,Friday,45,November,2011-11,1106575.59,1059808.695,57554.66300271916
22,2011-11-18,1007579.44,0,50.62,3.571,140.4127857,7.706,2011,11,18,46,4,Friday,46,November,2011-11,1051740.29,1066311.75,46096.36815201024
22,2011-11-25,1535857.49,1,46.28,3.536,140.4217857,7.706,2011,11,25,47,4,Friday,47,November,2011-11,1007579.44,1175438.2025000001,243667.71083261483
22,2011-12-02,1167621.14,0,49.11,3.501,140.4307857,7.706,2011,12,2,48,4,Friday,48,December,2011-12,1535857.49,1190699.59,239798.01721401807
22,2011-12-09,1308967.44,0,45.35,3.47,140.4397857,7.706,2011,12,9,49,4,Friday,49,December,2011-12,1167621.14,1255006.3775,224087.34367962804
22,2011-12-16,1453153.33,0,39.11,3.445,140.4700795,7.706,2011,12,16,50,4,Friday,50,December,2011-12,1308967.44,1366399.8499999999,162330.44006403536
22,2011-12-23,1863195.68,0,39.83,3.413,140.528765,7.706,2011,12,23,51,4,Friday,51,December,2011-12,1453153.33,1448234.3975,300197.79457720317
22,2011-12-30,982661.14,1,36.28,3.402,140.5874505,7.706,2011,12,30,52,4,Friday,52,December,2011-12,1863195.68,1401994.3975,365065.40739135596
22,2012-01-06,895358.2,0,34.61,3.439,140.6461359,7.503,2012,1,6,1,1,Friday,1,January,2012-01,982661.14,1298592.0875,449101.4458388581
22,2012-01-13,855437.57,0,39.0,3.523,140.7048214,7.503,2012,1,13,2,1,Friday,2,January,2012-01,895358.2,1149163.1475,478977.0496321922
22,2012-01-20,897027.44,0,29.16,3.542,140.8086118,7.503,2012,1,20,3,1,Friday,3,January,2012-01,855437.57,907621.0874999999,53593.32282746573
22,2012-01-27,786459.23,0,35.68,3.568,140.9124021,7.503,2012,1,27,4,1,Friday,4,January,2012-01,897027.44,858570.6099999999,51775.54640562327
22,2012-02-03,958487.75,0,40.58,3.633,141.0161924,7.503,2012,2,3,5,1,Friday,5,February,2012-02,786459.23,874352.9975,72286.22433025854
22,2012-02-10,1034448.07,1,35.68,3.655,141.1199827,7.503,2012,2,10,6,1,Friday,6,February,2012-02,958487.75,919105.6224999999,104781.27018935408
22,2012-02-17,1004749.41,0,36.25,3.703,141.2140357,7.503,2012,2,17,7,1,Friday,7,February,2012-02,1034448.07,946036.115,110880.94251216005
22,2012-02-24,912958.95,0,39.0,3.751,141.3007857,7.503,2012,2,24,8,1,Friday,8,February,2012-02,1004749.41,977661.045,53268.25841990439
22,2012-03-02,974866.65,0,37.47,3.827,141.3875357,7.503,2012,3,2,9,1,Friday,9,March,2012-03,912958.95,981755.7699999999,51915.470963948166
22,2012-03-09,991127.01,0,41.72,3.876,141.4742857,7.503,2012,3,9,10,1,Friday,10,March,2012-03,974866.65,970925.505,40529.04915486497
22,2012-03-16,966780.01,0,46.06,3.867,141.55478,7.503,2012,3,16,11,1,Friday,11,March,2012-03,991127.01,961433.155,33865.03221834392
22,2012-03-23,992774.4,0,54.68,3.889,141.6269332,7.503,2012,3,23,12,1,Friday,12,March,2012-03,966780.01,981387.0175000001,12654.640710568154
22,2012-03-30,965769.93,0,46.4,3.921,141.6990864,7.503,2012,3,30,13,1,Friday,13,March,2012-03,992774.4,979112.8375,14844.869433564318
22,2012-04-06,1197489.66,0,46.38,3.957,141.7712396,7.671,2012,4,6,14,2,Friday,14,April,2012-04,965769.93,1030703.5,111891.04950960045
22,2012-04-13,939118.24,0,49.89,4.025,141.8433929,7.671,2012,4,13,15,2,Friday,15,April,2012-04,1197489.66,1023788.0575000001,117854.67714758415
22,2012-04-20,1000342.87,0,58.81,4.046,141.9015262,7.671,2012,4,20,16,2,Friday,16,April,2012-04,939118.24,1025680.1749999999,117249.99531987411
22,2012-04-27,922539.94,0,51.42,4.023,141.9596595,7.671,2012,4,27,17,2,Friday,17,April,2012-04,1000342.87,1014872.6775,126259.18688499031
22,2012-05-04,1005083.31,0,50.75,3.991,142.0177929,7.671,2012,5,4,18,2,Friday,18,May,2012-05,922539.94,966771.09,42094.993198483346
22,2012-05-11,997868.63,0,56.72,3.947,142.0759262,7.671,2012,5,11,19,2,Friday,19,May,2012-05,1005083.31,981458.6875,39393.06265821471
22,2012-05-18,986612.02,0,61.9,3.899,142.0970115,7.671,2012,5,18,20,2,Friday,20,May,2012-05,997868.63,978025.9750000001,37763.52112605377
22,2012-05-25,1047297.38,0,62.39,3.85,142.1032776,7.671,2012,5,25,21,2,Friday,21,May,2012-05,986612.02,1009215.3350000001,26501.404650370143
22,2012-06-01,1102857.37,0,70.01,3.798,142.1095438,7.671,2012,6,1,22,2,Friday,22,June,2012-06,1047297.38,1033658.8500000001,53131.248593922566
22,2012-06-08,1061134.37,0,61.71,3.746,142.1158099,7.671,2012,6,8,23,2,Friday,23,June,2012-06,1102857.37,1049475.2850000001,48104.45100207336
22,2012-06-15,1061219.19,0,66.56,3.683,142.1292548,7.671,2012,6,15,24,2,Friday,24,June,2012-06,1061134.37,1068127.0775000001,24060.24648647028
22,2012-06-22,1112449.3,0,70.61,3.629,142.1606464,7.671,2012,6,22,25,2,Friday,25,June,2012-06,1061219.19,1084415.0575,27117.499408103275
22,2012-06-29,1053881.78,0,70.99,3.577,142.1920381,7.671,2012,6,29,26,2,Friday,26,June,2012-06,1112449.3,1072171.1600000001,27071.426283246958
22,2012-07-06,1097786.14,0,77.41,3.538,142.2234298,7.753,2012,7,6,27,3,Friday,27,July,2012-07,1053881.78,1081334.1025,28266.96994073268
22,2012-07-13,971361.38,0,75.81,3.561,142.2548214,7.753,2012,7,13,28,3,Friday,28,July,2012-07,1097786.14,1058869.65,63424.09703357036
22,2012-07-20,991969.37,0,76.57,3.61,142.2337569,7.753,2012,7,20,29,3,Friday,29,July,2012-07,971361.38,1028749.6675,57861.511215216895
22,2012-07-27,925731.21,0,73.52,3.701,142.2126924,7.753,2012,7,27,30,3,Friday,30,July,2012-07,991969.37,996712.0249999999,72845.50043176206
22,2012-08-03,1007257.83,0,72.99,3.698,142.1916279,7.753,2012,8,3,31,3,Friday,31,August,2012-08,925731.21,974079.9475,35429.71611356023
22,2012-08-10,973812.79,0,76.74,3.772,142.1705634,7.753,2012,8,10,32,3,Friday,32,August,2012-08,1007257.83,974692.7999999999,35388.19371293733
22,2012-08-17,981273.26,0,74.92,3.84,142.2157385,7.753,2012,8,17,33,3,Friday,33,August,2012-08,973812.79,972018.7725000001,34025.44956037474
22,2012-08-24,1060906.75,0,70.42,3.874,142.3105933,7.753,2012,8,24,34,3,Friday,34,August,2012-08,981273.26,1005812.6575,39427.65992562776
22,2012-08-31,1022270.86,0,71.93,3.884,142.4054482,7.753,2012,8,31,35,3,Friday,35,August,2012-08,1060906.75,1009565.915,40315.65965462994
22,2012-09-07,996628.8,1,73.3,3.921,142.500303,7.753,2012,9,7,36,3,Friday,36,September,2012-09,1022270.86,1015269.9175000001,34808.991459781486
22,2012-09-14,918049.28,0,66.42,3.988,142.5938833,7.753,2012,9,14,37,3,Friday,37,September,2012-09,996628.8,999463.9225,60364.88875252865
22,2012-09-21,921612.53,0,63.38,4.056,142.6798167,7.753,2012,9,21,38,3,Friday,38,September,2012-09,918049.28,964640.3675,52809.90347134331
22,2012-09-28,976479.51,0,62.17,4.018,142.76575,7.753,2012,9,28,39,3,Friday,39,September,2012-09,921612.53,953192.53,39418.00523278229
22,2012-10-05,1009887.36,0,62.09,4.027,142.8516833,7.543,2012,10,5,40,4,Friday,40,October,2012-10,976479.51,956507.1699999999,44515.855802521044
22,2012-10-12,1004039.84,0,54.18,4.029,142.9376167,7.543,2012,10,12,41,4,Friday,41,October,2012-10,1009887.36,978004.81,40318.46378228747
22,2012-10-19,978027.95,0,55.28,4.0,142.8633629,7.543,2012,10,19,42,4,Friday,42,October,2012-10,1004039.84,992108.6649999999,17329.858180877236
22,2012-10-26,1094422.69,0,57.58,3.917,142.7624113,7.543,2012,10,26,43,4,Friday,43,October,2012-10,978027.95,1021594.46,50488.32456540948
23,2010-02-26,1198709.65,0,32.68,2.753,131.686,5.892,2010,2,26,8,1,Friday,8,February,2010-02,1319588.04,1315977.8375,82370.44913859438
23,2010-03-05,1311175.93,0,33.15,2.766,131.735,5.892,2010,3,5,9,1,Friday,9,March,2010-03,1198709.65,1302591.425,75905.63088057192
23,2010-03-12,1408082.96,0,36.07,2.805,131.784,5.892,2010,3,12,10,1,Friday,10,March,2010-03,1311175.93,1309389.145,85824.68524569235
23,2010-03-19,1229008.32,0,43.01,2.834,131.8242903,5.892,2010,3,19,11,1,Friday,11,March,2010-03,1408082.96,1286744.2149999999,93814.56521991747
23,2010-03-26,1310701.8,0,38.59,2.831,131.863129,5.892,2010,3,26,12,1,Friday,12,March,2010-03,1229008.32,1314742.2525,73238.96679385418
23,2010-04-02,1556627.62,0,40.5,2.826,131.9019677,5.435,2010,4,2,13,2,Friday,13,April,2010-04,1310701.8,1376105.175,140861.6556466733
23,2010-04-09,1264434.7,0,56.82,2.849,131.9408065,5.435,2010,4,9,14,2,Friday,14,April,2010-04,1556627.62,1340193.11,148115.9778659147
23,2010-04-16,1288823.72,0,44.25,2.885,131.9809,5.435,2010,4,16,15,2,Friday,15,April,2010-04,1264434.7,1355146.96,135643.30046100868
23,2010-04-23,1315023.08,0,46.4,2.895,132.0226667,5.435,2010,4,23,16,2,Friday,16,April,2010-04,1288823.72,1356227.28,135187.7706666862
23,2010-04-30,1259414.52,0,45.47,2.935,132.0644333,5.435,2010,4,30,17,2,Friday,17,April,2010-04,1315023.08,1281924.0050000001,25532.381644263165
23,2010-05-07,1365552.28,0,61.04,2.981,132.1062,5.435,2010,5,7,18,2,Friday,18,May,2010-05,1259414.52,1307203.4,45045.63937872153
23,2010-05-14,1303055.09,0,45.33,2.983,132.152129,5.435,2010,5,14,19,2,Friday,19,May,2010-05,1365552.28,1310761.2425000002,43650.47440386708
23,2010-05-21,1327424.28,0,57.94,2.961,132.2230323,5.435,2010,5,21,20,2,Friday,20,May,2010-05,1303055.09,1313861.5425,44486.46935319387
23,2010-05-28,1571158.56,0,69.26,2.906,132.2939355,5.435,2010,5,28,21,2,Friday,21,May,2010-05,1327424.28,1391797.5525,122308.80072305723
23,2010-06-04,1514435.51,0,64.94,2.857,132.3648387,5.435,2010,6,4,22,2,Friday,22,June,2010-06,1571158.56,1429018.3599999999,133775.96751073783
23,2010-06-11,1439432.06,0,58.35,2.83,132.4357419,5.435,2010,6,11,23,2,Friday,23,June,2010-06,1514435.51,1463112.6025,105324.98709914295
23,2010-06-18,1507708.93,0,60.29,2.805,132.4733333,5.435,2010,6,18,24,2,Friday,24,June,2010-06,1439432.06,1508183.7650000001,53950.38316058439
23,2010-06-25,1415204.88,0,69.83,2.81,132.4976,5.435,2010,6,25,25,2,Friday,25,June,2010-06,1507708.93,1469195.345,49432.75635880563
23,2010-07-02,1549113.18,0,64.76,2.815,132.5218667,5.326,2010,7,2,26,3,Friday,26,July,2010-07,1415204.88,1477864.7625,61563.90941233319
23,2010-07-09,1417535.78,0,77.16,2.806,132.5461333,5.326,2010,7,9,27,3,Friday,27,July,2010-07,1549113.18,1472390.6925,66865.52815156223
23,2010-07-16,1413124.11,0,73.94,2.796,132.5667742,5.326,2010,7,16,28,3,Friday,28,July,2010-07,1417535.78,1448744.4875,66936.7224137265
23,2010-07-23,1333634.45,0,70.2,2.784,132.5825806,5.326,2010,7,23,29,3,Friday,29,July,2010-07,1413124.11,1428351.88,89262.82563657718
23,2010-07-30,1319773.55,0,69.71,2.792,132.5983871,5.326,2010,7,30,30,3,Friday,30,July,2010-07,1333634.45,1371016.9725000001,51511.655048938825
23,2010-08-06,1417013.07,0,70.03,2.792,132.6141935,5.326,2010,8,6,31,3,Friday,31,August,2010-08,1319773.55,1370886.295,51354.73053580044
23,2010-08-13,1346345.97,0,67.43,2.81,132.63,5.326,2010,8,13,32,3,Friday,32,August,2010-08,1417013.07,1354191.76,43263.87863980952
23,2010-08-20,1439901.05,0,68.65,2.796,132.6616129,5.326,2010,8,20,33,3,Friday,33,August,2010-08,1346345.97,1380758.4100000001,56908.17578596407
23,2010-08-27,1584623.36,0,63.25,2.77,132.6932258,5.326,2010,8,27,34,3,Friday,34,August,2010-08,1439901.05,1446970.8625,100035.04492407083
23,2010-09-03,1405119.23,0,72.91,2.735,132.7248387,5.326,2010,9,3,35,3,Friday,35,September,2010-09,1584623.36,1443997.4025,101389.93144101015
23,2010-09-10,1272842.85,1,63.21,2.717,132.7564516,5.326,2010,9,10,36,3,Friday,36,September,2010-09,1405119.23,1425621.6225,128123.84113632377
23,2010-09-17,1159132.58,0,55.3,2.716,132.7670667,5.326,2010,9,17,37,3,Friday,37,September,2010-09,1272842.85,1355429.505,182895.17060225294
23,2010-09-24,1099055.65,0,57.75,2.718,132.7619333,5.326,2010,9,24,38,3,Friday,38,September,2010-09,1159132.58,1234037.5775000001,134914.36839469778
23,2010-10-01,1129909.44,0,62.07,2.717,132.7568,5.287,2010,10,1,39,4,Friday,39,October,2010-10,1099055.65,1165235.13,75816.20422035536
23,2010-10-08,1179851.68,0,50.75,2.776,132.7516667,5.287,2010,10,8,40,4,Friday,40,October,2010-10,1129909.44,1141987.3375,35197.88427808197
23,2010-10-15,1119809.71,0,45.55,2.878,132.7633548,5.287,2010,10,15,41,4,Friday,41,October,2010-10,1179851.68,1132156.62,34292.8027815628
23,2010-10-22,1147503.92,0,43.19,2.919,132.8170968,5.287,2010,10,22,42,4,Friday,42,October,2010-10,1119809.71,1144268.6875,26337.84130420423
23,2010-10-29,1112871.23,0,48.68,2.938,132.8708387,5.287,2010,10,29,43,4,Friday,43,October,2010-10,1147503.92,1140009.135,30485.42193898237
23,2010-11-05,1203119.96,0,36.6,2.938,132.9245806,5.287,2010,11,5,44,4,Friday,44,November,2010-11,1112871.23,1145826.205,41021.44755676539
23,2010-11-12,1387953.75,0,35.59,2.961,132.9783226,5.287,2010,11,12,45,4,Friday,45,November,2010-11,1203119.96,1212862.2149999999,122504.23253602153
23,2010-11-19,1314994.32,0,41.66,3.03,132.9172,5.287,2010,11,19,46,4,Friday,46,November,2010-11,1387953.75,1254734.815,121336.80753877184
23,2010-11-26,2072685.05,1,34.95,3.07,132.8369333,5.287,2010,11,26,47,4,Friday,47,November,2010-11,1314994.32,1494688.27,392757.1474048806
23,2010-12-03,1617025.41,0,34.3,3.065,132.7566667,5.287,2010,12,3,48,4,Friday,48,December,2010-12,2072685.05,1598164.6325,341515.9325493004
23,2010-12-10,1872365.99,0,20.12,3.132,132.6764,5.287,2010,12,10,49,4,Friday,49,December,2010-12,1617025.41,1719267.6925,327736.35813105135
23,2010-12-17,2238573.48,0,23.05,3.139,132.6804516,5.287,2010,12,17,50,4,Friday,50,December,2010-12,1872365.99,1950162.4825,267846.5271661545
23,2010-12-24,2734277.1,0,22.96,3.15,132.7477419,5.287,2010,12,24,51,4,Friday,51,December,2010-12,2238573.48,2115560.495,484982.2093023918
23,2010-12-31,1169773.85,1,19.05,3.177,132.8150323,5.287,2010,12,31,52,4,Friday,52,December,2010-12,2734277.1,2003747.605,658683.0010010574
23,2011-01-07,1122034.48,0,27.81,3.193,132.8823226,5.114,2011,1,7,1,1,Friday,1,January,2011-01,1169773.85,1816164.7275,800207.7750467511
23,2011-01-14,1016756.1,0,18.2,3.215,132.9510645,5.114,2011,1,14,2,1,Friday,2,January,2011-01,1122034.48,1510710.3825,818212.079628733
23,2011-01-21,1110706.06,0,15.58,3.232,133.0285161,5.114,2011,1,21,3,1,Friday,3,January,2011-01,1016756.1,1104817.6225,64044.87258794532
23,2011-01-28,1083657.61,0,10.91,3.243,133.1059677,5.114,2011,1,28,4,1,Friday,4,January,2011-01,1110706.06,1083288.5625,47186.40360122297
23,2011-02-04,1159438.53,0,14.5,3.24,133.1834194,5.114,2011,2,4,5,1,Friday,5,February,2011-02,1083657.61,1092639.5750000002,59518.83663369696
23,2011-02-11,1249786.4,1,21.52,3.255,133.260871,5.114,2011,2,11,6,1,Friday,6,February,2011-02,1159438.53,1150897.15,73003.46656761898
23,2011-02-18,1369971.57,0,26.6,3.263,133.3701429,5.114,2011,2,18,7,1,Friday,7,February,2011-02,1249786.4,1215713.5275,123237.09534433551
23,2011-02-25,1206917.2,0,17.0,3.281,133.4921429,5.114,2011,2,25,8,1,Friday,8,February,2011-02,1369971.57,1246528.4249999998,90189.65832382506
23,2011-03-04,1301185.28,0,20.67,3.437,133.6141429,5.114,2011,3,4,9,1,Friday,9,March,2011-03,1206917.2,1281965.1125,70195.46544992352
23,2011-03-11,1042043.55,0,29.36,3.6,133.7361429,5.114,2011,3,11,10,1,Friday,10,March,2011-03,1301185.28,1230029.4,142032.65327844795
23,2011-03-18,1203682.62,0,37.28,3.634,133.8492258,5.114,2011,3,18,11,1,Friday,11,March,2011-03,1042043.55,1188457.1625,107575.03108835468
23,2011-03-25,1148624.83,0,29.11,3.624,133.9587419,5.114,2011,3,25,12,1,Friday,12,March,2011-03,1203682.62,1173884.07,108187.34301943764
23,2011-04-01,1182694.95,0,29.44,3.638,134.0682581,4.781,2011,4,1,13,2,Friday,13,April,2011-04,1148624.83,1144261.4875,71822.80866096675
23,2011-04-08,1248901.98,0,36.74,3.72,134.1777742,4.781,2011,4,8,14,2,Friday,14,April,2011-04,1182694.95,1195976.095,41948.66283217236
23,2011-04-15,1263680.51,0,45.51,3.823,134.2784667,4.781,2011,4,15,15,2,Friday,15,April,2011-04,1248901.98,1210975.5675,54478.22660484148
23,2011-04-22,1447301.24,0,39.62,3.919,134.3571,4.781,2011,4,22,16,2,Friday,16,April,2011-04,1263680.51,1285644.67,113378.33576891499
23,2011-04-29,1173307.4,0,54.2,3.988,134.4357333,4.781,2011,4,29,17,2,Friday,17,April,2011-04,1447301.24,1283297.7825,116279.73014016729
23,2011-05-06,1359921.13,0,50.07,4.078,134.5143667,4.781,2011,5,6,18,2,Friday,18,May,2011-05,1173307.4,1311052.57,118560.36459713454
23,2011-05-13,1254914.87,0,55.12,4.095,134.593,4.781,2011,5,13,19,2,Friday,19,May,2011-05,1359921.13,1308861.16,119802.33768129682
23,2011-05-20,1337617.55,0,56.67,4.101,134.6803871,4.781,2011,5,20,20,2,Friday,20,May,2011-05,1254914.87,1281440.2374999998,85071.43389358572
23,2011-05-27,1361945.18,0,63.27,4.034,134.7677742,4.781,2011,5,27,21,2,Friday,21,May,2011-05,1337617.55,1328599.6825,50344.57535963783
23,2011-06-03,1562161.97,0,67.21,3.973,134.8551613,4.781,2011,6,3,22,2,Friday,22,June,2011-06,1361945.18,1379159.8925,130318.4542216841
23,2011-06-10,1447028.06,0,65.23,3.924,134.9425484,4.781,2011,6,10,23,2,Friday,23,June,2011-06,1562161.97,1427188.19,101474.28513828169
23,2011-06-17,1470520.83,0,61.06,3.873,135.0837333,4.781,2011,6,17,24,2,Friday,24,June,2011-06,1447028.06,1460414.0099999998,82320.69264700137
23,2011-06-24,1434036.18,0,63.8,3.851,135.2652667,4.781,2011,6,24,25,2,Friday,25,June,2011-06,1470520.83,1478436.76,57822.97893091787
23,2011-07-01,1492507.44,0,65.65,3.815,135.4468,4.584,2011,7,1,26,3,Friday,26,July,2011-07,1434036.18,1461023.1275,25856.176154994137
23,2011-07-08,1379488.05,0,69.92,3.784,135.6283333,4.584,2011,7,8,27,3,Friday,27,July,2011-07,1492507.44,1444138.125,49387.31026952755
23,2011-07-15,1360520.56,0,69.8,3.827,135.7837419,4.584,2011,7,15,28,3,Friday,28,July,2011-07,1379488.05,1416638.0574999999,59408.62577765908
23,2011-07-22,1362144.0,0,76.74,3.882,135.8738387,4.584,2011,7,22,29,3,Friday,29,July,2011-07,1360520.56,1398665.0125,63147.81785717831
23,2011-07-29,1319767.55,0,69.55,3.898,135.9639355,4.584,2011,7,29,30,3,Friday,30,July,2011-07,1362144.0,1355480.04,25308.639440011244
23,2011-08-05,1416344.68,0,69.53,3.903,136.0540323,4.584,2011,8,5,31,3,Friday,31,August,2011-08,1319767.55,1364694.1975,39623.64090347953
23,2011-08-12,1380952.05,0,69.86,3.88,136.144129,4.584,2011,8,12,32,3,Friday,32,August,2011-08,1416344.68,1369802.07,40218.71797794731
23,2011-08-19,1453416.53,0,67.09,3.82,136.183129,4.584,2011,8,19,33,3,Friday,33,August,2011-08,1380952.05,1392620.2025000001,56870.31747518602
23,2011-08-26,1637266.29,0,67.04,3.796,136.2136129,4.584,2011,8,26,34,3,Friday,34,August,2011-08,1453416.53,1471994.8875000002,114084.08551964344
23,2011-09-02,1464295.69,0,65.33,3.784,136.2440968,4.584,2011,9,2,35,3,Friday,35,September,2011-09,1637266.29,1483982.6400000001,108678.49053347802
23,2011-09-09,1423289.9,1,66.04,3.809,136.2745806,4.584,2011,9,9,36,3,Friday,36,September,2011-09,1464295.69,1494567.1025,96700.95783946448
23,2011-09-16,1253329.17,0,60.52,3.809,136.3145,4.584,2011,9,16,37,3,Friday,37,September,2011-09,1423289.9,1444545.2625000002,157635.50603958094
23,2011-09-23,1289082.81,0,57.14,3.758,136.367,4.584,2011,9,23,38,3,Friday,38,September,2011-09,1253329.17,1357499.3925,102088.3670380649
23,2011-09-30,1275597.85,0,64.76,3.684,136.4195,4.584,2011,9,30,39,3,Friday,39,September,2011-09,1289082.81,1310324.9325,76739.38331022426
23,2011-10-07,1463501.99,0,49.0,3.633,136.472,4.42,2011,10,7,40,4,Friday,40,October,2011-10,1275597.85,1320377.955,96548.21398147971
23,2011-10-14,1257778.34,0,56.79,3.583,136.5150968,4.42,2011,10,14,41,4,Friday,41,October,2011-10,1463501.99,1321490.2475,95538.64195320923
23,2011-10-21,1441032.59,0,52.12,3.618,136.5017742,4.42,2011,10,21,42,4,Friday,42,October,2011-10,1257778.34,1359477.6925000001,107781.94353005705
23,2011-10-28,1407191.96,0,42.57,3.604,136.4884516,4.42,2011,10,28,43,4,Friday,43,October,2011-10,1441032.59,1392376.22,92668.6084063582
23,2011-11-04,1428436.33,0,39.18,3.586,136.475129,4.42,2011,11,4,44,4,Friday,44,November,2011-11,1407191.96,1383609.805,85042.08605003213
23,2011-11-11,1436940.78,0,44.04,3.57,136.4618065,4.42,2011,11,11,45,4,Friday,45,November,2011-11,1428436.33,1428400.415,15080.998341612596
23,2011-11-18,1345631.96,0,45.48,3.571,136.4666667,4.42,2011,11,18,46,4,Friday,46,November,2011-11,1436940.78,1404550.2575,41223.111558511286
23,2011-11-25,2057059.53,1,35.23,3.536,136.4788,4.42,2011,11,25,47,4,Friday,47,November,2011-11,1345631.96,1567017.1500000001,329280.7526775343
23,2011-12-02,1552886.59,0,43.6,3.501,136.4909333,4.42,2011,12,2,48,4,Friday,48,December,2011-12,2057059.53,1598129.715,317490.4221663885
23,2011-12-09,1841173.6,0,36.4,3.47,136.5030667,4.42,2011,12,9,49,4,Friday,49,December,2011-12,1552886.59,1699187.92,313388.9588463222
23,2011-12-16,2173621.2,0,32.99,3.445,136.5335161,4.42,2011,12,16,50,4,Friday,50,December,2011-12,1841173.6,1906185.23,272843.9685433399
23,2011-12-23,2587953.32,0,27.8,3.413,136.5883871,4.42,2011,12,23,51,4,Friday,51,December,2011-12,2173621.2,2038908.6775,445314.1638544087
23,2011-12-30,1213486.95,1,22.3,3.402,136.6432581,4.42,2011,12,30,52,4,Friday,52,December,2011-12,2587953.32,1954058.7675,580580.0672233612
23,2012-01-06,1150662.55,0,24.29,3.439,136.698129,4.261,2012,1,6,1,1,Friday,1,January,2012-01,1213486.95,1781431.0050000001,712909.6920555056
23,2012-01-13,1031451.35,0,28.49,3.523,136.753,4.261,2012,1,13,2,1,Friday,2,January,2012-01,1150662.55,1495888.5425,731946.9537649918
23,2012-01-20,1146992.13,0,15.33,3.542,136.8564194,4.261,2012,1,20,3,1,Friday,3,January,2012-01,1031451.35,1135648.245,75872.63451611022
23,2012-01-27,1037476.38,0,25.71,3.568,136.9598387,4.261,2012,1,27,4,1,Friday,4,January,2012-01,1146992.13,1091645.6025,66090.5714375251
23,2012-02-03,1261872.67,0,29.71,3.633,137.0632581,4.261,2012,2,3,5,1,Friday,5,February,2012-02,1037476.38,1119448.1324999998,108790.65924769448
23,2012-02-10,1358444.07,1,26.6,3.655,137.1666774,4.261,2012,2,10,6,1,Friday,6,February,2012-02,1261872.67,1201196.3125,139224.98254808737
23,2012-02-17,1365546.69,0,27.01,3.703,137.2583103,4.261,2012,2,17,7,1,Friday,7,February,2012-02,1358444.07,1255834.9525,153060.13693561347
23,2012-02-24,1272948.27,0,31.12,3.751,137.3411034,4.261,2012,2,24,8,1,Friday,8,February,2012-02,1365546.69,1314702.925,54872.16435443689
23,2012-03-02,1322852.2,0,25.91,3.827,137.4238966,4.261,2012,3,2,9,1,Friday,9,March,2012-03,1272948.27,1329947.8075,42342.30482124747
23,2012-03-09,1292724.9,0,33.11,3.876,137.5066897,4.261,2012,3,9,10,1,Friday,10,March,2012-03,1322852.2,1313518.015,40300.40476487721
23,2012-03-16,1258364.31,0,41.19,3.867,137.5843871,4.261,2012,3,16,11,1,Friday,11,March,2012-03,1292724.9,1286722.42,27900.42042690547
23,2012-03-23,1288154.1,0,57.82,3.889,137.6552903,4.261,2012,3,23,12,1,Friday,12,March,2012-03,1258364.31,1290523.8775,26393.298157530502
23,2012-03-30,1261964.96,0,36.71,3.921,137.7261935,4.261,2012,3,30,13,1,Friday,13,March,2012-03,1288154.1,1275302.0675,17639.878091986157
23,2012-04-06,1604605.69,0,37.43,3.957,137.7970968,4.125,2012,4,6,14,2,Friday,14,April,2012-04,1261964.96,1353272.2650000001,168080.74429059713
23,2012-04-13,1231752.54,0,41.81,4.025,137.868,4.125,2012,4,13,15,2,Friday,15,April,2012-04,1604605.69,1346619.3225,173527.98705108417
23,2012-04-20,1287899.41,0,56.55,4.046,137.9230667,4.125,2012,4,20,16,2,Friday,16,April,2012-04,1231752.54,1346555.65,173556.63488257263
23,2012-04-27,1277758.76,0,44.62,4.023,137.9781333,4.125,2012,4,27,17,2,Friday,17,April,2012-04,1287899.41,1350504.1,171153.71526269772
23,2012-05-04,1317379.68,0,45.88,3.991,138.0332,4.125,2012,5,4,18,2,Friday,18,May,2012-05,1277758.76,1278697.5975,35523.21634908917
23,2012-05-11,1321914.34,0,52.9,3.947,138.0882667,4.125,2012,5,11,19,2,Friday,19,May,2012-05,1317379.68,1301238.0474999999,21735.20618087527
23,2012-05-18,1332952.47,0,58.42,3.899,138.1065806,4.125,2012,5,18,20,2,Friday,20,May,2012-05,1321914.34,1312501.3125,24067.255441689456
23,2012-05-25,1552934.64,0,66.43,3.85,138.1101935,4.125,2012,5,25,21,2,Friday,21,May,2012-05,1332952.47,1381295.2825,114612.96776332287
23,2012-06-01,1476144.34,0,66.22,3.798,138.1138065,4.125,2012,6,1,22,2,Friday,22,June,2012-06,1552934.64,1420986.4475,112572.91309490717
23,2012-06-08,1568048.54,0,56.82,3.746,138.1174194,4.125,2012,6,8,23,2,Friday,23,June,2012-06,1476144.34,1482519.9974999998,107524.33484502805
23,2012-06-15,1543667.68,0,64.73,3.683,138.1295333,4.125,2012,6,15,24,2,Friday,24,June,2012-06,1568048.54,1535198.7999999998,40631.74708245695
23,2012-06-22,1522042.57,0,71.82,3.629,138.1629,4.125,2012,6,22,25,2,Friday,25,June,2012-06,1543667.68,1527475.7825,39041.69985628353
23,2012-06-29,1451782.16,0,64.23,3.577,138.1962667,4.125,2012,6,29,26,2,Friday,26,June,2012-06,1522042.57,1521385.2375,50063.26506684009
23,2012-07-06,1545370.16,0,70.86,3.538,138.2296333,4.156,2012,7,6,27,3,Friday,27,July,2012-07,1451782.16,1515715.6425,43925.038435674796
23,2012-07-13,1384921.63,0,69.19,3.561,138.263,4.156,2012,7,13,28,3,Friday,28,July,2012-07,1545370.16,1476029.1300000001,72603.73546984344
23,2012-07-20,1381339.23,0,71.13,3.61,138.2331935,4.156,2012,7,20,29,3,Friday,29,July,2012-07,1384921.63,1440853.295,76840.72323560556
23,2012-07-27,1322932.36,0,69.31,3.701,138.2033871,4.156,2012,7,27,30,3,Friday,30,July,2012-07,1381339.23,1408640.845,95479.19376001779
23,2012-08-03,1416926.31,0,71.51,3.698,138.1735806,4.156,2012,8,3,31,3,Friday,31,August,2012-08,1322932.36,1376529.8824999998,39149.78510958799
23,2012-08-10,1436311.76,0,71.12,3.772,138.1437742,4.156,2012,8,10,32,3,Friday,32,August,2012-08,1416926.31,1389377.415,49804.05642230245
23,2012-08-17,1510131.45,0,69.97,3.84,138.1857097,4.156,2012,8,17,33,3,Friday,33,August,2012-08,1436311.76,1421575.4700000002,77052.79072580097
23,2012-08-24,1702220.96,0,64.63,3.874,138.2814516,4.156,2012,8,24,34,3,Friday,34,August,2012-08,1510131.45,1516397.62,130227.8324837915
23,2012-08-31,1577468.78,0,68.34,3.884,138.3771935,4.156,2012,8,31,35,3,Friday,35,August,2012-08,1702220.96,1556533.2374999998,112944.73421764489
23,2012-09-07,1427162.26,1,66.74,3.921,138.4729355,4.156,2012,9,7,36,3,Friday,36,September,2012-09,1577468.78,1554245.8624999998,116235.76155375384
23,2012-09-14,1279041.64,0,61.37,3.988,138.5673,4.156,2012,9,14,37,3,Friday,37,September,2012-09,1427162.26,1496473.4100000001,183460.18134016104
23,2012-09-21,1338627.55,0,56.8,4.056,138.6534,4.156,2012,9,21,38,3,Friday,38,September,2012-09,1279041.64,1405575.0574999999,129751.21534610688
23,2012-09-28,1319035.06,0,53.71,4.018,138.7395,4.156,2012,9,28,39,3,Friday,39,September,2012-09,1338627.55,1340966.6275,62585.55764048011
23,2012-10-05,1464616.59,0,56.65,4.027,138.8256,4.145,2012,10,5,40,4,Friday,40,October,2012-10,1319035.06,1350330.21,80124.43557939238
23,2012-10-12,1412925.25,0,48.1,4.029,138.9117,4.145,2012,10,12,41,4,Friday,41,October,2012-10,1464616.59,1383801.1125,67366.28507408047
23,2012-10-19,1363155.77,0,47.89,4.0,138.8336129,4.145,2012,10,19,42,4,Friday,42,October,2012-10,1412925.25,1389933.1675000002,62848.54842650319
23,2012-10-26,1347454.59,0,50.56,3.917,138.7281613,4.145,2012,10,26,43,4,Friday,43,October,2012-10,1363155.77,1397038.05,52996.19670612281
24,2010-02-26,1158722.74,0,33.98,2.91,131.686,8.326,2010,2,26,8,1,Friday,8,February,2010-02,1385362.49,1336729.49,119362.84296040957
24,2010-03-05,1412387.37,0,36.73,2.919,131.735,8.326,2010,3,5,9,1,Friday,9,March,2010-03,1158722.74,1342644.925,123319.38423596419
24,2010-03-12,1309340.16,0,42.31,2.938,131.784,8.326,2010,3,12,10,1,Friday,10,March,2010-03,1412387.37,1316453.19,113843.97008149035
24,2010-03-19,1222511.29,0,46.09,2.96,131.8242903,8.326,2010,3,19,11,1,Friday,11,March,2010-03,1309340.16,1275740.39,110042.12706278417
24,2010-03-26,1258311.56,0,48.87,2.963,131.863129,8.326,2010,3,26,12,1,Friday,12,March,2010-03,1222511.29,1300637.595,82581.19160741966
24,2010-04-02,1478321.26,0,45.22,2.957,131.9019677,8.211,2010,4,2,13,2,Friday,13,April,2010-04,1258311.56,1317121.0675,113218.98067396153
24,2010-04-09,1379579.63,0,62.06,2.992,131.9408065,8.211,2010,4,9,14,2,Friday,14,April,2010-04,1478321.26,1334680.935,116993.94069227861
24,2010-04-16,1268266.72,0,51.08,3.01,131.9809,8.211,2010,4,16,15,2,Friday,15,April,2010-04,1379579.63,1346119.7925,103871.9970719478
24,2010-04-23,1264117.01,0,51.07,3.021,132.0226667,8.211,2010,4,23,16,2,Friday,16,April,2010-04,1268266.72,1347571.155,102264.23317023217
24,2010-04-30,1259877.19,0,51.48,3.042,132.0644333,8.211,2010,4,30,17,2,Friday,17,April,2010-04,1264117.01,1292960.1375,57847.814041257734
24,2010-05-07,1409705.03,0,66.65,3.095,132.1062,8.211,2010,5,7,18,2,Friday,18,May,2010-05,1259877.19,1300491.4875,72889.54493077139
24,2010-05-14,1346783.35,0,51.31,3.112,132.152129,8.211,2010,5,14,19,2,Friday,19,May,2010-05,1409705.03,1320120.645,71884.03364052282
24,2010-05-21,1283482.85,0,60.44,3.096,132.2230323,8.211,2010,5,21,20,2,Friday,20,May,2010-05,1346783.35,1324962.105,67364.93852348276
24,2010-05-28,1473868.15,0,69.59,3.046,132.2939355,8.211,2010,5,28,21,2,Friday,21,May,2010-05,1283482.85,1378459.845,81859.70959182183
24,2010-06-04,1566668.91,0,71.99,3.006,132.3648387,8.211,2010,6,4,22,2,Friday,22,June,2010-06,1473868.15,1417700.815,127003.95245778588
24,2010-06-11,1375458.21,0,64.84,2.972,132.4357419,8.211,2010,6,11,23,2,Friday,23,June,2010-06,1566668.91,1424869.53,122392.26658011462
24,2010-06-18,1354168.18,0,67.17,2.942,132.4733333,8.211,2010,6,18,24,2,Friday,24,June,2010-06,1375458.21,1442540.8624999998,97807.60774253275
24,2010-06-25,1399073.75,0,74.9,2.958,132.4976,8.211,2010,6,25,25,2,Friday,25,June,2010-06,1354168.18,1423842.2625,96968.07852087452
24,2010-07-02,1563387.94,0,71.12,2.958,132.5218667,8.117,2010,7,2,26,3,Friday,26,July,2010-07,1399073.75,1423022.02,95357.7097702837
24,2010-07-09,1665502.55,0,79.05,2.94,132.5461333,8.117,2010,7,9,27,3,Friday,27,July,2010-07,1563387.94,1495533.105,144663.21814678962
24,2010-07-16,1418697.05,0,76.56,2.933,132.5667742,8.117,2010,7,16,28,3,Friday,28,July,2010-07,1665502.55,1511665.3225,126043.75379948434
24,2010-07-23,1333740.35,0,75.27,2.924,132.5825806,8.117,2010,7,23,29,3,Friday,29,July,2010-07,1418697.05,1495331.9725000001,147844.96831456936
24,2010-07-30,1387517.63,0,75.91,2.932,132.5983871,8.117,2010,7,30,30,3,Friday,30,July,2010-07,1333740.35,1451364.395,147008.08392656548
24,2010-08-06,1442819.28,0,74.54,2.942,132.6141935,8.117,2010,8,6,31,3,Friday,31,August,2010-08,1387517.63,1395693.5775000001,47099.32801490308
24,2010-08-13,1384243.75,0,74.17,2.923,132.63,8.117,2010,8,13,32,3,Friday,32,August,2010-08,1442819.28,1387080.2525,44572.867048857224
24,2010-08-20,1375307.54,0,72.17,2.913,132.6616129,8.117,2010,8,20,33,3,Friday,33,August,2010-08,1384243.75,1397472.0499999998,30668.741799207906
24,2010-08-27,1350059.35,0,67.0,2.885,132.6932258,8.117,2010,8,27,34,3,Friday,34,August,2010-08,1375307.54,1388107.48,39242.01884567719
24,2010-09-03,1366381.6,0,73.52,2.86,132.7248387,8.117,2010,9,3,35,3,Friday,35,September,2010-09,1350059.35,1368998.06,14580.365802936025
24,2010-09-10,1474498.59,1,67.11,2.837,132.7564516,8.117,2010,9,10,36,3,Friday,36,September,2010-09,1366381.6,1391561.77,56270.797434343076
24,2010-09-17,1273295.46,0,60.31,2.846,132.7670667,8.117,2010,9,17,37,3,Friday,37,September,2010-09,1474498.59,1366058.75,82906.19579446867
24,2010-09-24,1169413.27,0,64.3,2.837,132.7619333,8.117,2010,9,24,38,3,Friday,38,September,2010-09,1273295.46,1320897.23,130224.83679206678
24,2010-10-01,1215273.2,0,66.88,2.84,132.7568,8.275,2010,10,1,39,4,Friday,39,October,2010-10,1169413.27,1283120.13,134480.103874223
24,2010-10-08,1361944.94,0,54.82,2.903,132.7516667,8.275,2010,10,8,40,4,Friday,40,October,2010-10,1215273.2,1254981.7175,83016.56401295132
24,2010-10-15,1300806.74,0,52.83,2.999,132.7633548,8.275,2010,10,15,41,4,Friday,41,October,2010-10,1361944.94,1261859.5375,86121.17740430037
24,2010-10-22,1234875.33,0,48.69,3.049,132.8170968,8.275,2010,10,22,42,4,Friday,42,October,2010-10,1300806.74,1278225.0525,66736.01313476235
24,2010-10-29,1244925.94,0,57.29,3.055,132.8708387,8.275,2010,10,29,43,4,Friday,43,October,2010-10,1234875.33,1285638.2375,58558.12001791754
24,2010-11-05,1285358.01,0,42.2,3.049,132.9245806,8.275,2010,11,5,44,4,Friday,44,November,2010-11,1244925.94,1266491.505,31612.953460148707
24,2010-11-12,1312877.01,0,41.76,3.065,132.9783226,8.275,2010,11,12,45,4,Friday,45,November,2010-11,1285358.01,1269509.0725,36220.58965999016
24,2010-11-19,1277150.6,0,45.63,3.138,132.9172,8.275,2010,11,19,46,4,Friday,46,November,2010-11,1312877.01,1280077.89,27975.528327068714
24,2010-11-26,1779276.51,1,41.92,3.186,132.8369333,8.275,2010,11,26,47,4,Friday,47,November,2010-11,1277150.6,1413665.5325000002,244219.0685032644
24,2010-12-03,1413302.7,0,37.08,3.2,132.7566667,8.275,2010,12,3,48,4,Friday,48,December,2010-12,1779276.51,1445651.705,229763.43678832104
24,2010-12-10,1593012.75,0,27.11,3.255,132.6764,8.275,2010,12,10,49,4,Friday,49,December,2010-12,1413302.7,1515685.64,218205.4539489136
24,2010-12-17,1663525.77,0,27.99,3.301,132.6804516,8.275,2010,12,17,50,4,Friday,50,December,2010-12,1593012.75,1612279.4325,153272.25899428924
24,2010-12-24,2386015.75,0,27.74,3.309,132.7477419,8.275,2010,12,24,51,4,Friday,51,December,2010-12,1663525.77,1763964.2425000002,427872.2141471729
24,2010-12-31,1208600.05,1,25.9,3.336,132.8150323,8.275,2010,12,31,52,4,Friday,52,December,2010-12,2386015.75,1712788.58,491329.4787652018
24,2011-01-07,1178641.71,0,30.72,3.351,132.8823226,8.252,2011,1,7,1,1,Friday,1,January,2011-01,1208600.05,1609195.82,563398.840281611
24,2011-01-14,1167740.2,0,22.41,3.367,132.9510645,8.252,2011,1,14,2,1,Friday,2,January,2011-01,1178641.71,1485249.4275,600759.3105949387
24,2011-01-21,1107170.39,0,23.69,3.391,133.0285161,8.252,2011,1,21,3,1,Friday,3,January,2011-01,1167740.2,1165538.0875,42574.1507955552
24,2011-01-28,1126921.34,0,17.91,3.402,133.1059677,8.252,2011,1,28,4,1,Friday,4,January,2011-01,1107170.39,1145118.4100000001,33698.38079294672
24,2011-02-04,1225182.04,0,23.83,3.4,133.1834194,8.252,2011,2,4,5,1,Friday,5,February,2011-02,1126921.34,1156753.4925000002,52126.81725356285
24,2011-02-11,1341240.62,1,26.51,3.416,133.260871,8.252,2011,2,11,6,1,Friday,6,February,2011-02,1225182.04,1200128.5975000001,107301.45815633274
24,2011-02-18,1360150.12,0,34.04,3.42,133.3701429,8.252,2011,2,18,7,1,Friday,7,February,2011-02,1341240.62,1263373.5300000003,108791.51642984005
24,2011-02-25,1235121.33,0,26.09,3.452,133.4921429,8.252,2011,2,25,8,1,Friday,8,February,2011-02,1360150.12,1290423.5275,70140.23888220041
24,2011-03-04,1346994.53,0,31.36,3.605,133.6141429,8.252,2011,3,4,9,1,Friday,9,March,2011-03,1235121.33,1320876.6500000001,57715.43780768651
24,2011-03-11,1253218.7,0,39.51,3.752,133.7361429,8.252,2011,3,11,10,1,Friday,10,March,2011-03,1346994.53,1298871.17,63820.47113562328
24,2011-03-18,1168397.26,0,43.39,3.796,133.8492258,8.252,2011,3,18,11,1,Friday,11,March,2011-03,1253218.7,1250932.955,73700.29230145439
24,2011-03-25,1158693.12,0,36.88,3.789,133.9587419,8.252,2011,3,25,12,1,Friday,12,March,2011-03,1168397.26,1231825.9025,87736.46355363511
24,2011-04-01,1163803.3,0,35.73,3.811,134.0682581,8.212,2011,4,1,13,2,Friday,13,April,2011-04,1158693.12,1186028.095,44968.75253664509
24,2011-04-08,1273670.32,0,44.7,3.895,134.1777742,8.212,2011,4,8,14,2,Friday,14,April,2011-04,1163803.3,1191141.0,55162.128091153805
24,2011-04-15,1245576.65,0,52.36,3.981,134.2784667,8.212,2011,4,15,15,2,Friday,15,April,2011-04,1273670.32,1210435.8475000001,57980.970579942325
24,2011-04-22,1372484.9,0,46.0,4.061,134.3571,8.212,2011,4,22,16,2,Friday,16,April,2011-04,1245576.65,1263883.7925,86103.10315022086
24,2011-04-29,1197761.17,0,60.48,4.117,134.4357333,8.212,2011,4,29,17,2,Friday,17,April,2011-04,1372484.9,1272373.26,73731.59682206233
24,2011-05-06,1339630.35,0,55.75,4.192,134.5143667,8.212,2011,5,6,18,2,Friday,18,May,2011-05,1197761.17,1288863.2674999998,81123.76863167726
24,2011-05-13,1311950.16,0,58.49,4.211,134.593,8.212,2011,5,13,19,2,Friday,19,May,2011-05,1339630.35,1305456.645,75941.0081451449
24,2011-05-20,1234281.7,0,59.84,4.202,134.6803871,8.212,2011,5,20,20,2,Friday,20,May,2011-05,1311950.16,1270905.845,66078.65227426829
24,2011-05-27,1311153.72,0,65.74,4.134,134.7677742,8.212,2011,5,27,21,2,Friday,21,May,2011-05,1234281.7,1299253.9825,45293.2858211726
24,2011-06-03,1554837.62,0,73.12,4.069,134.8551613,8.212,2011,6,3,22,2,Friday,22,June,2011-06,1311153.72,1353055.8,139366.00214478225
24,2011-06-10,1373841.91,0,70.02,4.025,134.9425484,8.212,2011,6,10,23,2,Friday,23,June,2011-06,1554837.62,1368528.7375,136691.12286595302
24,2011-06-17,1320359.23,0,64.34,3.989,135.0837333,8.212,2011,6,17,24,2,Friday,24,June,2011-06,1373841.91,1390048.1199999999,113282.96178685485
24,2011-06-24,1304850.67,0,68.88,3.964,135.2652667,8.212,2011,6,24,25,2,Friday,25,June,2011-06,1320359.23,1388472.3575,114780.13085739614
24,2011-07-01,1445596.61,0,70.27,3.916,135.4468,8.358,2011,7,1,26,3,Friday,26,July,2011-07,1304850.67,1361162.105,63576.2413942447
24,2011-07-08,1567340.07,0,72.56,3.886,135.6283333,8.358,2011,7,8,27,3,Friday,27,July,2011-07,1445596.61,1409536.645,122629.53250245836
24,2011-07-15,1356938.95,0,74.43,3.915,135.7837419,8.358,2011,7,15,28,3,Friday,28,July,2011-07,1567340.07,1418681.5750000002,114881.66943965378
24,2011-07-22,1357672.24,0,79.29,3.972,135.8738387,8.358,2011,7,22,29,3,Friday,29,July,2011-07,1356938.95,1431886.9675,99432.6042761839
24,2011-07-29,1310973.06,0,74.84,4.004,135.9639355,8.358,2011,7,29,30,3,Friday,30,July,2011-07,1357672.24,1398231.08,114835.9294170351
24,2011-08-05,1417616.81,0,74.64,4.02,136.0540323,8.358,2011,8,5,31,3,Friday,31,August,2011-08,1310973.06,1360800.265,43724.762007276295
24,2011-08-12,1402818.01,0,72.52,3.995,136.144129,8.358,2011,8,12,32,3,Friday,32,August,2011-08,1417616.81,1372270.03,48166.113754082675
24,2011-08-19,1352039.88,0,69.93,3.942,136.183129,8.358,2011,8,19,33,3,Friday,33,August,2011-08,1402818.01,1370861.94,48813.099911327445
24,2011-08-26,1402372.09,0,69.94,3.906,136.2136129,8.358,2011,8,26,34,3,Friday,34,August,2011-08,1352039.88,1393711.6975,28670.089541730158
24,2011-09-02,1196105.44,0,68.14,3.879,136.2440968,8.358,2011,9,2,35,3,Friday,35,September,2011-09,1402372.09,1338333.855,97768.22752934994
24,2011-09-09,1527455.19,1,68.32,3.93,136.2745806,8.358,2011,9,9,36,3,Friday,36,September,2011-09,1196105.44,1369493.15,137114.241163129
24,2011-09-16,1227535.97,0,65.56,3.937,136.3145,8.358,2011,9,16,37,3,Friday,37,September,2011-09,1527455.19,1338367.1724999999,155319.9534377986
24,2011-09-23,1232376.49,0,60.61,3.899,136.367,8.358,2011,9,23,38,3,Friday,38,September,2011-09,1227535.97,1295868.2725,155226.32198991903
24,2011-09-30,1246242.61,0,68.0,3.858,136.4195,8.358,2011,9,30,39,3,Friday,39,September,2011-09,1232376.49,1308402.565,146250.10859459508
24,2011-10-07,1405914.39,0,53.87,3.775,136.472,8.454,2011,10,7,40,4,Friday,40,October,2011-10,1246242.61,1278017.365,85632.44083693353
24,2011-10-14,1333315.03,0,60.21,3.744,136.5150968,8.454,2011,10,14,41,4,Friday,41,October,2011-10,1405914.39,1304462.13,81057.39304295003
24,2011-10-21,1283563.43,0,56.6,3.757,136.5017742,8.454,2011,10,21,42,4,Friday,42,October,2011-10,1333315.03,1317258.865,69032.10210135873
24,2011-10-28,1307142.75,0,48.0,3.757,136.4884516,8.454,2011,10,28,43,4,Friday,43,October,2011-10,1283563.43,1332483.9,53003.50273664446
24,2011-11-04,1385860.38,0,39.87,3.738,136.475129,8.454,2011,11,4,44,4,Friday,44,November,2011-11,1307142.75,1327470.3975,43911.2166131493
24,2011-11-11,1425078.59,0,46.78,3.719,136.4618065,8.454,2011,11,11,45,4,Friday,45,November,2011-11,1385860.38,1350411.2875,66263.73219046534
24,2011-11-18,1297535.69,0,48.17,3.717,136.4666667,8.454,2011,11,18,46,4,Friday,46,November,2011-11,1425078.59,1353904.3525,61781.96435231967
24,2011-11-25,1761235.67,1,41.83,3.689,136.4788,8.454,2011,11,25,47,4,Friday,47,November,2011-11,1297535.69,1467427.5825,203005.00248933028
24,2011-12-02,1335647.1,0,47.21,3.666,136.4909333,8.454,2011,12,2,48,4,Friday,48,December,2011-12,1761235.67,1454874.2625000002,211120.53175002997
24,2011-12-09,1529615.54,0,42.3,3.627,136.5030667,8.454,2011,12,9,49,4,Friday,49,December,2011-12,1335647.1,1481008.5,212667.28298998348
24,2011-12-16,1624994.43,0,36.0,3.611,136.5335161,8.454,2011,12,16,50,4,Friday,50,December,2011-12,1529615.54,1562873.185,178833.71157875165
24,2011-12-23,2168344.23,0,36.93,3.587,136.5883871,8.454,2011,12,23,51,4,Friday,51,December,2011-12,1624994.43,1664650.325,356724.756249032
24,2011-12-30,1363973.16,1,33.45,3.566,136.6432581,8.454,2011,12,30,52,4,Friday,52,December,2011-12,2168344.23,1671731.8399999999,348195.6821654789
24,2012-01-06,1251581.89,0,32.86,3.585,136.698129,8.659,2012,1,6,1,1,Friday,1,January,2012-01,1363973.16,1602223.4275,408543.7387282958
24,2012-01-13,1155594.2,0,36.5,3.666,136.753,8.659,2012,1,13,2,1,Friday,2,January,2012-01,1251581.89,1484873.3699999999,463536.7528339983
24,2012-01-20,1151993.85,0,25.73,3.705,136.8564194,8.659,2012,1,20,3,1,Friday,3,January,2012-01,1155594.2,1230785.775,100055.48180621005
24,2012-01-27,1057290.41,0,31.92,3.737,136.9598387,8.659,2012,1,27,4,1,Friday,4,January,2012-01,1151993.85,1154115.0875,79333.64814686884
24,2012-02-03,1249696.97,0,38.61,3.796,137.0632581,8.659,2012,2,3,5,1,Friday,5,February,2012-02,1057290.41,1153643.8575,78563.59128479252
24,2012-02-10,1403460.87,1,33.82,3.826,137.1666774,8.659,2012,2,10,6,1,Friday,6,February,2012-02,1249696.97,1215610.525,147830.959771656
24,2012-02-17,1326370.08,0,33.92,3.874,137.2583103,8.659,2012,2,17,7,1,Friday,7,February,2012-02,1403460.87,1259204.5825,148526.99899290563
24,2012-02-24,1303233.15,0,37.35,3.917,137.3411034,8.659,2012,2,24,8,1,Friday,8,February,2012-02,1326370.08,1320690.2675,63843.642726013684
24,2012-03-02,1213994.39,0,35.36,3.983,137.4238966,8.659,2012,3,2,9,1,Friday,9,March,2012-03,1303233.15,1311764.6225,78002.83238551475
24,2012-03-09,1325835.7,0,41.5,4.021,137.5066897,8.659,2012,3,9,10,1,Friday,10,March,2012-03,1213994.39,1292358.33,53343.86013571377
24,2012-03-16,1239299.12,0,48.68,4.021,137.5843871,8.659,2012,3,16,11,1,Friday,11,March,2012-03,1325835.7,1270590.59,52598.621184295735
24,2012-03-23,1221723.94,0,59.51,4.054,137.6552903,8.659,2012,3,23,12,1,Friday,12,March,2012-03,1239299.12,1250213.2874999999,51514.786814500105
24,2012-03-30,1230106.13,0,47.28,4.098,137.7261935,8.659,2012,3,30,13,1,Friday,13,March,2012-03,1221723.94,1254241.2225,48266.31671185592
24,2012-04-06,1524734.29,0,45.25,4.143,137.7970968,8.983,2012,4,6,14,2,Friday,14,April,2012-04,1230106.13,1303965.8699999999,147353.85988367329
24,2012-04-13,1285783.87,0,48.65,4.187,137.868,8.983,2012,4,13,15,2,Friday,15,April,2012-04,1524734.29,1315587.0574999999,142300.23265458664
24,2012-04-20,1208654.4,0,61.05,4.17,137.9230667,8.983,2012,4,20,16,2,Friday,16,April,2012-04,1285783.87,1312319.6725,145292.43365811024
24,2012-04-27,1194334.65,0,49.26,4.163,137.9781333,8.983,2012,4,27,17,2,Friday,17,April,2012-04,1208654.4,1303376.8025,152939.17429648057
24,2012-05-04,1306551.71,0,52.14,4.124,138.0332,8.983,2012,5,4,18,2,Friday,18,May,2012-05,1194334.65,1248831.1575,55621.35775319002
24,2012-05-11,1355391.79,0,58.7,4.055,138.0882667,8.983,2012,5,11,19,2,Friday,19,May,2012-05,1306551.71,1266233.1375,77587.70547136899
24,2012-05-18,1298809.8,0,63.1,4.029,138.1065806,8.983,2012,5,18,20,2,Friday,20,May,2012-05,1355391.79,1288771.9874999998,67758.1114730689
24,2012-05-25,1407897.57,0,65.79,3.979,138.1101935,8.983,2012,5,25,21,2,Friday,21,May,2012-05,1298809.8,1342162.7175,50476.722368942006
24,2012-06-01,1467722.19,0,71.79,3.915,138.1138065,8.983,2012,6,1,22,2,Friday,22,June,2012-06,1407897.57,1382455.3375000001,72219.0069090517
24,2012-06-08,1406313.13,0,59.93,3.871,138.1174194,8.983,2012,6,8,23,2,Friday,23,June,2012-06,1467722.19,1395185.6725,70321.32872187087
24,2012-06-15,1364445.98,0,68.28,3.786,138.1295333,8.983,2012,6,15,24,2,Friday,24,June,2012-06,1406313.13,1411594.7175,42484.745039595684
24,2012-06-22,1434709.63,0,72.29,3.722,138.1629,8.983,2012,6,22,25,2,Friday,25,June,2012-06,1364445.98,1418297.7325,43801.70971976355
24,2012-06-29,1428869.9,0,70.4,3.667,138.1962667,8.983,2012,6,29,26,2,Friday,26,June,2012-06,1434709.63,1408584.66,31871.55440222047
24,2012-07-06,1645097.75,0,77.18,3.646,138.2296333,8.953,2012,7,6,27,3,Friday,27,July,2012-07,1428869.9,1468280.815,122101.25053374308
24,2012-07-13,1405475.78,0,75.36,3.689,138.263,8.953,2012,7,13,28,3,Friday,28,July,2012-07,1645097.75,1478538.2650000001,111755.81190789076
24,2012-07-20,1394299.0,0,76.42,3.732,138.2331935,8.953,2012,7,20,29,3,Friday,29,July,2012-07,1405475.78,1468435.6075,118652.34125110134
24,2012-07-27,1307339.14,0,73.62,3.82,138.2033871,8.953,2012,7,27,30,3,Friday,30,July,2012-07,1394299.0,1438052.9175,144832.46583272496
24,2012-08-03,1440374.13,0,73.26,3.819,138.1735806,8.953,2012,8,3,31,3,Friday,31,August,2012-08,1307339.14,1386872.0125,56536.75705121338
24,2012-08-10,1497054.81,0,75.53,3.863,138.1437742,8.953,2012,8,10,32,3,Friday,32,August,2012-08,1440374.13,1409766.77,80180.3876880132
24,2012-08-17,1397970.54,0,72.87,3.963,138.1857097,8.953,2012,8,17,33,3,Friday,33,August,2012-08,1497054.81,1410684.655,79965.01900070095
24,2012-08-24,1303726.54,0,68.13,3.997,138.2814516,8.953,2012,8,24,34,3,Friday,34,August,2012-08,1397970.54,1409781.5050000001,81526.46393532875
24,2012-08-31,1344558.92,0,71.18,4.026,138.3771935,8.953,2012,8,31,35,3,Friday,35,August,2012-08,1303726.54,1385827.7025000001,83591.52915268231
24,2012-09-07,1477134.75,1,72.81,4.076,138.4729355,8.953,2012,9,7,36,3,Friday,36,September,2012-09,1344558.92,1380847.6875,74897.56676288192
24,2012-09-14,1242909.53,0,64.28,4.088,138.5673,8.953,2012,9,14,37,3,Friday,37,September,2012-09,1477134.75,1342082.435,99250.02188447182
24,2012-09-21,1261158.47,0,61.25,4.203,138.6534,8.953,2012,9,21,38,3,Friday,38,September,2012-09,1242909.53,1331440.4175,106733.6307767979
24,2012-09-28,1259278.36,0,58.86,4.158,138.7395,8.953,2012,9,28,39,3,Friday,39,September,2012-09,1261158.47,1310120.2774999999,111644.19341925195
24,2012-10-05,1416720.54,0,60.35,4.151,138.8256,8.693,2012,10,5,40,4,Friday,40,October,2012-10,1259278.36,1295016.725,81548.73904776371
24,2012-10-12,1416301.17,0,51.64,4.186,138.9117,8.693,2012,10,12,41,4,Friday,41,October,2012-10,1416720.54,1338364.635,90238.90909424455
24,2012-10-19,1255414.84,0,52.59,4.153,138.8336129,8.693,2012,10,19,42,4,Friday,42,October,2012-10,1416301.17,1336928.7275,91907.22024356695
24,2012-10-26,1307182.29,0,55.16,4.071,138.7281613,8.693,2012,10,26,43,4,Friday,43,October,2012-10,1255414.84,1348904.71,80875.18313713133
25,2010-02-26,628516.57,0,29.16,2.754,204.4630869,8.187,2010,2,26,8,1,Friday,8,February,2010-02,676260.67,641343.2225,44845.352303566804
25,2010-03-05,665750.06,0,29.45,2.777,204.4940734,8.187,2010,3,5,9,1,Friday,9,March,2010-03,628516.57,638472.8300000001,42063.74599399582
25,2010-03-12,660619.99,0,40.05,2.818,204.5250598,8.187,2010,3,12,10,1,Friday,10,March,2010-03,665750.06,657786.8225,20570.777917809242
25,2010-03-19,659795.84,0,45.0,2.844,204.3782258,8.187,2010,3,19,11,1,Friday,11,March,2010-03,660619.99,653670.615,16974.993034473824
25,2010-03-26,696687.6,0,45.84,2.854,204.201755,8.187,2010,3,26,12,1,Friday,12,March,2010-03,659795.84,670713.3725,17515.36326937291
25,2010-04-02,822486.37,0,47.2,2.85,204.0252842,7.856,2010,4,2,13,2,Friday,13,April,2010-04,696687.6,709897.45,77004.77135094226
25,2010-04-09,712647.97,0,61.36,2.869,203.8488134,7.856,2010,4,9,14,2,Friday,14,April,2010-04,822486.37,722904.445,69980.41167100839
25,2010-04-16,715311.6,0,52.16,2.899,203.7307486,7.856,2010,4,16,15,2,Friday,15,April,2010-04,712647.97,736783.385,57724.14116867987
25,2010-04-23,694531.72,0,46.12,2.902,203.6905586,7.856,2010,4,23,16,2,Friday,16,April,2010-04,715311.6,736244.4149999999,58231.144836325766
25,2010-04-30,706924.02,0,50.97,2.921,203.6503685,7.856,2010,4,30,17,2,Friday,17,April,2010-04,694531.72,707353.8275,9236.616682183041
25,2010-05-07,724468.97,0,63.67,2.966,203.6101784,7.856,2010,5,7,18,2,Friday,18,May,2010-05,706924.02,710309.0775,12726.76197278466
25,2010-05-14,698073.95,0,50.27,2.982,203.6133915,7.856,2010,5,14,19,2,Friday,19,May,2010-05,724468.97,705999.6649999999,13370.369979091434
25,2010-05-21,704113.22,0,57.17,2.958,203.8770235,7.856,2010,5,21,20,2,Friday,20,May,2010-05,698073.95,708395.04,11334.225554868082
25,2010-05-28,792442.54,0,69.31,2.899,204.1406556,7.856,2010,5,28,21,2,Friday,21,May,2010-05,704113.22,729774.67,43277.623346050845
25,2010-06-04,764155.44,0,69.22,2.847,204.4042877,7.856,2010,6,4,22,2,Friday,22,June,2010-06,792442.54,739696.2875,46112.14939501893
25,2010-06-11,737163.2,0,63.68,2.809,204.6679198,7.856,2010,6,11,23,2,Friday,23,June,2010-06,764155.44,749468.6,37731.49061643242
25,2010-06-18,780444.94,0,69.56,2.78,204.670036,7.856,2010,6,18,24,2,Friday,24,June,2010-06,737163.2,768551.5299999999,23922.00122429447
25,2010-06-25,737569.14,0,72.17,2.808,204.5675459,7.856,2010,6,25,25,2,Friday,25,June,2010-06,780444.94,754833.1799999999,21237.875381241156
25,2010-07-02,759407.87,0,66.42,2.815,204.4650559,7.527,2010,7,2,26,3,Friday,26,July,2010-07,737569.14,753646.2875,20668.256288244374
25,2010-07-09,719591.13,0,75.24,2.793,204.3625658,7.527,2010,7,9,27,3,Friday,27,July,2010-07,759407.87,749253.27,26409.57920771408
25,2010-07-16,726997.84,0,73.43,2.783,204.3571656,7.527,2010,7,16,28,3,Friday,28,July,2010-07,719591.13,735891.495,17326.60174682313
25,2010-07-23,665290.93,0,75.37,2.771,204.4812188,7.527,2010,7,23,29,3,Friday,29,July,2010-07,726997.84,717821.9425,39056.470909232456
25,2010-07-30,682124.34,0,71.99,2.781,204.605272,7.527,2010,7,30,30,3,Friday,30,July,2010-07,665290.93,698501.0599999999,29597.112559328234
25,2010-08-06,699464.43,0,71.79,2.784,204.7293252,7.527,2010,8,6,31,3,Friday,31,August,2010-08,682124.34,693469.385,26349.150723050632
25,2010-08-13,686072.39,0,72.73,2.805,204.8533784,7.527,2010,8,13,32,3,Friday,32,August,2010-08,699464.43,683238.0225000001,14079.161402529984
25,2010-08-20,724499.81,0,71.81,2.779,204.8217044,7.527,2010,8,20,33,3,Friday,33,August,2010-08,686072.39,698040.2425,19137.071076608627
25,2010-08-27,711461.95,0,67.15,2.755,204.7900305,7.527,2010,8,27,34,3,Friday,34,August,2010-08,724499.81,705374.645,16435.07334809259
25,2010-09-03,685700.08,0,71.17,2.715,204.7583566,7.527,2010,9,3,35,3,Friday,35,September,2010-09,711461.95,701933.5575,19279.768685800496
25,2010-09-10,655811.95,1,61.14,2.699,204.7266827,7.527,2010,9,10,36,3,Friday,36,September,2010-09,685700.08,694368.4475,30341.56076191265
25,2010-09-17,628989.88,0,60.13,2.706,204.7513279,7.527,2010,9,17,37,3,Friday,37,September,2010-09,655811.95,670490.965,35813.183459451015
25,2010-09-24,607819.33,0,65.06,2.713,204.8182126,7.527,2010,9,24,38,3,Friday,38,September,2010-09,628989.88,644580.31,33721.48859944619
25,2010-10-01,658640.14,0,57.56,2.707,204.8850973,7.484,2010,10,1,39,4,Friday,39,October,2010-10,607819.33,637815.325,24049.945437656927
25,2010-10-08,674283.86,0,48.46,2.764,204.951982,7.484,2010,10,8,40,4,Friday,40,October,2010-10,658640.14,642433.3025,29754.396288931886
25,2010-10-15,616094.72,0,54.09,2.868,205.0137637,7.484,2010,10,15,41,4,Friday,41,October,2010-10,674283.86,639209.5125,32287.233427965533
25,2010-10-22,661644.19,0,46.73,2.917,205.0627881,7.484,2010,10,22,42,4,Friday,42,October,2010-10,616094.72,652665.7275,25305.39228396873
25,2010-10-29,674458.03,0,55.72,2.921,205.1118126,7.484,2010,10,29,43,4,Friday,43,October,2010-10,661644.19,656620.2,27675.18785515868
25,2010-11-05,696314.53,0,38.8,2.917,205.160837,7.484,2010,11,5,44,4,Friday,44,November,2010-11,674458.03,662127.8674999999,33862.69044659652
25,2010-11-12,713250.08,0,40.68,2.931,205.2098614,7.484,2010,11,12,45,4,Friday,45,November,2010-11,696314.53,686416.7075,22910.58242240984
25,2010-11-19,718056.73,0,42.72,3.0,205.0992811,7.484,2010,11,19,46,4,Friday,46,November,2010-11,713250.08,700519.8425,19718.89190600328
25,2010-11-26,1115240.61,1,43.43,3.039,204.9621,7.484,2010,11,26,47,4,Friday,47,November,2010-11,718056.73,810715.4874999999,203230.805006805
25,2010-12-03,885572.96,0,32.41,3.046,204.8249189,7.484,2010,12,3,48,4,Friday,48,December,2010-12,1115240.61,858030.095,189270.22489181728
25,2010-12-10,964729.18,0,22.65,3.109,204.6877378,7.484,2010,12,10,49,4,Friday,49,December,2010-12,885572.96,920899.87,165411.26690165518
25,2010-12-17,1047707.59,0,21.6,3.14,204.6321194,7.484,2010,12,17,50,4,Friday,50,December,2010-12,964729.18,1003312.585,99749.84993453335
25,2010-12-24,1295391.19,0,22.94,3.141,204.6376731,7.484,2010,12,24,51,4,Friday,51,December,2010-12,1047707.59,1048350.23,177499.8296108544
25,2010-12-31,623092.54,1,25.89,3.179,204.6432267,7.484,2010,12,31,52,4,Friday,52,December,2010-12,1295391.19,982730.125,277874.2156026032
25,2011-01-07,558794.63,0,29.0,3.193,204.6487803,7.343,2011,1,7,1,1,Friday,1,January,2011-01,623092.54,881246.4874999999,351114.31864345004
25,2011-01-14,572360.83,0,18.3,3.205,204.7026042,7.343,2011,1,14,2,1,Friday,2,January,2011-01,558794.63,762409.7975,356396.8805851279
25,2011-01-21,568093.57,0,23.21,3.229,205.0460497,7.343,2011,1,21,3,1,Friday,3,January,2011-01,572360.83,580585.3925,28898.581145137443
25,2011-01-28,600448.69,0,18.92,3.237,205.3894952,7.343,2011,1,28,4,1,Friday,4,January,2011-01,568093.57,574924.4299999999,17934.055033997858
25,2011-02-04,639830.45,0,23.94,3.231,205.7329407,7.343,2011,2,4,5,1,Friday,5,February,2011-02,600448.69,595183.385,33044.469750724886
25,2011-02-11,615666.78,1,21.18,3.239,206.0763862,7.343,2011,2,11,6,1,Friday,6,February,2011-02,639830.45,606009.8724999999,30031.428376325508
25,2011-02-18,634637.03,0,38.42,3.245,206.3694701,7.343,2011,2,18,7,1,Friday,7,February,2011-02,615666.78,622645.7375,18078.718658803653
25,2011-02-25,570816.34,0,28.36,3.274,206.6424093,7.343,2011,2,25,8,1,Friday,8,February,2011-02,634637.03,615237.65,31382.472235828496
25,2011-03-04,640912.18,0,31.59,3.433,206.9153485,7.343,2011,3,4,9,1,Friday,9,March,2011-03,570816.34,615508.0825,31668.395574717284
25,2011-03-11,599828.39,0,36.73,3.582,207.1882876,7.343,2011,3,11,10,1,Friday,10,March,2011-03,640912.18,611548.4850000001,32617.867074045662
25,2011-03-18,603393.64,0,40.94,3.631,207.4283845,7.343,2011,3,18,11,1,Friday,11,March,2011-03,599828.39,603737.6375,28758.52910856357
25,2011-03-25,616324.24,0,38.51,3.625,207.6553444,7.343,2011,3,25,12,1,Friday,12,March,2011-03,603393.64,615114.6125,18601.32147878493
25,2011-04-01,618377.79,0,28.5,3.638,207.8823043,7.287,2011,4,1,13,2,Friday,13,April,2011-04,616324.24,609481.015,9241.421924911861
25,2011-04-08,648606.13,0,42.11,3.72,208.1092642,7.287,2011,4,8,14,2,Friday,14,April,2011-04,618377.79,621675.45,19139.80243783847
25,2011-04-15,674562.45,0,51.43,3.821,208.3172811,7.287,2011,4,15,15,2,Friday,15,April,2011-04,648606.13,639467.6525,27661.986100051876
25,2011-04-22,756588.42,0,45.87,3.892,208.4779405,7.287,2011,4,22,16,2,Friday,16,April,2011-04,674562.45,674533.6975,59325.94433824688
25,2011-04-29,649245.0,0,58.43,3.962,208.6386,7.287,2011,4,29,17,2,Friday,17,April,2011-04,756588.42,682250.5,51011.56445903958
25,2011-05-06,659446.55,0,49.5,4.046,208.7992595,7.287,2011,5,6,18,2,Friday,18,May,2011-05,649245.0,684960.605,48871.38546613195
25,2011-05-13,684783.15,0,60.1,4.066,208.9599189,7.287,2011,5,13,19,2,Friday,19,May,2011-05,659446.55,687515.78,48411.53835567254
25,2011-05-20,677971.33,0,56.56,4.062,208.7583165,7.287,2011,5,20,20,2,Friday,20,May,2011-05,684783.15,667861.5075000001,16390.40732770338
25,2011-05-27,718373.94,0,67.18,3.985,208.556714,7.287,2011,5,27,21,2,Friday,21,May,2011-05,677971.33,685143.7425,24604.642219797446
25,2011-06-03,737551.74,0,70.69,3.922,208.3551116,7.287,2011,6,3,22,2,Friday,22,June,2011-06,718373.94,704670.0399999999,28150.26690007679
25,2011-06-10,740259.63,0,71.45,3.881,208.1535092,7.287,2011,6,10,23,2,Friday,23,June,2011-06,737551.74,718539.1599999999,28746.206380640324
25,2011-06-17,717373.43,0,63.58,3.842,208.1265604,7.287,2011,6,17,24,2,Friday,24,June,2011-06,740259.63,728389.6849999999,12199.888910103633
25,2011-06-24,699270.1,0,70.71,3.804,208.2306018,7.287,2011,6,24,25,2,Friday,25,June,2011-06,717373.43,723613.725,19173.83438645319
25,2011-07-01,706206.86,0,66.61,3.748,208.3346432,7.274,2011,7,1,26,3,Friday,26,July,2011-07,699270.1,715777.505,17944.479993132496
25,2011-07-08,698529.64,0,71.64,3.711,208.4386847,7.274,2011,7,8,27,3,Friday,27,July,2011-07,706206.86,705345.0075,8732.687117269268
25,2011-07-15,680510.23,0,72.67,3.76,208.5309337,7.274,2011,7,15,28,3,Friday,28,July,2011-07,698529.64,696129.2075,10971.764062664784
25,2011-07-22,670854.96,0,78.1,3.811,208.5937018,7.274,2011,7,22,29,3,Friday,29,July,2011-07,680510.23,689025.4225,16209.114263587799
25,2011-07-29,668390.82,0,74.72,3.829,208.6564699,7.274,2011,7,29,30,3,Friday,30,July,2011-07,670854.96,679571.4125,13678.181666146524
25,2011-08-05,679706.01,0,74.0,3.842,208.719238,7.274,2011,8,5,31,3,Friday,31,August,2011-08,668390.82,674865.505,6145.443461821544
25,2011-08-12,667130.48,0,70.93,3.812,208.7820061,7.274,2011,8,12,32,3,Friday,32,August,2011-08,679706.01,671520.5675,5671.939407783495
25,2011-08-19,688958.75,0,68.09,3.747,208.8424359,7.274,2011,8,19,33,3,Friday,33,August,2011-08,667130.48,676046.515,10299.240463984706
25,2011-08-26,726422.55,0,66.8,3.704,208.902476,7.274,2011,8,26,34,3,Friday,34,August,2011-08,688958.75,690554.4475,25530.621333965206
25,2011-09-02,699779.0,0,67.2,3.703,208.9625161,7.274,2011,9,2,35,3,Friday,35,September,2011-09,726422.55,695572.695,24644.88058971407
25,2011-09-09,673248.48,1,67.51,3.738,209.0225562,7.274,2011,9,9,36,3,Friday,36,September,2011-09,699779.0,697102.195,22376.802855515343
25,2011-09-16,628720.46,0,62.05,3.742,209.1893892,7.274,2011,9,16,37,3,Friday,37,September,2011-09,673248.48,682042.6224999999,41652.3188938901
25,2011-09-23,620885.93,0,60.28,3.711,209.4986126,7.274,2011,9,23,38,3,Friday,38,September,2011-09,628720.46,655658.4675,37375.640641524195
25,2011-09-30,639160.24,0,60.7,3.645,209.807836,7.274,2011,9,30,39,3,Friday,39,September,2011-09,620885.93,640503.7775000001,23077.60203217851
25,2011-10-07,671522.87,0,50.82,3.583,210.1170595,7.082,2011,10,7,40,4,Friday,40,October,2011-10,639160.24,640072.375,22263.20785443144
25,2011-10-14,646915.47,0,58.95,3.541,210.4027602,7.082,2011,10,14,41,4,Friday,41,October,2011-10,671522.87,644621.1275000001,20993.24216421113
25,2011-10-21,690675.5,0,50.22,3.57,210.5473252,7.082,2011,10,21,42,4,Friday,42,October,2011-10,646915.47,662068.52,23538.254363937016
25,2011-10-28,724443.97,0,46.28,3.569,210.6918901,7.082,2011,10,28,43,4,Friday,43,October,2011-10,690675.5,683389.4525,32709.46384442943
25,2011-11-04,718393.61,0,40.88,3.551,210.8364551,7.082,2011,11,4,44,4,Friday,44,November,2011-11,724443.97,695107.1375,35331.69384555801
25,2011-11-11,719235.07,0,44.81,3.53,210.9810201,7.082,2011,11,11,45,4,Friday,45,November,2011-11,718393.61,713187.0375,15244.397268534889
25,2011-11-18,728525.6,0,46.41,3.53,211.1847207,7.082,2011,11,18,46,4,Friday,46,November,2011-11,719235.07,722649.5625,4744.105314062599
25,2011-11-25,1116211.39,1,43.49,3.492,211.4120757,7.082,2011,11,25,47,4,Friday,47,November,2011-11,728525.6,820591.4175,197133.44374576356
25,2011-12-02,878314.57,0,42.85,3.452,211.6394306,7.082,2011,12,2,48,4,Friday,48,December,2011-12,1116211.39,860571.6575,185363.3153603064
25,2011-12-09,916446.02,0,38.69,3.415,211.8667856,7.082,2011,12,9,49,4,Friday,49,December,2011-12,878314.57,909874.395,159688.81171699107
25,2011-12-16,997502.47,0,33.09,3.413,212.0685039,7.082,2011,12,16,50,4,Friday,50,December,2011-12,916446.02,977118.6124999999,105207.26320658396
25,2011-12-23,1290532.97,0,36.56,3.389,212.2360401,7.082,2011,12,23,51,4,Friday,51,December,2011-12,997502.47,1020699.0075,186628.3830819128
25,2011-12-30,683665.37,1,32.42,3.389,212.4035763,7.082,2011,12,30,52,4,Friday,52,December,2011-12,1290532.97,972036.7075,250557.19713898824
25,2012-01-06,636419.12,0,30.23,3.422,212.5711125,6.961,2012,1,6,1,1,Friday,1,January,2012-01,683665.37,902029.9824999999,304566.24973675393
25,2012-01-13,614764.31,0,34.6,3.513,212.7386486,6.961,2012,1,13,2,1,Friday,2,January,2012-01,636419.12,806345.4425000001,324071.1071064113
25,2012-01-20,594744.89,0,23.87,3.533,212.8336399,6.961,2012,1,20,3,1,Friday,3,January,2012-01,614764.31,632398.4225,38180.34550107983
25,2012-01-27,589554.29,0,32.24,3.567,212.9286312,6.961,2012,1,27,4,1,Friday,4,January,2012-01,594744.89,608870.6525,21340.980036568562
25,2012-02-03,642776.4,0,34.98,3.617,213.0236225,6.961,2012,2,3,5,1,Friday,5,February,2012-02,589554.29,610459.9725,24130.825282538895
25,2012-02-10,658984.38,1,32.47,3.64,213.1186138,6.961,2012,2,10,6,1,Friday,6,February,2012-02,642776.4,621514.99,34612.74977355494
25,2012-02-17,654088.02,0,32.23,3.695,213.2732106,6.961,2012,2,17,7,1,Friday,7,February,2012-02,658984.38,636350.7725,31927.46780063555
25,2012-02-24,613501.05,0,35.51,3.739,213.4725116,6.961,2012,2,24,8,1,Friday,8,February,2012-02,654088.02,642337.4625,20387.306637641504
25,2012-03-02,643155.89,0,36.01,3.816,213.6718127,6.961,2012,3,2,9,1,Friday,9,March,2012-03,613501.05,642432.335,20390.912764354034
25,2012-03-09,643711.53,0,37.44,3.848,213.8711137,6.961,2012,3,9,10,1,Friday,10,March,2012-03,643155.89,638614.1225,17480.64767560461
25,2012-03-16,638204.27,0,50.64,3.862,214.0167132,6.961,2012,3,16,11,1,Friday,11,March,2012-03,643711.53,634643.185,14310.511593364809
25,2012-03-23,672831.78,0,62.7,3.9,214.0907105,6.961,2012,3,23,12,1,Friday,12,March,2012-03,638204.27,649475.8674999999,15766.17964001925
25,2012-03-30,684348.92,0,47.92,3.953,214.1647079,6.961,2012,3,30,13,1,Friday,13,March,2012-03,672831.78,659774.125,22343.444275268623
25,2012-04-06,791356.9,0,44.73,3.996,214.2387053,7.139,2012,4,6,14,2,Friday,14,April,2012-04,684348.92,696685.4675,66090.64332214124
25,2012-04-13,658691.56,0,42.46,4.044,214.3127027,7.139,2012,4,13,15,2,Friday,15,April,2012-04,791356.9,701807.29,60614.83230860798
25,2012-04-20,661566.48,0,57.1,4.027,214.3675045,7.139,2012,4,20,16,2,Friday,16,April,2012-04,658691.56,698990.965,62637.82018098305
25,2012-04-27,655157.32,0,44.2,4.004,214.4223063,7.139,2012,4,27,17,2,Friday,17,April,2012-04,661566.48,691693.065,66494.23816050908
25,2012-05-04,696421.72,0,58.76,3.951,214.4771081,7.139,2012,5,4,18,2,Friday,18,May,2012-05,655157.32,667959.27,19155.148972127445
25,2012-05-11,739866.16,0,59.21,3.889,214.5319099,7.139,2012,5,11,19,2,Friday,19,May,2012-05,696421.72,688252.9199999999,38893.61839672924
25,2012-05-18,717207.19,0,58.21,3.848,214.5485571,7.139,2012,5,18,20,2,Friday,20,May,2012-05,739866.16,702163.0974999999,36010.88805257124
25,2012-05-25,783371.02,0,67.69,3.798,214.5499425,7.139,2012,5,25,21,2,Friday,21,May,2012-05,717207.19,734216.5225,37264.13609387466
25,2012-06-01,694765.95,0,69.54,3.742,214.5513278,7.139,2012,6,1,22,2,Friday,22,June,2012-06,783371.02,733802.58,37828.836872853855
25,2012-06-08,730254.19,0,58.48,3.689,214.5527132,7.139,2012,6,8,23,2,Friday,23,June,2012-06,694765.95,731399.5875,37619.98261037361
25,2012-06-15,753860.89,0,68.34,3.62,214.5653243,7.139,2012,6,15,24,2,Friday,24,June,2012-06,730254.19,740563.0125000001,37474.443767677345
25,2012-06-22,721601.9,0,73.52,3.564,214.606,7.139,2012,6,22,25,2,Friday,25,June,2012-06,753860.89,725120.7325,24400.43744016652
25,2012-06-29,718890.81,0,69.84,3.506,214.6466757,7.139,2012,6,29,26,2,Friday,26,June,2012-06,721601.9,731151.9475,15895.92125927521
25,2012-07-06,753385.55,0,75.52,3.475,214.6873514,7.28,2012,7,6,27,3,Friday,27,July,2012-07,718890.81,736934.7875000001,19302.876260461213
25,2012-07-13,714093.95,0,73.87,3.523,214.728027,7.28,2012,7,13,28,3,Friday,28,July,2012-07,753385.55,726993.0525,17866.744045852676
25,2012-07-20,685676.58,0,74.32,3.567,214.7331351,7.28,2012,7,20,29,3,Friday,29,July,2012-07,714093.95,718011.7225,27766.83182437537
25,2012-07-27,659109.53,0,72.98,3.647,214.7382432,7.28,2012,7,27,30,3,Friday,30,July,2012-07,685676.58,703066.4025,40365.97567074787
25,2012-08-03,709724.6,0,72.08,3.654,214.7433514,7.28,2012,8,3,31,3,Friday,31,August,2012-08,659109.53,692151.165,25324.43698387549
25,2012-08-10,710496.97,0,71.93,3.722,214.7484595,7.28,2012,8,10,32,3,Friday,32,August,2012-08,709724.6,691251.9199999999,24329.8822227081
25,2012-08-17,728467.72,0,66.99,3.807,214.825578,7.28,2012,8,17,33,3,Friday,33,August,2012-08,710496.97,701949.705,29843.98568562877
25,2012-08-24,756527.64,0,64.53,3.834,214.9567044,7.28,2012,8,24,34,3,Friday,34,August,2012-08,728467.72,726304.2325,21930.867140878792
25,2012-08-31,714828.73,0,68.55,3.867,215.0878309,7.28,2012,8,31,35,3,Friday,35,August,2012-08,756527.64,727580.265,20761.974124834214
25,2012-09-07,671482.9,1,72.79,3.911,215.2189573,7.28,2012,9,7,36,3,Friday,36,September,2012-09,714828.73,717826.7474999999,35438.81904576685
25,2012-09-14,657241.63,0,60.9,3.948,215.3583757,7.28,2012,9,14,37,3,Friday,37,September,2012-09,671482.9,700020.225,44932.41917460355
25,2012-09-21,664745.2,0,57.6,4.038,215.5475459,7.28,2012,9,21,38,3,Friday,38,September,2012-09,657241.63,677074.615,25832.810173155343
25,2012-09-28,683300.84,0,54.52,3.997,215.7367162,7.28,2012,9,28,39,3,Friday,39,September,2012-09,664745.2,669192.6425,11058.826952276764
25,2012-10-05,699536.73,0,57.58,3.985,215.9258865,7.293,2012,10,5,40,4,Friday,40,October,2012-10,683300.84,676206.1,19023.292591411275
25,2012-10-12,697317.41,0,43.74,4.0,216.1150568,7.293,2012,10,12,41,4,Friday,41,October,2012-10,699536.73,686225.045,16022.65307763173
25,2012-10-19,685531.85,0,51.93,3.969,216.1464699,7.293,2012,10,19,42,4,Friday,42,October,2012-10,697317.41,691421.7075,8190.478383806316
25,2012-10-26,688940.94,0,56.69,3.882,216.1515902,7.293,2012,10,26,43,4,Friday,43,October,2012-10,685531.85,692831.7324999999,6670.95307785414
26,2010-02-26,855385.01,0,27.32,2.753,131.686,8.488,2010,2,26,8,1,Friday,8,February,2010-02,999348.55,976134.215,81742.94692365387
26,2010-03-05,1005669.58,0,28.6,2.766,131.735,8.488,2010,3,5,9,1,Friday,9,March,2010-03,855385.01,969021.8075,76055.81479860444
26,2010-03-12,963382.09,0,31.1,2.805,131.784,8.488,2010,3,12,10,1,Friday,10,March,2010-03,1005669.58,955946.3075,69579.74776807989
26,2010-03-19,903366.55,0,35.34,2.834,131.8242903,8.488,2010,3,19,11,1,Friday,11,March,2010-03,963382.09,931950.8075,66085.20778040738
26,2010-03-26,893613.0,0,35.26,2.831,131.863129,8.488,2010,3,26,12,1,Friday,12,March,2010-03,903366.55,941507.805,52737.98565984759
26,2010-04-02,1029849.2,0,36.53,2.826,131.9019677,8.512,2010,4,2,13,2,Friday,13,April,2010-04,893613.0,947552.71,62942.276698400856
26,2010-04-09,1022293.81,0,50.13,2.849,131.9408065,8.512,2010,4,9,14,2,Friday,14,April,2010-04,1029849.2,962280.64,73831.35209746641
26,2010-04-16,905548.38,0,36.6,2.885,131.9809,8.512,2010,4,16,15,2,Friday,15,April,2010-04,1022293.81,962826.0974999999,73256.84242504236
26,2010-04-23,881930.87,0,39.68,2.895,132.0226667,8.512,2010,4,23,16,2,Friday,16,April,2010-04,905548.38,959905.565,77069.58287301261
26,2010-04-30,904503.85,0,40.56,2.935,132.0644333,8.512,2010,4,30,17,2,Friday,17,April,2010-04,881930.87,928569.2275,63425.90314409627
26,2010-05-07,1074479.73,0,54.72,2.981,132.1062,8.512,2010,5,7,18,2,Friday,18,May,2010-05,904503.85,941615.7075,89243.61859982752
26,2010-05-14,972663.59,0,39.08,2.983,132.152129,8.512,2010,5,14,19,2,Friday,19,May,2010-05,1074479.73,958394.51,86468.25317957255
26,2010-05-21,986765.01,0,50.81,2.961,132.2230323,8.512,2010,5,21,20,2,Friday,20,May,2010-05,972663.59,984603.045,69859.20179092491
26,2010-05-28,1069851.59,0,61.65,2.906,132.2939355,8.512,2010,5,28,21,2,Friday,21,May,2010-05,986765.01,1025939.98,53719.6079310203
26,2010-06-04,1003202.66,0,58.46,2.857,132.3648387,8.512,2010,6,4,22,2,Friday,22,June,2010-06,1069851.59,1008120.7125,43004.50380507175
26,2010-06-11,1073862.59,0,51.62,2.83,132.4357419,8.512,2010,6,11,23,2,Friday,23,June,2010-06,1003202.66,1033420.4625,44917.107221919665
26,2010-06-18,1001286.67,0,53.62,2.805,132.4733333,8.512,2010,6,18,24,2,Friday,24,June,2010-06,1073862.59,1037050.8775,40231.70094888142
26,2010-06-25,976242.09,0,63.78,2.81,132.4976,8.512,2010,6,25,25,2,Friday,25,June,2010-06,1001286.67,1013648.5025,41979.78306228966
26,2010-07-02,1078455.48,0,58.9,2.815,132.5218667,8.445,2010,7,2,26,3,Friday,26,July,2010-07,976242.09,1032461.7075,51516.950399951806
26,2010-07-09,1122356.53,0,71.08,2.806,132.5461333,8.445,2010,7,9,27,3,Friday,27,July,2010-07,1078455.48,1044585.1925,67678.45305038641
26,2010-07-16,1028151.72,0,67.66,2.796,132.5667742,8.445,2010,7,16,28,3,Friday,28,July,2010-07,1122356.53,1051301.455,63129.45234919988
26,2010-07-23,971615.62,0,65.4,2.784,132.5825806,8.445,2010,7,23,29,3,Friday,29,July,2010-07,1028151.72,1050144.8375000001,64978.34570328916
26,2010-07-30,1005324.28,0,63.79,2.792,132.5983871,8.445,2010,7,30,30,3,Friday,30,July,2010-07,971615.62,1031862.0375,64644.93541259696
26,2010-08-06,1125329.77,0,62.93,2.792,132.6141935,8.445,2010,8,6,31,3,Friday,31,August,2010-08,1005324.28,1032605.3475,66034.4779397629
26,2010-08-13,1011938.29,0,61.58,2.81,132.63,8.445,2010,8,13,32,3,Friday,32,August,2010-08,1125329.77,1028551.99,66891.03196004537
26,2010-08-20,1007385.36,0,62.68,2.796,132.6616129,8.445,2010,8,20,33,3,Friday,33,August,2010-08,1011938.29,1037494.425,58622.060386577214
26,2010-08-27,977322.52,0,57.23,2.77,132.6932258,8.445,2010,8,27,34,3,Friday,34,August,2010-08,1007385.36,1030493.985,65062.414068175385
26,2010-09-03,1037549.71,0,66.93,2.735,132.7248387,8.445,2010,9,3,35,3,Friday,35,September,2010-09,977322.52,1008548.97,24691.264166668538
26,2010-09-10,1042226.3,1,54.82,2.717,132.7564516,8.445,2010,9,10,36,3,Friday,36,September,2010-09,1037549.71,1016120.9725,30123.68811456691
26,2010-09-17,923473.7,0,50.08,2.716,132.7670667,8.445,2010,9,17,37,3,Friday,37,September,2010-09,1042226.3,995143.0575,56181.91957626382
26,2010-09-24,868636.3,0,52.47,2.718,132.7619333,8.445,2010,9,24,38,3,Friday,38,September,2010-09,923473.7,967971.5025000001,86027.97760752826
26,2010-10-01,923221.52,0,57.8,2.717,132.7568,8.149,2010,10,1,39,4,Friday,39,October,2010-10,868636.3,939389.4550000001,73248.75200618876
26,2010-10-08,1001069.52,0,46.81,2.776,132.7516667,8.149,2010,10,8,40,4,Friday,40,October,2010-10,923221.52,929100.26,54472.2639063543
26,2010-10-15,937956.89,0,39.93,2.878,132.7633548,8.149,2010,10,15,41,4,Friday,41,October,2010-10,1001069.52,932721.0575000001,54454.94659082802
26,2010-10-22,916522.66,0,36.13,2.919,132.8170968,8.149,2010,10,22,42,4,Friday,42,October,2010-10,937956.89,944692.6475,38636.25108561288
26,2010-10-29,895069.88,0,40.3,2.938,132.8708387,8.149,2010,10,29,43,4,Friday,43,October,2010-10,916522.66,937654.7375,45758.644805897915
26,2010-11-05,970224.51,0,30.51,2.938,132.9245806,8.149,2010,11,5,44,4,Friday,44,November,2010-11,895069.88,929943.485,32057.56543117096
26,2010-11-12,971193.01,0,37.51,2.961,132.9783226,8.149,2010,11,12,45,4,Friday,45,November,2010-11,970224.51,938252.5149999999,38489.00812348637
26,2010-11-19,901972.7,0,36.73,3.03,132.9172,8.149,2010,11,19,46,4,Friday,46,November,2010-11,971193.01,934615.025,41774.49095282198
26,2010-11-26,1286833.62,1,28.11,3.07,132.8369333,8.149,2010,11,26,47,4,Friday,47,November,2010-11,901972.7,1032555.96,172587.88819913182
26,2010-12-03,1016143.64,0,27.73,3.065,132.7566667,8.149,2010,12,3,48,4,Friday,48,December,2010-12,1286833.62,1044035.7425,168539.56056150803
26,2010-12-10,1149612.04,0,16.6,3.132,132.6764,8.149,2010,12,10,49,4,Friday,49,December,2010-12,1016143.64,1088640.5,166431.87171933675
26,2010-12-17,1196813.33,0,20.61,3.139,132.6804516,8.149,2010,12,17,50,4,Friday,50,December,2010-12,1149612.04,1162350.6575000002,112875.22327873774
26,2010-12-24,1573982.47,0,21.81,3.15,132.7477419,8.149,2010,12,24,51,4,Friday,51,December,2010-12,1196813.33,1234137.87,239132.85964490715
26,2010-12-31,877268.29,1,18.73,3.177,132.8150323,8.149,2010,12,31,52,4,Friday,52,December,2010-12,1573982.47,1199419.0325,286685.888382233
26,2011-01-07,938149.21,0,21.13,3.193,132.8823226,7.907,2011,1,7,1,1,Friday,1,January,2011-01,877268.29,1146553.325,316842.99335891625
26,2011-01-14,812323.29,0,16.7,3.215,132.9510645,7.907,2011,1,14,2,1,Friday,2,January,2011-01,938149.21,1050430.815,352795.47795694874
26,2011-01-21,809833.21,0,12.98,3.232,133.0285161,7.907,2011,1,21,3,1,Friday,3,January,2011-01,812323.29,859393.5,61084.08682430079
26,2011-01-28,817485.14,0,5.54,3.243,133.1059677,7.907,2011,1,28,4,1,Friday,4,January,2011-01,809833.21,844447.7125,62548.896216855945
26,2011-02-04,911807.02,0,11.17,3.24,133.1834194,7.907,2011,2,4,5,1,Friday,5,February,2011-02,817485.14,837862.1649999999,49399.4641788724
26,2011-02-11,1010711.08,1,15.12,3.255,133.260871,7.907,2011,2,11,6,1,Friday,6,February,2011-02,911807.02,887459.1125,94350.42069967963
26,2011-02-18,981978.02,0,19.63,3.263,133.3701429,7.907,2011,2,18,7,1,Friday,7,February,2011-02,1010711.08,930495.3150000001,86034.08218489065
26,2011-02-25,910298.44,0,16.3,3.281,133.4921429,7.907,2011,2,25,8,1,Friday,8,February,2011-02,981978.02,953698.64,50624.8517173204
26,2011-03-04,945643.17,0,14.31,3.437,133.6141429,7.907,2011,3,4,9,1,Friday,9,March,2011-03,910298.44,962157.6775,43636.3317400875
26,2011-03-11,946614.55,0,28.13,3.6,133.7361429,7.907,2011,3,11,10,1,Friday,10,March,2011-03,945643.17,946133.545,29265.753432051843
26,2011-03-18,887426.12,0,31.76,3.634,133.8492258,7.907,2011,3,18,11,1,Friday,11,March,2011-03,946614.55,922495.5700000001,28845.409141025753
26,2011-03-25,866566.54,0,22.99,3.624,133.9587419,7.907,2011,3,25,12,1,Friday,12,March,2011-03,887426.12,911562.595,40813.9662886821
26,2011-04-01,849231.61,0,22.99,3.638,134.0682581,7.818,2011,4,1,13,2,Friday,13,April,2011-04,866566.54,887459.7050000001,42415.439036480966
26,2011-04-08,985229.81,0,29.09,3.72,134.1777742,7.818,2011,4,8,14,2,Friday,14,April,2011-04,849231.61,897113.52,60784.103115020655
26,2011-04-15,863266.12,0,39.46,3.823,134.2784667,7.818,2011,4,15,15,2,Friday,15,April,2011-04,985229.81,891073.52,63219.184700248494
26,2011-04-22,921700.61,0,33.81,3.919,134.3571,7.818,2011,4,22,16,2,Friday,16,April,2011-04,863266.12,904857.0375,62095.30604092619
26,2011-04-29,873450.29,0,47.17,3.988,134.4357333,7.818,2011,4,29,17,2,Friday,17,April,2011-04,921700.61,910911.7075,55716.6659258677
26,2011-05-06,1024778.23,0,45.0,4.078,134.5143667,7.818,2011,5,6,18,2,Friday,18,May,2011-05,873450.29,920798.8125,73856.67605031295
26,2011-05-13,941008.85,0,48.2,4.095,134.593,7.818,2011,5,13,19,2,Friday,19,May,2011-05,1024778.23,940234.4949999999,63118.6123740882
26,2011-05-20,938334.62,0,48.86,4.101,134.6803871,7.818,2011,5,20,20,2,Friday,20,May,2011-05,941008.85,944392.9974999999,62029.05164448771
26,2011-05-27,996723.58,0,56.74,4.034,134.7677742,7.818,2011,5,27,21,2,Friday,21,May,2011-05,938334.62,975211.32,42619.85395816614
26,2011-06-03,1054454.4,0,60.49,3.973,134.8551613,7.818,2011,6,3,22,2,Friday,22,June,2011-06,996723.58,982630.3624999999,54929.57384602359
26,2011-06-10,1094058.68,0,59.85,3.924,134.9425484,7.818,2011,6,10,23,2,Friday,23,June,2011-06,1054454.4,1020892.8199999998,68018.70152404923
26,2011-06-17,981646.46,0,54.5,3.873,135.0837333,7.818,2011,6,17,24,2,Friday,24,June,2011-06,1094058.68,1031720.78,52073.89872740555
26,2011-06-24,997474.93,0,56.94,3.851,135.2652667,7.818,2011,6,24,25,2,Friday,25,June,2011-06,981646.46,1031908.6174999999,51906.66588115357
26,2011-07-01,1070119.09,0,59.89,3.815,135.4468,7.767,2011,7,1,26,3,Friday,26,July,2011-07,997474.93,1035824.79,54690.913811558814
26,2011-07-08,1133807.03,0,63.34,3.784,135.6283333,7.767,2011,7,8,27,3,Friday,27,July,2011-07,1070119.09,1045761.8775000002,70208.35358555971
26,2011-07-15,1021534.7,0,64.43,3.827,135.7837419,7.767,2011,7,15,28,3,Friday,28,July,2011-07,1133807.03,1055733.9375,60183.16537988484
26,2011-07-22,1017867.8,0,69.52,3.882,135.8738387,7.767,2011,7,22,29,3,Friday,29,July,2011-07,1021534.7,1060832.155,54165.811212739216
26,2011-07-29,1005360.5,0,63.32,3.898,135.9639355,7.767,2011,7,29,30,3,Friday,30,July,2011-07,1017867.8,1044642.5075000001,59844.92157526863
26,2011-08-05,1107552.43,0,63.16,3.903,136.0540323,7.767,2011,8,5,31,3,Friday,31,August,2011-08,1005360.5,1038078.8574999999,46830.418127762394
26,2011-08-12,1087644.5,0,62.99,3.88,136.144129,7.767,2011,8,12,32,3,Friday,32,August,2011-08,1107552.43,1054606.3075,50562.44173002361
26,2011-08-19,1021766.75,0,60.58,3.82,136.183129,7.767,2011,8,19,33,3,Friday,33,August,2011-08,1087644.5,1055581.045,49647.42253060987
26,2011-08-26,1064617.62,0,61.1,3.796,136.2136129,7.767,2011,8,26,34,3,Friday,34,August,2011-08,1021766.75,1070395.3250000002,36861.47343663232
26,2011-09-02,1040143.14,0,59.67,3.784,136.2440968,7.767,2011,9,2,35,3,Friday,35,September,2011-09,1064617.62,1053543.0025,28721.918590024117
26,2011-09-09,1069710.97,1,60.98,3.809,136.2745806,7.767,2011,9,9,36,3,Friday,36,September,2011-09,1040143.14,1049059.62,22307.95066972959
26,2011-09-16,951569.84,0,55.19,3.809,136.3145,7.767,2011,9,16,37,3,Friday,37,September,2011-09,1069710.97,1031510.3925,54834.26209185222
26,2011-09-23,923644.6,0,50.72,3.758,136.367,7.767,2011,9,23,38,3,Friday,38,September,2011-09,951569.84,996267.1375,69739.94905936906
26,2011-09-30,959339.51,0,59.42,3.684,136.4195,7.767,2011,9,30,39,3,Friday,39,September,2011-09,923644.6,976066.23,64283.800205325926
26,2011-10-07,1130022.99,0,46.84,3.633,136.472,7.598,2011,10,7,40,4,Friday,40,October,2011-10,959339.51,991144.235,93845.94217372891
26,2011-10-14,987886.08,0,53.91,3.583,136.5150968,7.598,2011,10,14,41,4,Friday,41,October,2011-10,1130022.99,1000223.295,90435.88539195078
26,2011-10-21,974907.28,0,45.23,3.618,136.5017742,7.598,2011,10,21,42,4,Friday,42,October,2011-10,987886.08,1013038.965,78857.64938009017
26,2011-10-28,972256.98,0,35.06,3.604,136.4884516,7.598,2011,10,28,43,4,Friday,43,October,2011-10,974907.28,1016268.3324999999,76143.30824767788
26,2011-11-04,988950.75,0,31.7,3.586,136.475129,7.598,2011,11,4,44,4,Friday,44,November,2011-11,972256.98,981000.2725,8644.731704926337
26,2011-11-11,1077640.13,0,40.08,3.57,136.4618065,7.598,2011,11,11,45,4,Friday,45,November,2011-11,988950.75,1003438.7849999999,50006.9811746085
26,2011-11-18,946091.79,0,37.78,3.571,136.4666667,7.598,2011,11,18,46,4,Friday,46,November,2011-11,1077640.13,996234.9125,57064.707249966006
26,2011-11-25,1282320.05,1,31.07,3.536,136.4788,7.598,2011,11,25,47,4,Friday,47,November,2011-11,946091.79,1073750.68,149448.0179945919
26,2011-12-02,1012498.49,0,36.74,3.501,136.4909333,7.598,2011,12,2,48,4,Friday,48,December,2011-12,1282320.05,1079637.615,145403.24261004847
26,2011-12-09,1148987.46,0,34.24,3.47,136.5030667,7.598,2011,12,9,49,4,Friday,49,December,2011-12,1012498.49,1097474.4475,149397.80181918823
26,2011-12-16,1204807.83,0,28.24,3.445,136.5335161,7.598,2011,12,16,50,4,Friday,50,December,2011-12,1148987.46,1162153.4575,113767.83117973871
26,2011-12-23,1515175.01,0,22.53,3.413,136.5883871,7.598,2011,12,23,51,4,Friday,51,December,2011-12,1204807.83,1220367.1975,212491.73059307746
26,2011-12-30,972834.42,1,18.8,3.402,136.6432581,7.598,2011,12,30,52,4,Friday,52,December,2011-12,1515175.01,1210451.18,225926.22208605014
26,2012-01-06,971557.62,0,22.94,3.439,136.698129,7.467,2012,1,6,1,1,Friday,1,January,2012-01,972834.42,1166093.72,257261.20356611282
26,2012-01-13,836305.65,0,25.55,3.523,136.753,7.467,2012,1,13,2,1,Friday,2,January,2012-01,971557.62,1073968.175,301033.1682810052
26,2012-01-20,838751.5,0,15.22,3.542,136.8564194,7.467,2012,1,20,3,1,Friday,3,January,2012-01,836305.65,904862.2975000001,77758.44422110343
26,2012-01-27,820059.89,0,24.16,3.568,136.9598387,7.467,2012,1,27,4,1,Friday,4,January,2012-01,838751.5,866668.665,70416.26604111775
26,2012-02-03,939158.25,0,25.24,3.633,137.0632581,7.467,2012,2,3,5,1,Friday,5,February,2012-02,820059.89,858568.8225,54362.882030240224
26,2012-02-10,1081005.64,1,23.89,3.655,137.1666774,7.467,2012,2,10,6,1,Friday,6,February,2012-02,939158.25,919743.82,119553.24682774144
26,2012-02-17,965788.76,0,23.9,3.703,137.2583103,7.467,2012,2,17,7,1,Friday,7,February,2012-02,1081005.64,951503.135,107089.83880323528
26,2012-02-24,917924.47,0,28.06,3.751,137.3411034,7.467,2012,2,24,8,1,Friday,8,February,2012-02,965788.76,975969.28,72710.68653028645
26,2012-03-02,955641.74,0,22.49,3.827,137.4238966,7.467,2012,3,2,9,1,Friday,9,March,2012-03,917924.47,980090.1525000001,70358.04241938135
26,2012-03-09,1028569.01,0,29.03,3.876,137.5066897,7.467,2012,3,9,10,1,Friday,10,March,2012-03,955641.74,966980.995,45933.380617897434
26,2012-03-16,919503.4,0,35.06,3.867,137.5843871,7.467,2012,3,16,11,1,Friday,11,March,2012-03,1028569.01,955409.6549999999,51790.42166936649
26,2012-03-23,874790.68,0,49.97,3.889,137.6552903,7.467,2012,3,23,12,1,Friday,12,March,2012-03,919503.4,944626.2075,65002.28817946277
26,2012-03-30,922018.43,0,33.33,3.921,137.7261935,7.467,2012,3,30,13,1,Friday,13,March,2012-03,874790.68,936220.38,65276.41306804406
26,2012-04-06,1116829.23,0,33.35,3.957,137.7970968,7.489,2012,4,6,14,2,Friday,14,April,2012-04,922018.43,958285.435,107899.4144808382
26,2012-04-13,889670.29,0,36.9,4.025,137.868,7.489,2012,4,13,15,2,Friday,15,April,2012-04,1116829.23,950827.1575000001,112410.46690216019
26,2012-04-20,923600.02,0,50.81,4.046,137.9230667,7.489,2012,4,20,16,2,Friday,16,April,2012-04,889670.29,963029.4925,103718.40465978366
26,2012-04-27,911969.0,0,43.6,4.023,137.9781333,7.489,2012,4,27,17,2,Friday,17,April,2012-04,923600.02,960517.135,105154.71344903238
26,2012-05-04,946573.29,0,40.29,3.991,138.0332,7.489,2012,5,4,18,2,Friday,18,May,2012-05,911969.0,917953.15,23711.66924686811
26,2012-05-11,1062548.73,0,47.11,3.947,138.0882667,7.489,2012,5,11,19,2,Friday,19,May,2012-05,946573.29,961172.76,69096.43649028231
26,2012-05-18,978082.84,0,52.55,3.899,138.1065806,7.489,2012,5,18,20,2,Friday,20,May,2012-05,1062548.73,974793.465,64433.68219256525
26,2012-05-25,1067310.74,0,58.2,3.85,138.1101935,7.489,2012,5,25,21,2,Friday,21,May,2012-05,978082.84,1013628.9,60648.899212351345
26,2012-06-01,1015853.03,0,58.51,3.798,138.1138065,7.489,2012,6,1,22,2,Friday,22,June,2012-06,1067310.74,1030948.835,42203.62644440915
26,2012-06-08,1106176.83,0,49.43,3.746,138.1174194,7.489,2012,6,8,23,2,Friday,23,June,2012-06,1015853.03,1041855.8600000001,56356.849171105394
26,2012-06-15,1029248.22,0,57.84,3.683,138.1295333,7.489,2012,6,15,24,2,Friday,24,June,2012-06,1106176.83,1054647.205,40684.82036459144
26,2012-06-22,1056282.91,0,63.04,3.629,138.1629,7.489,2012,6,22,25,2,Friday,25,June,2012-06,1029248.22,1051890.2475,39906.85395526609
26,2012-06-29,1051190.44,0,60.71,3.577,138.1962667,7.489,2012,6,29,26,2,Friday,26,June,2012-06,1056282.91,1060724.5999999999,32492.54543654848
26,2012-07-06,1180470.8,0,64.94,3.538,138.2296333,7.405,2012,7,6,27,3,Friday,27,July,2012-07,1051190.44,1079298.0924999998,68460.80444243335
26,2012-07-13,1063149.78,0,64.47,3.561,138.263,7.405,2012,7,13,28,3,Friday,28,July,2012-07,1180470.8,1087773.4825,61992.18916239439
26,2012-07-20,1049625.9,0,66.75,3.61,138.2331935,7.405,2012,7,20,29,3,Friday,29,July,2012-07,1063149.78,1086109.23,63197.039751662945
26,2012-07-27,1031745.14,0,64.12,3.701,138.2033871,7.405,2012,7,27,30,3,Friday,30,July,2012-07,1049625.9,1081247.905,67387.43691906109
26,2012-08-03,1090915.09,0,65.6,3.698,138.1735806,7.405,2012,8,3,31,3,Friday,31,August,2012-08,1031745.14,1058858.9775,24942.702598846878
26,2012-08-10,1121476.51,0,67.01,3.772,138.1437742,7.405,2012,8,10,32,3,Friday,32,August,2012-08,1090915.09,1073440.66,40490.5658599417
26,2012-08-17,1068292.56,0,65.54,3.84,138.1857097,7.405,2012,8,17,33,3,Friday,33,August,2012-08,1121476.51,1078107.3250000002,37818.45608446709
26,2012-08-24,1022704.2,0,62.08,3.874,138.2814516,7.405,2012,8,24,34,3,Friday,34,August,2012-08,1068292.56,1075847.09,41594.57606711412
26,2012-08-31,1053495.51,0,63.69,3.884,138.3771935,7.405,2012,8,31,35,3,Friday,35,August,2012-08,1022704.2,1066492.195,41282.83960380786
26,2012-09-07,1081874.03,1,61.58,3.921,138.4729355,7.405,2012,9,7,36,3,Friday,36,September,2012-09,1053495.51,1056591.5750000002,25390.650403062704
26,2012-09-14,986131.94,0,57.69,3.988,138.5673,7.405,2012,9,14,37,3,Friday,37,September,2012-09,1081874.03,1036051.4199999999,41126.27152376225
26,2012-09-21,961084.08,0,52.68,4.056,138.6534,7.405,2012,9,21,38,3,Friday,38,September,2012-09,986131.94,1020646.39,56470.65496368397
26,2012-09-28,964726.37,0,50.66,4.018,138.7395,7.405,2012,9,28,39,3,Friday,39,September,2012-09,961084.08,998454.105,56700.377758951916
26,2012-10-05,1095504.26,0,54.07,4.027,138.8256,7.138,2012,10,5,40,4,Friday,40,October,2012-10,964726.37,1001861.6625,63398.74189098367
26,2012-10-12,1044639.69,0,45.19,4.029,138.9117,7.138,2012,10,12,41,4,Friday,41,October,2012-10,1095504.26,1016488.6,65281.308413222294
26,2012-10-19,975578.02,0,43.51,4.0,138.8336129,7.138,2012,10,19,42,4,Friday,42,October,2012-10,1044639.69,1020112.085,61472.06365429155
26,2012-10-26,958619.8,0,46.95,3.917,138.7281613,7.138,2012,10,26,43,4,Friday,43,October,2012-10,975578.02,1018585.4424999999,63353.09771147894
27,2010-02-26,1390934.27,0,36.0,2.91,135.5195191,8.237,2010,2,26,8,1,Friday,8,February,2010-02,1945070.33,1738914.2775,246277.9699157006
27,2010-03-05,1313729.72,0,38.07,2.919,135.5732602,8.237,2010,3,5,9,1,Friday,9,March,2010-03,1390934.27,1598774.26,297689.43320717535
27,2010-03-12,1925113.12,0,45.98,2.938,135.6270013,8.237,2010,3,12,10,1,Friday,10,March,2010-03,1313729.72,1643711.86,338027.7697150122
27,2010-03-19,1700627.97,0,49.04,2.96,135.6682247,8.237,2010,3,19,11,1,Friday,11,March,2010-03,1925113.12,1582601.27,283003.42671171244
27,2010-03-26,1836714.84,0,52.34,2.963,135.7073618,8.237,2010,3,26,12,1,Friday,12,March,2010-03,1700627.97,1694046.4125,269833.40972624737
27,2010-04-02,2053952.97,0,46.9,2.957,135.7464988,8.058,2010,4,2,13,2,Friday,13,April,2010-04,1836714.84,1879102.225,148705.00506113825
27,2010-04-09,1955814.13,0,62.62,2.992,135.7856359,8.058,2010,4,9,14,2,Friday,14,April,2010-04,2053952.97,1886777.4775,152612.37553244978
27,2010-04-16,1857500.96,0,54.95,3.01,135.82725,8.058,2010,4,16,15,2,Friday,15,April,2010-04,1955814.13,1925995.725,99874.59317150798
27,2010-04-23,1850205.47,0,53.91,3.021,135.8721667,8.058,2010,4,23,16,2,Friday,16,April,2010-04,1857500.96,1929368.3825,96007.62146075572
27,2010-04-30,1805885.04,0,53.55,3.042,135.9170833,8.058,2010,4,30,17,2,Friday,17,April,2010-04,1850205.47,1867351.4,63231.80131985537
27,2010-05-07,1939458.84,0,69.02,3.095,135.962,8.058,2010,5,7,18,2,Friday,18,May,2010-05,1805885.04,1863262.5775,55682.84152536184
27,2010-05-14,1842465.78,0,53.82,3.112,136.010394,8.058,2010,5,14,19,2,Friday,19,May,2010-05,1939458.84,1859503.7825,56699.59703456826
27,2010-05-21,1836595.58,0,63.31,3.096,136.0796521,8.058,2010,5,21,20,2,Friday,20,May,2010-05,1842465.78,1856101.31,57840.44940358945
27,2010-05-28,1962468.67,0,67.88,3.046,136.1489101,8.058,2010,5,28,21,2,Friday,21,May,2010-05,1836595.58,1895247.2175,65062.24190801237
27,2010-06-04,2073102.59,0,74.29,3.006,136.2181682,8.058,2010,6,4,22,2,Friday,22,June,2010-06,1962468.67,1928658.155,112415.87810566906
27,2010-06-11,1873812.93,0,68.9,2.972,136.2874263,8.058,2010,6,11,23,2,Friday,23,June,2010-06,2073102.59,1936494.9425,105269.81396184654
27,2010-06-18,1887182.27,0,70.0,2.942,136.3243393,8.058,2010,6,18,24,2,Friday,24,June,2010-06,1873812.93,1949141.615,91391.65704917534
27,2010-06-25,1962625.01,0,78.02,2.958,136.3483143,8.058,2010,6,25,25,2,Friday,25,June,2010-06,1887182.27,1949180.7,91399.28951180154
27,2010-07-02,2024554.1,0,76.25,2.958,136.3722893,7.982,2010,7,2,26,3,Friday,26,July,2010-07,1962625.01,1937043.5775000001,70230.01733792128
27,2010-07-09,2119163.01,0,82.69,2.94,136.3962643,7.982,2010,7,9,27,3,Friday,27,July,2010-07,2024554.1,1998381.0975000001,98178.36400773436
27,2010-07-16,1880691.64,0,78.26,2.933,136.4179827,7.982,2010,7,16,28,3,Friday,28,July,2010-07,2119163.01,1996758.44,100651.32980993665
27,2010-07-23,1808250.71,0,81.56,2.924,136.4366924,7.982,2010,7,23,29,3,Friday,29,July,2010-07,1880691.64,1958164.865,140005.10428622627
27,2010-07-30,1816489.53,0,79.78,2.932,136.4554021,7.982,2010,7,30,30,3,Friday,30,July,2010-07,1808250.71,1906148.7225,145654.77607428105
27,2010-08-06,1908036.68,0,77.45,2.942,136.4741118,7.982,2010,8,6,31,3,Friday,31,August,2010-08,1816489.53,1853367.14,48753.930710999404
27,2010-08-13,1864436.12,0,77.36,2.923,136.4928214,7.982,2010,8,13,32,3,Friday,32,August,2010-08,1908036.68,1849303.26,46334.54727915083
27,2010-08-20,1936878.46,0,75.16,2.913,136.5249182,7.982,2010,8,20,33,3,Friday,33,August,2010-08,1864436.12,1881460.1975,52562.66130601806
27,2010-08-27,1870684.21,0,70.31,2.885,136.557015,7.982,2010,8,27,34,3,Friday,34,August,2010-08,1936878.46,1895008.8675,33907.56320175255
27,2010-09-03,1908110.9,0,78.52,2.86,136.5891118,7.982,2010,9,3,35,3,Friday,35,September,2010-09,1870684.21,1895027.4225,33917.087663822844
27,2010-09-10,1913494.81,1,70.38,2.837,136.6212085,7.982,2010,9,10,36,3,Friday,36,September,2010-09,1908110.9,1907292.095,27414.31714199721
27,2010-09-17,1629978.46,0,64.5,2.846,136.6338071,7.982,2010,9,17,37,3,Friday,37,September,2010-09,1913494.81,1830567.095,135074.33881149266
27,2010-09-24,1597002.71,0,67.08,2.837,136.6317821,7.982,2010,9,24,38,3,Friday,38,September,2010-09,1629978.46,1762146.72,172194.44356117494
27,2010-10-01,1543532.83,0,70.19,2.84,136.6297571,8.021,2010,10,1,39,4,Friday,39,October,2010-10,1597002.71,1671002.2025,165539.49977438027
27,2010-10-08,1707662.87,0,57.78,2.903,136.6277321,8.021,2010,10,8,40,4,Friday,40,October,2010-10,1543532.83,1619544.2175,68701.33653481955
27,2010-10-15,1728388.2,0,58.38,2.999,136.6401935,8.021,2010,10,15,41,4,Friday,41,October,2010-10,1707662.87,1644146.6525,88462.121466773
27,2010-10-22,1693935.29,0,52.82,3.049,136.688871,8.021,2010,10,22,42,4,Friday,42,October,2010-10,1728388.2,1668379.7975,84427.51653836052
27,2010-10-29,1688955.49,0,61.02,3.055,136.7375484,8.021,2010,10,29,43,4,Friday,43,October,2010-10,1693935.29,1704735.4625000001,17641.550990443237
27,2010-11-05,1686010.02,0,45.91,3.049,136.7862258,8.021,2010,11,5,44,4,Friday,44,November,2010-11,1688955.49,1699322.25,19651.411890873787
27,2010-11-12,1828010.25,0,45.9,3.065,136.8349032,8.021,2010,11,12,45,4,Friday,45,November,2010-11,1686010.02,1724227.7625,69265.59427537191
27,2010-11-19,1704785.74,0,50.81,3.138,136.7715714,8.021,2010,11,19,46,4,Friday,46,November,2010-11,1828010.25,1726940.375,67882.4791665418
27,2010-11-26,2627910.75,1,46.67,3.186,136.6895714,8.021,2010,11,26,47,4,Friday,47,November,2010-11,1704785.74,1961679.19,448597.6716398743
27,2010-12-03,1884343.67,0,41.81,3.2,136.6075714,8.021,2010,12,3,48,4,Friday,48,December,2010-12,2627910.75,2011262.6025,417880.70274770627
27,2010-12-10,2139733.68,0,30.83,3.255,136.5255714,8.021,2010,12,10,49,4,Friday,49,December,2010-12,1884343.67,2089193.46,401041.7118959225
27,2010-12-17,2350098.36,0,31.62,3.301,136.5292811,8.021,2010,12,17,50,4,Friday,50,December,2010-12,2139733.68,2250521.615,315540.98587813287
27,2010-12-24,3078162.08,0,31.34,3.309,136.597273,8.021,2010,12,24,51,4,Friday,51,December,2010-12,2350098.36,2363084.4475,513349.4444510186
27,2010-12-31,1440963.0,1,29.59,3.336,136.665265,8.021,2010,12,31,52,4,Friday,52,December,2010-12,3078162.08,2252239.2800000003,673931.644313251
27,2011-01-07,1568159.48,0,34.42,3.351,136.7332569,7.827,2011,1,7,1,1,Friday,1,January,2011-01,1440963.0,2109345.73,760741.9579661592
27,2011-01-14,1532308.62,0,25.7,3.367,136.803477,7.827,2011,1,14,2,1,Friday,2,January,2011-01,1568159.48,1904898.295,784006.794737451
27,2011-01-21,1517029.9,0,30.13,3.391,136.8870657,7.827,2011,1,21,3,1,Friday,3,January,2011-01,1532308.62,1514615.25,53574.012272543856
27,2011-01-28,1421111.55,0,23.64,3.402,136.9706544,7.827,2011,1,28,4,1,Friday,4,January,2011-01,1517029.9,1509652.3875,62796.74179389641
27,2011-02-04,1628100.79,0,28.7,3.4,137.0542431,7.827,2011,2,4,5,1,Friday,5,February,2011-02,1421111.55,1524637.715,84732.90655673537
27,2011-02-11,1636224.77,1,30.45,3.416,137.1378318,7.827,2011,2,11,6,1,Friday,6,February,2011-02,1628100.79,1550616.7525000002,102032.97320475339
27,2011-02-18,1709365.19,0,39.32,3.42,137.2511849,7.827,2011,2,18,7,1,Friday,7,February,2011-02,1636224.77,1598700.575,123904.47485327085
27,2011-02-25,1688935.71,0,33.05,3.452,137.3764439,7.827,2011,2,25,8,1,Friday,8,February,2011-02,1709365.19,1665656.615,39703.18746266205
27,2011-03-04,1656130.67,0,36.99,3.605,137.5017028,7.827,2011,3,4,9,1,Friday,9,March,2011-03,1688935.71,1672664.085,32725.70028583384
27,2011-03-11,1613259.77,0,43.64,3.752,137.6269617,7.827,2011,3,11,10,1,Friday,10,March,2011-03,1656130.67,1666922.835,41960.75759680967
27,2011-03-18,1624539.21,0,46.65,3.796,137.7398929,7.827,2011,3,18,11,1,Friday,11,March,2011-03,1613259.77,1645716.34,34050.31563118093
27,2011-03-25,1554651.08,0,40.11,3.789,137.8478929,7.827,2011,3,25,12,1,Friday,12,March,2011-03,1624539.21,1612145.1825,42407.34667429123
27,2011-04-01,1628868.28,0,37.27,3.811,137.9558929,7.725,2011,4,1,13,2,Friday,13,April,2011-04,1554651.08,1605329.585,34420.33584048043
27,2011-04-08,1689844.18,0,46.87,3.895,138.0638929,7.725,2011,4,8,14,2,Friday,14,April,2011-04,1628868.28,1624475.6875,55280.54066375784
27,2011-04-15,1727175.61,0,52.24,3.981,138.1646952,7.725,2011,4,15,15,2,Friday,15,April,2011-04,1689844.18,1650134.7875,75457.55302020282
27,2011-04-22,1921655.48,0,50.02,4.061,138.2475036,7.725,2011,4,22,16,2,Friday,16,April,2011-04,1727175.61,1741885.8875,126510.62877124075
27,2011-04-29,1642074.64,0,61.71,4.117,138.3303119,7.725,2011,4,29,17,2,Friday,17,April,2011-04,1921655.48,1745187.4774999998,122692.73424922637
27,2011-05-06,1757041.96,0,56.48,4.192,138.4131202,7.725,2011,5,6,18,2,Friday,18,May,2011-05,1642074.64,1761986.9224999999,117060.21795154699
27,2011-05-13,1763545.32,0,60.07,4.211,138.4959286,7.725,2011,5,13,19,2,Friday,19,May,2011-05,1757041.96,1771079.35,114846.55858146175
27,2011-05-20,1725268.56,0,60.22,4.202,138.587106,7.725,2011,5,20,20,2,Friday,20,May,2011-05,1763545.32,1721982.62,55835.16819440067
27,2011-05-27,1820723.17,0,66.43,4.134,138.6782834,7.725,2011,5,27,21,2,Friday,21,May,2011-05,1725268.56,1766644.7525,39742.020795470526
27,2011-06-03,2053708.01,0,74.17,4.069,138.7694608,7.725,2011,6,3,22,2,Friday,22,June,2011-06,1820723.17,1840811.2650000001,147251.14433939653
27,2011-06-10,1817914.71,0,73.26,4.025,138.8606382,7.725,2011,6,10,23,2,Friday,23,June,2011-06,2053708.01,1854403.6125,140076.07083256266
27,2011-06-17,1814740.09,0,67.03,3.989,139.0028333,7.725,2011,6,17,24,2,Friday,24,June,2011-06,1817914.71,1876771.495,117982.99513413273
27,2011-06-24,1811455.15,0,72.02,3.964,139.1832917,7.725,2011,6,24,25,2,Friday,25,June,2011-06,1814740.09,1874454.4900000002,119531.44295210317
27,2011-07-01,1949983.93,0,73.76,3.916,139.36375,7.85,2011,7,1,26,3,Friday,26,July,2011-07,1811455.15,1848523.47,67691.69876234778
27,2011-07-08,2000055.27,0,76.87,3.886,139.5442083,7.85,2011,7,8,27,3,Friday,27,July,2011-07,1949983.93,1894058.6099999999,95703.87064137166
27,2011-07-15,1762155.79,0,77.83,3.915,139.7006325,7.85,2011,7,15,28,3,Friday,28,July,2011-07,2000055.27,1880912.535,112388.22851254002
27,2011-07-22,1754879.45,0,82.28,3.972,139.7969712,7.85,2011,7,22,29,3,Friday,29,July,2011-07,1762155.79,1866768.61,126692.73782201999
27,2011-07-29,1744879.06,0,79.41,4.004,139.8933099,7.85,2011,7,29,30,3,Friday,30,July,2011-07,1754879.45,1815492.3925,123245.58199328186
27,2011-08-05,1747289.53,0,78.14,4.02,139.9896486,7.85,2011,8,5,31,3,Friday,31,August,2011-08,1744879.06,1752300.9575,7830.821908021558
27,2011-08-12,1758437.96,0,76.67,3.995,140.0859873,7.85,2011,8,12,32,3,Friday,32,August,2011-08,1747289.53,1751371.5,6352.29161720866
27,2011-08-19,1781905.24,0,72.97,3.942,140.1289205,7.85,2011,8,19,33,3,Friday,33,August,2011-08,1758437.96,1758127.9475,16916.067906719396
27,2011-08-26,2034400.78,0,72.88,3.906,140.1629528,7.85,2011,8,26,34,3,Friday,34,August,2011-08,1781905.24,1830508.3775000002,136691.74375203965
27,2011-09-02,1511717.53,0,71.44,3.879,140.196985,7.85,2011,9,2,35,3,Friday,35,September,2011-09,2034400.78,1771615.3775,213606.01154497813
27,2011-09-09,1911470.84,1,70.93,3.93,140.2310173,7.85,2011,9,9,36,3,Friday,36,September,2011-09,1511717.53,1809873.5975000001,223914.9577952203
27,2011-09-16,1613773.9,0,69.65,3.937,140.2735,7.85,2011,9,16,37,3,Friday,37,September,2011-09,1911470.84,1767840.7625,245641.71092541862
27,2011-09-23,1606208.68,0,63.61,3.899,140.32725,7.85,2011,9,23,38,3,Friday,38,September,2011-09,1613773.9,1660792.7374999998,173448.47359488343
27,2011-09-30,1599626.26,0,70.92,3.858,140.381,7.85,2011,9,30,39,3,Friday,39,September,2011-09,1606208.68,1682769.9200000002,152576.81481057513
27,2011-10-07,1672339.27,0,56.91,3.775,140.43475,7.906,2011,10,7,40,4,Friday,40,October,2011-10,1599626.26,1622987.0274999999,33405.408549771855
27,2011-10-14,1682652.51,0,64.78,3.744,140.4784194,7.906,2011,10,14,41,4,Friday,41,October,2011-10,1672339.27,1640206.6800000002,43346.61200092029
27,2011-10-21,1689591.44,0,59.62,3.757,140.4616048,7.906,2011,10,21,42,4,Friday,42,October,2011-10,1682652.51,1661052.37,41559.618484887105
27,2011-10-28,1710372.4,0,51.81,3.757,140.4447903,7.906,2011,10,28,43,4,Friday,43,October,2011-10,1689591.44,1688738.9049999998,16069.921738784064
27,2011-11-04,1621109.3,0,44.46,3.738,140.4279758,7.906,2011,11,4,44,4,Friday,44,November,2011-11,1710372.4,1675931.4125,38398.850424826254
27,2011-11-11,1800728.07,0,49.69,3.719,140.4111613,7.906,2011,11,11,45,4,Friday,45,November,2011-11,1621109.3,1705450.3025000002,74087.75932654437
27,2011-11-18,1723739.44,0,51.42,3.717,140.4127857,7.906,2011,11,18,46,4,Friday,46,November,2011-11,1800728.07,1713987.3025,73617.15334708315
27,2011-11-25,2504400.71,1,47.88,3.689,140.4217857,7.906,2011,11,25,47,4,Friday,47,November,2011-11,1723739.44,1912494.3800000001,401405.24152286805
27,2011-12-02,1806924.74,0,50.55,3.666,140.4307857,7.906,2011,12,2,48,4,Friday,48,December,2011-12,2504400.71,1958948.24,365598.2965740864
27,2011-12-09,2014665.98,0,46.28,3.627,140.4397857,7.906,2011,12,9,49,4,Friday,49,December,2011-12,1806924.74,2012432.7175,350054.67687001295
27,2011-12-16,2205919.86,0,40.68,3.611,140.4700795,7.906,2011,12,16,50,4,Friday,50,December,2011-12,2014665.98,2132977.8225,296414.0161311463
27,2011-12-23,2739019.75,0,41.59,3.587,140.528765,7.906,2011,12,23,51,4,Friday,51,December,2011-12,2205919.86,2191632.5825,399647.40289553313
27,2011-12-30,1650604.6,1,37.85,3.566,140.5874505,7.906,2011,12,30,52,4,Friday,52,December,2011-12,2739019.75,2152552.5475,453782.72963612754
27,2012-01-06,1535287.4,0,35.8,3.585,140.6461359,8.009,2012,1,6,1,1,Friday,1,January,2012-01,1650604.6,2032707.9025,554469.3854574256
27,2012-01-13,1492399.13,0,41.3,3.666,140.7048214,8.009,2012,1,13,2,1,Friday,2,January,2012-01,1535287.4,1854327.72,593566.0950596678
27,2012-01-20,1542131.05,0,30.35,3.705,140.8086118,8.009,2012,1,20,3,1,Friday,3,January,2012-01,1492399.13,1555105.545,67362.84925633132
27,2012-01-27,1263534.86,0,36.96,3.737,140.9124021,8.009,2012,1,27,4,1,Friday,4,January,2012-01,1542131.05,1458338.11,131720.5492945235
27,2012-02-03,1564246.02,0,42.52,3.796,141.0161924,8.009,2012,2,3,5,1,Friday,5,February,2012-02,1263534.86,1465577.7650000001,138005.49635230826
27,2012-02-10,1651605.35,1,37.86,3.826,141.1199827,8.009,2012,2,10,6,1,Friday,6,February,2012-02,1564246.02,1505379.32,168014.65482623604
27,2012-02-17,1606221.56,0,37.24,3.874,141.2140357,8.009,2012,2,17,7,1,Friday,7,February,2012-02,1651605.35,1521401.9475000002,175573.6711956431
27,2012-02-24,1648602.39,0,41.74,3.917,141.3007857,8.009,2012,2,24,8,1,Friday,8,February,2012-02,1606221.56,1617668.83,41205.21464869556
27,2012-03-02,1509323.09,0,40.07,3.983,141.3875357,8.009,2012,3,2,9,1,Friday,9,March,2012-03,1648602.39,1603938.0975000001,66393.47314970173
27,2012-03-09,1607343.41,0,44.32,4.021,141.4742857,8.009,2012,3,9,10,1,Friday,10,March,2012-03,1509323.09,1592872.6125,59087.305996645046
27,2012-03-16,1635984.07,0,49.6,4.021,141.55478,8.009,2012,3,16,11,1,Friday,11,March,2012-03,1607343.41,1600313.2400000002,63068.43058103641
27,2012-03-23,1620839.34,0,57.3,4.054,141.6269332,8.009,2012,3,23,12,1,Friday,12,March,2012-03,1635984.07,1593372.4775,57241.193922520855
27,2012-03-30,1615494.14,0,49.4,4.098,141.6990864,8.009,2012,3,30,13,1,Friday,13,March,2012-03,1620839.34,1619915.24,12064.525037481564
27,2012-04-06,1899013.34,0,48.73,4.143,141.7712396,8.253,2012,4,6,14,2,Friday,14,April,2012-04,1615494.14,1692832.7225,137727.41168778506
27,2012-04-13,1650405.21,0,52.22,4.187,141.8433929,8.253,2012,4,13,15,2,Friday,15,April,2012-04,1899013.34,1696438.0075,135920.13831265885
27,2012-04-20,1639999.47,0,62.62,4.17,141.9015262,8.253,2012,4,20,16,2,Friday,16,April,2012-04,1650405.21,1701228.04,132666.52973873512
27,2012-04-27,1565498.84,0,52.33,4.163,141.9596595,8.253,2012,4,27,17,2,Friday,17,April,2012-04,1639999.47,1688729.215,145199.23778113016
27,2012-05-04,1669388.45,0,53.68,4.124,142.0177929,8.253,2012,5,4,18,2,Friday,18,May,2012-05,1565498.84,1631322.9925000002,45538.30033995229
27,2012-05-11,1674306.31,0,58.97,4.055,142.0759262,8.253,2012,5,11,19,2,Friday,19,May,2012-05,1669388.45,1637298.2675,50205.674668776526
27,2012-05-18,1707158.82,0,65.15,4.029,142.0970115,8.253,2012,5,18,20,2,Friday,20,May,2012-05,1674306.31,1654088.105,61393.362926825306
27,2012-05-25,1818906.73,0,64.77,3.979,142.1032776,8.253,2012,5,25,21,2,Friday,21,May,2012-05,1707158.82,1717440.0775,69691.38308638988
27,2012-06-01,1900638.6,0,73.4,3.915,142.1095438,8.253,2012,6,1,22,2,Friday,22,June,2012-06,1818906.73,1775252.615,104010.0129819406
27,2012-06-08,1764756.31,0,64.05,3.871,142.1158099,8.253,2012,6,8,23,2,Friday,23,June,2012-06,1900638.6,1797865.115,82318.41369950859
27,2012-06-15,1773500.56,0,69.52,3.786,142.1292548,8.253,2012,6,15,24,2,Friday,24,June,2012-06,1764756.31,1814450.55,62168.20375179587
27,2012-06-22,1837884.79,0,73.23,3.722,142.1606464,8.253,2012,6,22,25,2,Friday,25,June,2012-06,1773500.56,1819195.0650000002,63334.879929410956
27,2012-06-29,1842555.32,0,73.94,3.667,142.1920381,8.253,2012,6,29,26,2,Friday,26,June,2012-06,1837884.79,1804674.245,41243.81292387147
27,2012-07-06,2062224.92,0,82.08,3.646,142.2234298,8.239,2012,7,6,27,3,Friday,27,July,2012-07,1842555.32,1879041.3975,126121.86102860501
27,2012-07-13,1755889.53,0,78.95,3.689,142.2548214,8.239,2012,7,13,28,3,Friday,28,July,2012-07,2062224.92,1874638.64,131237.88640236118
27,2012-07-20,1730913.66,0,78.64,3.732,142.2337569,8.239,2012,7,20,29,3,Friday,29,July,2012-07,1755889.53,1847895.8575,150682.30066919592
27,2012-07-27,1625883.71,0,76.01,3.82,142.2126924,8.239,2012,7,27,30,3,Friday,30,July,2012-07,1730913.66,1793727.9549999998,187651.88768626933
27,2012-08-03,1705810.84,0,75.22,3.819,142.1916279,8.239,2012,8,3,31,3,Friday,31,August,2012-08,1625883.71,1704624.435,56334.54430693839
27,2012-08-10,1720537.26,0,78.44,3.863,142.1705634,8.239,2012,8,10,32,3,Friday,32,August,2012-08,1705810.84,1695786.3675000002,47726.32024503386
27,2012-08-17,1735339.59,0,76.51,3.963,142.2157385,8.239,2012,8,17,33,3,Friday,33,August,2012-08,1720537.26,1696892.85,48850.24206714957
27,2012-08-24,1780443.36,0,72.93,3.997,142.3105933,8.239,2012,8,24,34,3,Friday,34,August,2012-08,1735339.59,1735532.7625000002,32276.18758851573
27,2012-08-31,1731935.43,0,75.0,4.026,142.4054482,8.239,2012,8,31,35,3,Friday,35,August,2012-08,1780443.36,1742063.9100000001,26357.677117554016
27,2012-09-07,1840955.23,1,76.0,4.076,142.500303,8.239,2012,9,7,36,3,Friday,36,September,2012-09,1731935.43,1772168.4025,50908.92543058088
27,2012-09-14,1519604.5,0,68.72,4.088,142.5938833,8.239,2012,9,14,37,3,Friday,37,September,2012-09,1840955.23,1718234.63,139728.20309089552
27,2012-09-21,1557485.75,0,66.1,4.203,142.6798167,8.239,2012,9,21,38,3,Friday,38,September,2012-09,1519604.5,1662495.2275,150681.4129057784
27,2012-09-28,1540687.63,0,64.92,4.158,142.76575,8.239,2012,9,28,39,3,Friday,39,September,2012-09,1557485.75,1614683.2774999999,151641.99442559437
27,2012-10-05,1591816.88,0,64.5,4.151,142.8516833,8.0,2012,10,5,40,4,Friday,40,October,2012-10,1540687.63,1552398.69,30508.357906214576
27,2012-10-12,1660081.29,0,55.4,4.186,142.9376167,8.0,2012,10,12,41,4,Friday,41,October,2012-10,1591816.88,1587517.8875,52848.62350534447
27,2012-10-19,1620374.24,0,56.53,4.153,142.8633629,8.0,2012,10,19,42,4,Friday,42,October,2012-10,1660081.29,1603240.01,50225.495160639555
27,2012-10-26,1703047.74,0,58.99,4.071,142.7624113,8.0,2012,10,26,43,4,Friday,43,October,2012-10,1620374.24,1643830.0375,48395.531772674454
28,2010-02-26,1542173.33,0,50.23,2.825,126.5522857,13.975,2010,2,26,8,1,Friday,8,February,2010-02,1491300.42,1566198.6325,76393.34909338054
28,2010-03-05,1608435.45,0,53.77,2.987,126.5782857,13.975,2010,3,5,9,1,Friday,9,March,2010-03,1542173.33,1550219.4224999999,48310.939065301776
28,2010-03-12,1326877.11,0,50.11,2.925,126.6042857,13.975,2010,3,12,10,1,Friday,10,March,2010-03,1608435.45,1492196.5775,120194.95372555639
28,2010-03-19,1279819.43,0,59.57,3.054,126.6066452,13.975,2010,3,19,11,1,Friday,11,March,2010-03,1326877.11,1439326.33,160481.23265394924
28,2010-03-26,1245268.77,0,60.06,3.083,126.6050645,13.975,2010,3,26,12,1,Friday,12,March,2010-03,1279819.43,1365100.19,165635.5737247167
28,2010-04-02,1441559.4,0,59.84,3.086,126.6034839,14.099,2010,4,2,13,2,Friday,13,April,2010-04,1245268.77,1323381.1775,85591.05846602614
28,2010-04-09,1382359.21,0,59.25,3.09,126.6019032,14.099,2010,4,9,14,2,Friday,14,April,2010-04,1441559.4,1337251.7025,90690.14791480584
28,2010-04-16,1268240.66,0,64.95,3.109,126.5621,14.099,2010,4,16,15,2,Friday,15,April,2010-04,1382359.21,1334357.01,93282.09880102472
28,2010-04-23,1244177.21,0,64.55,3.05,126.4713333,14.099,2010,4,23,16,2,Friday,16,April,2010-04,1268240.66,1334084.1199999999,93630.53956216501
28,2010-04-30,1186971.02,0,67.38,3.105,126.3805667,14.099,2010,4,30,17,2,Friday,17,April,2010-04,1244177.21,1270437.025,82031.6024242731
28,2010-05-07,1532893.22,0,70.15,3.127,126.2898,14.099,2010,5,7,18,2,Friday,18,May,2010-05,1186971.02,1308070.5274999999,153708.7160247327
28,2010-05-14,1245898.73,0,68.44,3.145,126.2085484,14.099,2010,5,14,19,2,Friday,19,May,2010-05,1532893.22,1302485.045,156026.95466510265
28,2010-05-21,1217923.71,0,76.2,3.12,126.1843871,14.099,2010,5,21,20,2,Friday,20,May,2010-05,1245898.73,1295921.67,159803.77126883928
28,2010-05-28,1176588.25,0,67.84,3.058,126.1602258,14.099,2010,5,28,21,2,Friday,21,May,2010-05,1217923.71,1293325.9775,162229.2682702335
28,2010-06-04,1543678.02,0,81.39,2.941,126.1360645,14.099,2010,6,4,22,2,Friday,22,June,2010-06,1176588.25,1296022.1775,167540.65176109172
28,2010-06-11,1348995.17,0,90.84,2.949,126.1119032,14.099,2010,6,11,23,2,Friday,23,June,2010-06,1543678.02,1321796.2875,165172.80742457337
28,2010-06-18,1267619.06,0,81.06,3.043,126.114,14.099,2010,6,18,24,2,Friday,24,June,2010-06,1348995.17,1334220.125,156390.9861082507
28,2010-06-25,1231025.07,0,87.27,3.084,126.1266,14.099,2010,6,25,25,2,Friday,25,June,2010-06,1267619.06,1347829.33,139564.78916646857
28,2010-07-02,1399960.15,0,91.98,3.105,126.1392,14.18,2010,7,2,26,3,Friday,26,July,2010-07,1231025.07,1311899.8625,76664.19765241275
28,2010-07-09,1340293.87,0,90.37,3.1,126.1518,14.18,2010,7,9,27,3,Friday,27,July,2010-07,1399960.15,1309724.5375,75373.35354317343
28,2010-07-16,1225336.41,0,97.18,3.094,126.1498065,14.18,2010,7,16,28,3,Friday,28,July,2010-07,1340293.87,1299153.875,85527.6884557087
28,2010-07-23,1205884.98,0,99.22,3.112,126.1283548,14.18,2010,7,23,29,3,Friday,29,July,2010-07,1225336.41,1292868.8525,92816.13212910297
28,2010-07-30,1150204.71,0,96.31,3.017,126.1069032,14.18,2010,7,30,30,3,Friday,30,July,2010-07,1205884.98,1230429.9925000002,79863.57065406366
28,2010-08-06,1523101.38,0,92.95,3.123,126.0854516,14.18,2010,8,6,31,3,Friday,31,August,2010-08,1150204.71,1276131.87,167696.54419674232
28,2010-08-13,1218688.09,0,87.01,3.159,126.064,14.18,2010,8,13,32,3,Friday,32,August,2010-08,1523101.38,1274469.79,168399.27936401727
28,2010-08-20,1195897.6,0,92.81,3.041,126.0766452,14.18,2010,8,20,33,3,Friday,33,August,2010-08,1218688.09,1271972.945,169823.17059204544
28,2010-08-27,1191585.92,0,93.19,3.129,126.0892903,14.18,2010,8,27,34,3,Friday,34,August,2010-08,1195897.6,1282318.2475,160961.89756986412
28,2010-09-03,1523410.71,0,83.12,3.087,126.1019355,14.18,2010,9,3,35,3,Friday,35,September,2010-09,1191585.92,1282395.58,161116.1403712794
28,2010-09-10,1246062.17,1,83.63,3.044,126.1145806,14.18,2010,9,10,36,3,Friday,36,September,2010-09,1523410.71,1289239.1,158060.50466048316
28,2010-09-17,1159812.35,0,82.45,3.028,126.1454667,14.18,2010,9,17,37,3,Friday,37,September,2010-09,1246062.17,1280217.7874999999,165994.4588201684
28,2010-09-24,1111797.21,0,81.77,2.939,126.1900333,14.18,2010,9,24,38,3,Friday,38,September,2010-09,1159812.35,1260270.6099999999,184011.59791802225
28,2010-10-01,1203080.41,0,85.2,3.001,126.2346,14.313,2010,10,1,39,4,Friday,39,October,2010-10,1111797.21,1180188.035,57607.68461047317
28,2010-10-08,1334571.87,0,71.82,3.013,126.2791667,14.313,2010,10,8,40,4,Friday,40,October,2010-10,1203080.41,1202315.46,95729.49924540111
28,2010-10-15,1158062.99,0,75.0,2.976,126.3266774,14.313,2010,10,15,41,4,Friday,41,October,2010-10,1334571.87,1201878.12,95992.03570028115
28,2010-10-22,1120619.32,0,68.85,3.014,126.3815484,14.313,2010,10,22,42,4,Friday,42,October,2010-10,1158062.99,1204083.6475,93295.90483769191
28,2010-10-29,1231688.48,0,61.09,3.016,126.4364194,14.313,2010,10,29,43,4,Friday,43,October,2010-10,1120619.32,1211235.665,94284.66197821965
28,2010-11-05,1501663.26,0,65.49,3.129,126.4912903,14.313,2010,11,5,44,4,Friday,44,November,2010-11,1231688.48,1253008.5125,172070.99094432933
28,2010-11-12,1266460.45,0,57.79,3.13,126.5461613,14.313,2010,11,12,45,4,Friday,45,November,2010-11,1501663.26,1280107.8775,160264.4458593186
28,2010-11-19,1179315.72,0,58.18,3.161,126.6072,14.313,2010,11,19,46,4,Friday,46,November,2010-11,1266460.45,1294781.9775,142495.87130465388
28,2010-11-26,1937033.5,1,47.66,3.162,126.6692667,14.313,2010,11,26,47,4,Friday,47,November,2010-11,1179315.72,1471118.2325,339137.9018598496
28,2010-12-03,1447916.29,0,43.33,3.041,126.7313333,14.313,2010,12,3,48,4,Friday,48,December,2010-12,1937033.5,1457681.49,338588.58844151616
28,2010-12-10,1466164.49,0,50.01,3.203,126.7934,14.313,2010,12,10,49,4,Friday,49,December,2010-12,1447916.29,1507607.5,314887.67622793856
28,2010-12-17,1510443.62,0,52.77,3.236,126.8794839,14.313,2010,12,17,50,4,Friday,50,December,2010-12,1466164.49,1590389.475,232582.51234216266
28,2010-12-24,2026026.39,0,52.02,3.236,126.9835806,14.313,2010,12,24,51,4,Friday,51,December,2010-12,1510443.62,1612637.6975,276840.13628028193
28,2010-12-31,1090558.57,1,45.64,3.148,127.0876774,14.313,2010,12,31,52,4,Friday,52,December,2010-12,2026026.39,1523298.2675,384460.1069198796
28,2011-01-07,1402902.47,0,37.64,3.287,127.1917742,14.021,2011,1,7,1,1,Friday,1,January,2011-01,1090558.57,1507482.7625,388869.764046678
28,2011-01-14,1098286.61,0,43.15,3.312,127.3009355,14.021,2011,1,14,2,1,Friday,2,January,2011-01,1402902.47,1404443.51,439174.7770875851
28,2011-01-21,1079669.11,0,53.53,3.223,127.4404839,14.021,2011,1,21,3,1,Friday,3,January,2011-01,1098286.61,1167854.1900000002,156884.84452383846
28,2011-01-28,1127859.69,0,50.74,3.342,127.5800323,14.021,2011,1,28,4,1,Friday,4,January,2011-01,1079669.11,1177179.47,151784.57002668714
28,2011-02-04,1564897.32,0,45.14,3.348,127.7195806,14.021,2011,2,4,5,1,Friday,5,February,2011-02,1127859.69,1217678.1825,232328.31849027117
28,2011-02-11,1397301.38,1,51.3,3.381,127.859129,14.021,2011,2,11,6,1,Friday,6,February,2011-02,1564897.32,1292431.875,229192.08104710872
28,2011-02-18,1514828.82,0,53.35,3.43,127.99525,14.021,2011,2,18,7,1,Friday,7,February,2011-02,1397301.38,1401221.8025,195310.38862724786
28,2011-02-25,1311796.91,0,48.45,3.53,128.13,14.021,2011,2,25,8,1,Friday,8,February,2011-02,1514828.82,1447206.1075,114382.66963723332
28,2011-03-04,1723736.91,0,51.72,3.674,128.26475,14.021,2011,3,4,9,1,Friday,9,March,2011-03,1311796.91,1486916.005,178475.71705393895
28,2011-03-11,1380836.35,0,57.75,3.818,128.3995,14.021,2011,3,11,10,1,Friday,10,March,2011-03,1723736.91,1482799.7475,181397.42980681596
28,2011-03-18,1286413.71,0,64.21,3.692,128.5121935,14.021,2011,3,18,11,1,Friday,11,March,2011-03,1380836.35,1425695.97,202660.08589279026
28,2011-03-25,1201059.72,0,54.4,3.909,128.6160645,14.021,2011,3,25,12,1,Friday,12,March,2011-03,1286413.71,1398011.6725,229227.7607352742
28,2011-04-01,1336838.41,0,63.63,3.772,128.7199355,13.736,2011,4,1,13,2,Friday,13,April,2011-04,1201059.72,1301287.0475,77155.09110448614
28,2011-04-08,1414713.5,0,64.47,4.003,128.8238065,13.736,2011,4,8,14,2,Friday,14,April,2011-04,1336838.41,1309756.335,89646.11448261852
28,2011-04-15,1240126.07,0,57.63,3.868,128.9107333,13.736,2011,4,15,15,2,Friday,15,April,2011-04,1414713.5,1298184.4249999998,96396.98609289172
28,2011-04-22,1297452.0,0,72.12,4.134,128.9553,13.736,2011,4,22,16,2,Friday,16,April,2011-04,1240126.07,1322282.495,73306.65499012436
28,2011-04-29,1222367.9,0,68.27,4.151,128.9998667,13.736,2011,4,29,17,2,Friday,17,April,2011-04,1297452.0,1293664.8675,86826.98162655682
28,2011-05-06,1515890.38,0,68.4,4.193,129.0444333,13.736,2011,5,6,18,2,Friday,18,May,2011-05,1222367.9,1318959.0875,135140.6562675461
28,2011-05-13,1253316.3,0,70.93,4.202,129.089,13.736,2011,5,13,19,2,Friday,19,May,2011-05,1515890.38,1322256.645,132715.0158422434
28,2011-05-20,1151282.31,0,66.59,4.169,129.0756774,13.736,2011,5,20,20,2,Friday,20,May,2011-05,1253316.3,1285714.2225,159285.26248679654
28,2011-05-27,1160043.98,0,76.67,4.087,129.0623548,13.736,2011,5,27,21,2,Friday,21,May,2011-05,1151282.31,1270133.2425,170220.0243421792
28,2011-06-03,1403779.25,0,71.81,4.031,129.0490323,13.736,2011,6,3,22,2,Friday,22,June,2011-06,1160043.98,1242105.46,117256.17024586714
28,2011-06-10,1339972.83,0,78.72,3.981,129.0357097,13.736,2011,6,10,23,2,Friday,23,June,2011-06,1403779.25,1263769.5925,127569.62675533224
28,2011-06-17,1268503.49,0,86.84,3.935,129.0432,13.736,2011,6,17,24,2,Friday,24,June,2011-06,1339972.83,1293074.8875,104492.18282187723
28,2011-06-24,1208809.34,0,88.95,3.898,129.0663,13.736,2011,6,24,25,2,Friday,25,June,2011-06,1268503.49,1305266.2275,84783.63417912796
28,2011-07-01,1319054.57,0,89.85,3.842,129.0894,13.503,2011,7,1,26,3,Friday,26,July,2011-07,1208809.34,1284085.0575,58468.0220587769
28,2011-07-08,1459655.85,0,89.9,3.705,129.1125,13.503,2011,7,8,27,3,Friday,27,July,2011-07,1319054.57,1314005.8125,107045.44604260843
28,2011-07-15,1197373.13,0,88.1,3.692,129.1338387,13.503,2011,7,15,28,3,Friday,28,July,2011-07,1459655.85,1296223.2225000001,121989.10033441847
28,2011-07-22,1165870.54,0,91.17,3.794,129.1507742,13.503,2011,7,22,29,3,Friday,29,July,2011-07,1197373.13,1285488.5225,133583.58387923831
28,2011-07-29,1114530.29,0,93.29,3.805,129.1677097,13.503,2011,7,29,30,3,Friday,30,July,2011-07,1165870.54,1234357.4525000001,154030.53169576137
28,2011-08-05,1523870.89,0,90.61,3.803,129.1846452,13.503,2011,8,5,31,3,Friday,31,August,2011-08,1114530.29,1250411.2125,185475.9497615838
28,2011-08-12,1218764.94,0,91.04,3.701,129.2015806,13.503,2011,8,12,32,3,Friday,32,August,2011-08,1523870.89,1255759.165,183737.1581036192
28,2011-08-19,1200019.74,0,91.74,3.743,129.2405806,13.503,2011,8,19,33,3,Friday,33,August,2011-08,1218764.94,1264296.4649999999,178897.9284711099
28,2011-08-26,1166479.51,0,94.61,3.74,129.2832581,13.503,2011,8,26,34,3,Friday,34,August,2011-08,1200019.74,1277283.77,165808.09749069583
28,2011-09-02,1468871.49,0,93.66,3.798,129.3259355,13.503,2011,9,2,35,3,Friday,35,September,2011-09,1166479.51,1263533.92,138589.78892793224
28,2011-09-09,1310087.0,1,88.0,3.913,129.3686129,13.503,2011,9,9,36,3,Friday,36,September,2011-09,1468871.49,1286364.435,136258.8062130927
28,2011-09-16,1159212.1,0,76.36,3.918,129.4306,13.503,2011,9,16,37,3,Friday,37,September,2011-09,1310087.0,1276162.525,146054.0777504098
28,2011-09-23,1109105.92,0,82.95,3.789,129.5183333,13.503,2011,9,23,38,3,Friday,38,September,2011-09,1159212.1,1261819.1275,162326.82482144074
28,2011-09-30,1120731.76,0,83.26,3.877,129.6060667,13.503,2011,9,30,39,3,Friday,39,September,2011-09,1109105.92,1174784.195,92708.57694942578
28,2011-10-07,1557314.58,0,70.44,3.827,129.6938,12.89,2011,10,7,40,4,Friday,40,October,2011-10,1120731.76,1236591.09,214885.17712891754
28,2011-10-14,1220984.94,0,67.31,3.805,129.7706452,12.89,2011,10,14,41,4,Friday,41,October,2011-10,1557314.58,1252034.3,209625.84997495322
28,2011-10-21,1203172.05,0,73.05,3.842,129.7821613,12.89,2011,10,21,42,4,Friday,42,October,2011-10,1220984.94,1275550.8325,192852.17084208012
28,2011-10-28,1242746.06,0,67.41,3.727,129.7936774,12.89,2011,10,28,43,4,Friday,43,October,2011-10,1203172.05,1306054.4075000002,168286.67498587293
28,2011-11-04,1576654.67,0,59.77,3.828,129.8051935,12.89,2011,11,4,44,4,Friday,44,November,2011-11,1242746.06,1310889.4300000002,177914.33607538915
28,2011-11-11,1402654.95,0,48.76,3.824,129.8167097,12.89,2011,11,11,45,4,Friday,45,November,2011-11,1576654.67,1356306.9324999999,170340.4709679996
28,2011-11-18,1255081.22,0,54.2,3.813,129.8268333,12.89,2011,11,18,46,4,Friday,46,November,2011-11,1402654.95,1369284.225,156173.34418216336
28,2011-11-25,1929738.27,1,53.25,3.622,129.8364,12.89,2011,11,25,47,4,Friday,47,November,2011-11,1255081.22,1541032.2774999999,290561.2933067336
28,2011-12-02,1368130.35,0,52.5,3.701,129.8459667,12.89,2011,12,2,48,4,Friday,48,December,2011-12,1929738.27,1488901.1974999998,300573.4071083527
28,2011-12-09,1467024.3,0,42.17,3.644,129.8555333,12.89,2011,12,9,49,4,Friday,49,December,2011-12,1368130.35,1504993.5350000001,296106.652696687
28,2011-12-16,1429954.66,0,43.29,3.6,129.8980645,12.89,2011,12,16,50,4,Friday,50,December,2011-12,1467024.3,1548711.895,257272.18847098958
28,2011-12-23,1796203.51,0,45.4,3.541,129.9845484,12.89,2011,12,23,51,4,Friday,51,December,2011-12,1429954.66,1515328.205,191642.07514666527
28,2011-12-30,1270036.53,1,44.64,3.428,130.0710323,12.89,2011,12,30,52,4,Friday,52,December,2011-12,1796203.51,1490804.75,220813.0829659004
28,2012-01-06,1466046.07,0,50.43,3.599,130.1575161,12.187,2012,1,6,1,1,Friday,1,January,2012-01,1270036.53,1490560.1925,220848.73860206787
28,2012-01-13,1161190.29,0,48.07,3.657,130.244,12.187,2012,1,13,2,1,Friday,2,January,2012-01,1466046.07,1423369.0999999999,278732.5040752934
28,2012-01-20,1129540.48,0,46.2,3.66,130.2792258,12.187,2012,1,20,3,1,Friday,3,January,2012-01,1161190.29,1256703.3425,151981.67460049407
28,2012-01-27,1132948.48,0,50.43,3.675,130.3144516,12.187,2012,1,27,4,1,Friday,4,January,2012-01,1129540.48,1222431.33,163028.11310056777
28,2012-02-03,1531599.44,0,50.58,3.702,130.3496774,12.187,2012,2,3,5,1,Friday,5,February,2012-02,1132948.48,1238819.6724999999,195701.27286207562
28,2012-02-10,1572966.15,1,52.27,3.722,130.3849032,12.187,2012,2,10,6,1,Friday,6,February,2012-02,1531599.44,1341763.6375,243676.47422908337
28,2012-02-17,1501503.68,0,51.8,3.781,130.4546207,12.187,2012,2,17,7,1,Friday,7,February,2012-02,1572966.15,1434754.4375,203325.46105380182
28,2012-02-24,1323487.91,0,53.13,3.95,130.5502069,12.187,2012,2,24,8,1,Friday,8,February,2012-02,1501503.68,1482389.295,109910.28902618484
28,2012-03-02,1451740.57,0,52.27,4.178,130.6457931,12.187,2012,3,2,9,1,Friday,9,March,2012-03,1323487.91,1462424.5775000001,105141.43029786726
28,2012-03-09,1680764.06,0,54.54,4.25,130.7413793,12.187,2012,3,9,10,1,Friday,10,March,2012-03,1451740.57,1489374.055,147999.72309968114
28,2012-03-16,1337875.49,0,64.44,4.273,130.8261935,12.187,2012,3,16,11,1,Friday,11,March,2012-03,1680764.06,1448467.0075,165149.32169251813
28,2012-03-23,1216059.41,0,56.26,4.038,130.8966452,12.187,2012,3,23,12,1,Friday,12,March,2012-03,1337875.49,1421609.8824999998,197763.48776357548
28,2012-03-30,1209524.11,0,64.36,4.294,130.9670968,12.187,2012,3,30,13,1,Friday,13,March,2012-03,1216059.41,1361055.7674999998,221160.95531777144
28,2012-04-06,1559592.79,0,64.05,4.121,131.0375484,11.627,2012,4,6,14,2,Friday,14,April,2012-04,1209524.11,1330762.95,163574.08343291492
28,2012-04-13,1290684.95,0,64.28,4.254,131.108,11.627,2012,4,13,15,2,Friday,15,April,2012-04,1559592.79,1318965.315,164588.7434437019
28,2012-04-20,1180797.2,0,66.73,4.222,131.1173333,11.627,2012,4,20,16,2,Friday,16,April,2012-04,1290684.95,1310149.7625,172683.05288436517
28,2012-04-27,1170456.16,0,77.99,4.193,131.1266667,11.627,2012,4,27,17,2,Friday,17,April,2012-04,1180797.2,1300382.775,181167.9834844539
28,2012-05-04,1450628.85,0,76.03,4.171,131.136,11.627,2012,5,4,18,2,Friday,18,May,2012-05,1170456.16,1273141.79,130232.20395508256
28,2012-05-11,1264575.18,0,77.27,4.186,131.1453333,11.627,2012,5,11,19,2,Friday,19,May,2012-05,1450628.85,1266614.3475,129713.11314170458
28,2012-05-18,1213310.45,0,84.51,4.11,131.0983226,11.627,2012,5,18,20,2,Friday,20,May,2012-05,1264575.18,1274742.66,123408.42757553884
28,2012-05-25,1151214.41,0,83.84,4.293,131.0287742,11.627,2012,5,25,21,2,Friday,21,May,2012-05,1213310.45,1269932.2225,129073.5103472022
28,2012-06-01,1245480.95,0,78.11,4.277,130.9592258,11.627,2012,6,1,22,2,Friday,22,June,2012-06,1151214.41,1218645.2475,49682.631232122265
28,2012-06-08,1440687.69,0,84.83,4.103,130.8896774,11.627,2012,6,8,23,2,Friday,23,June,2012-06,1245480.95,1262673.375,124959.2934595465
28,2012-06-15,1229760.97,0,85.94,4.144,130.8295333,11.627,2012,6,15,24,2,Friday,24,June,2012-06,1440687.69,1266786.005,123049.24244922974
28,2012-06-22,1180671.55,0,91.61,4.014,130.7929,11.627,2012,6,22,25,2,Friday,25,June,2012-06,1229760.97,1274150.29,114404.72486869586
28,2012-06-29,1129031.98,0,90.47,3.875,130.7562667,11.627,2012,6,29,26,2,Friday,26,June,2012-06,1180671.55,1245038.0474999999,136763.33012976756
28,2012-07-06,1500863.54,0,89.13,3.765,130.7196333,10.926,2012,7,6,27,3,Friday,27,July,2012-07,1129031.98,1260082.01,165705.80574845642
28,2012-07-13,1179915.04,0,95.61,3.723,130.683,10.926,2012,7,13,28,3,Friday,28,July,2012-07,1500863.54,1247620.5275,170549.56816533193
28,2012-07-20,1149427.48,0,85.53,3.726,130.7012903,10.926,2012,7,20,29,3,Friday,29,July,2012-07,1179915.04,1239809.51,175287.50346753583
28,2012-07-27,1135035.09,0,93.47,3.769,130.7195806,10.926,2012,7,27,30,3,Friday,30,July,2012-07,1149427.48,1241310.2875,174044.18521040533
28,2012-08-03,1376520.1,0,88.16,3.76,130.737871,10.926,2012,8,3,31,3,Friday,31,August,2012-08,1135035.09,1210224.4275,112431.631020604
28,2012-08-10,1269113.41,0,95.91,3.811,130.7561613,10.926,2012,8,10,32,3,Friday,32,August,2012-08,1376520.1,1232524.02,113258.96719238264
28,2012-08-17,1184198.41,0,94.87,4.002,130.7909677,10.926,2012,8,17,33,3,Friday,33,August,2012-08,1269113.41,1241216.7525,105847.14793369085
28,2012-08-24,1199309.59,0,85.32,4.055,130.8381613,10.926,2012,8,24,34,3,Friday,34,August,2012-08,1184198.41,1257285.3775,87673.10145661348
28,2012-08-31,1227118.75,0,89.78,4.093,130.8853548,10.926,2012,8,31,35,3,Friday,35,August,2012-08,1199309.59,1219935.04,37294.475357980344
28,2012-09-07,1469693.99,1,88.52,4.124,130.9325484,10.926,2012,9,7,36,3,Friday,36,September,2012-09,1227118.75,1270080.185,134257.8519586378
28,2012-09-14,1124660.77,0,83.64,4.133,130.9776667,10.926,2012,9,14,37,3,Friday,37,September,2012-09,1469693.99,1255195.775,149399.30474541668
28,2012-09-21,1135340.19,0,82.97,4.125,131.0103333,10.926,2012,9,21,38,3,Friday,38,September,2012-09,1124660.77,1239203.425,160394.85790073368
28,2012-09-28,1129508.61,0,81.22,3.966,131.043,10.926,2012,9,28,39,3,Friday,39,September,2012-09,1135340.19,1214800.8900000001,169984.81258954998
28,2012-10-05,1462941.03,0,81.61,3.966,131.0756667,10.199,2012,10,5,40,4,Friday,40,October,2012-10,1129508.61,1213112.65,166609.46908637625
28,2012-10-12,1205536.71,0,71.74,4.468,131.1083333,10.199,2012,10,12,41,4,Friday,41,October,2012-10,1462941.03,1233331.635,156923.0978763811
28,2012-10-19,1143724.48,0,68.66,4.449,131.1499677,10.199,2012,10,19,42,4,Friday,42,October,2012-10,1205536.71,1235427.7075,155224.69820195693
28,2012-10-26,1213860.61,0,65.95,4.301,131.1930968,10.199,2012,10,26,43,4,Friday,43,October,2012-10,1143724.48,1256515.7075,141128.29895645296
29,2010-02-26,488417.61,0,35.98,2.753,131.686,10.064,2010,2,26,8,1,Friday,8,February,2010-02,542399.07,524781.0225,24822.9870052543
29,2010-03-05,535087.91,0,36.82,2.766,131.735,10.064,2010,3,5,9,1,Friday,9,March,2010-03,488417.61,523894.385,24219.219274057934
29,2010-03-12,519042.49,0,43.43,2.805,131.784,10.064,2010,3,12,10,1,Friday,10,March,2010-03,535087.91,521236.77,23955.577975450025
29,2010-03-19,496851.6,0,46.03,2.834,131.8242903,10.064,2010,3,19,11,1,Friday,11,March,2010-03,519042.49,509849.9025,21211.31551163419
29,2010-03-26,552985.34,0,48.56,2.831,131.863129,10.064,2010,3,26,12,1,Friday,12,March,2010-03,496851.6,525991.835,23866.535737826827
29,2010-04-02,599629.25,0,44.96,2.826,131.9019677,10.16,2010,4,2,13,2,Friday,13,April,2010-04,552985.34,542127.1699999999,44748.06792701627
29,2010-04-09,569937.23,0,57.06,2.849,131.9408065,10.16,2010,4,9,14,2,Friday,14,April,2010-04,599629.25,554850.855,43205.3125444348
29,2010-04-16,509100.84,0,51.14,2.885,131.9809,10.16,2010,4,16,15,2,Friday,15,April,2010-04,569937.23,557913.165,37822.99308616244
29,2010-04-23,505329.66,0,51.04,2.895,132.0226667,10.16,2010,4,23,16,2,Friday,16,April,2010-04,509100.84,545999.245,46420.94354123817
29,2010-04-30,501013.47,0,50.96,2.935,132.0644333,10.16,2010,4,30,17,2,Friday,17,April,2010-04,505329.66,521345.30000000005,32562.690805966613
29,2010-05-07,568497.35,0,63.81,2.981,132.1062,10.16,2010,5,7,18,2,Friday,18,May,2010-05,501013.47,520985.33,31846.55053036328
29,2010-05-14,518940.88,0,50.99,2.983,132.152129,10.16,2010,5,14,19,2,Friday,19,May,2010-05,568497.35,523445.33999999997,30991.076234355733
29,2010-05-21,502021.82,0,59.99,2.961,132.2230323,10.16,2010,5,21,20,2,Friday,20,May,2010-05,518940.88,522618.37999999995,31672.250285555147
29,2010-05-28,577627.66,0,65.64,2.906,132.2939355,10.16,2010,5,28,21,2,Friday,21,May,2010-05,502021.82,541771.9275,36973.907633734656
29,2010-06-04,588017.66,0,69.49,2.857,132.3648387,10.16,2010,6,4,22,2,Friday,22,June,2010-06,577627.66,546652.005,42545.53826257952
29,2010-06-11,540716.58,0,65.01,2.83,132.4357419,10.16,2010,6,11,23,2,Friday,23,June,2010-06,588017.66,552095.93,39068.93916186427
29,2010-06-18,558731.74,0,67.13,2.805,132.4733333,10.16,2010,6,18,24,2,Friday,24,June,2010-06,540716.58,566273.41,20910.601355634284
29,2010-06-25,585548.79,0,74.37,2.81,132.4976,10.16,2010,6,25,25,2,Friday,25,June,2010-06,558731.74,568253.6925,22647.258503149562
29,2010-07-02,581473.55,0,72.88,2.815,132.5218667,10.409,2010,7,2,26,3,Friday,26,July,2010-07,585548.79,566617.665,20913.622595345725
29,2010-07-09,563449.43,0,79.22,2.806,132.5461333,10.409,2010,7,9,27,3,Friday,27,July,2010-07,581473.55,572300.8775000001,13192.35538407308
29,2010-07-16,512292.01,0,76.3,2.796,132.5667742,10.409,2010,7,16,28,3,Friday,28,July,2010-07,563449.43,560690.9450000001,33664.49800239343
29,2010-07-23,506502.09,0,76.91,2.784,132.5825806,10.409,2010,7,23,29,3,Friday,29,July,2010-07,512292.01,540929.27,37221.49750795423
29,2010-07-30,509872.77,0,76.35,2.792,132.5983871,10.409,2010,7,30,30,3,Friday,30,July,2010-07,506502.09,523029.075,27051.3046979464
29,2010-08-06,519787.93,0,74.37,2.792,132.6141935,10.409,2010,8,6,31,3,Friday,31,August,2010-08,509872.77,512113.70000000007,5640.258108925547
29,2010-08-13,495269.0,0,74.75,2.81,132.63,10.409,2010,8,13,32,3,Friday,32,August,2010-08,519787.93,507857.9475,10111.115020523606
29,2010-08-20,531640.19,0,73.21,2.796,132.6616129,10.409,2010,8,20,33,3,Friday,33,August,2010-08,495269.0,514142.47250000003,15410.814727984325
29,2010-08-27,545766.13,0,68.99,2.77,132.6932258,10.409,2010,8,27,34,3,Friday,34,August,2010-08,531640.19,523115.8125,21387.080702745006
29,2010-09-03,579272.38,0,75.85,2.735,132.7248387,10.409,2010,9,3,35,3,Friday,35,September,2010-09,545766.13,537986.9249999999,34785.56686546314
29,2010-09-10,491290.37,1,68.6,2.717,132.7564516,10.409,2010,9,10,36,3,Friday,36,September,2010-09,579272.38,536992.2675,36432.11378645675
29,2010-09-17,463752.89,0,62.49,2.716,132.7670667,10.409,2010,9,17,37,3,Friday,37,September,2010-09,491290.37,520020.4425,52169.87333876067
29,2010-09-24,465338.41,0,65.14,2.718,132.7619333,10.409,2010,9,24,38,3,Friday,38,September,2010-09,463752.89,499913.5125,54391.22714167178
29,2010-10-01,474698.01,0,69.31,2.717,132.7568,10.524,2010,10,1,39,4,Friday,39,October,2010-10,465338.41,473769.92,12639.34030651293
29,2010-10-08,530059.06,0,56.32,2.776,132.7516667,10.524,2010,10,8,40,4,Friday,40,October,2010-10,474698.01,483462.0925,31437.806607170725
29,2010-10-15,483011.69,0,55.23,2.878,132.7633548,10.524,2010,10,15,41,4,Friday,41,October,2010-10,530059.06,488276.7925,28775.17395067954
29,2010-10-22,505221.17,0,50.24,2.919,132.8170968,10.524,2010,10,22,42,4,Friday,42,October,2010-10,483011.69,498247.48250000004,24814.752389908364
29,2010-10-29,527058.59,0,57.73,2.938,132.8708387,10.524,2010,10,29,43,4,Friday,43,October,2010-10,505221.17,511337.6275,21889.194323391443
29,2010-11-05,521002.97,0,44.34,2.938,132.9245806,10.524,2010,11,5,44,4,Friday,44,November,2010-11,527058.59,509073.605,19662.435451471083
29,2010-11-12,524450.7,0,44.42,2.961,132.9783226,10.524,2010,11,12,45,4,Friday,45,November,2010-11,521002.97,519433.3575,9794.009280789396
29,2010-11-19,508174.55,0,48.62,3.03,132.9172,10.524,2010,11,19,46,4,Friday,46,November,2010-11,524450.7,520171.70249999996,8373.802656845259
29,2010-11-26,975268.91,1,44.61,3.07,132.8369333,10.524,2010,11,26,47,4,Friday,47,November,2010-11,508174.55,632224.2825,228803.6115893876
29,2010-12-03,642678.53,0,39.42,3.065,132.7566667,10.524,2010,12,3,48,4,Friday,48,December,2010-12,975268.91,662643.1725,216864.89918094335
29,2010-12-10,713834.74,0,28.43,3.132,132.6764,10.524,2010,12,10,49,4,Friday,49,December,2010-12,642678.53,709989.1825000001,196339.8346116969
29,2010-12-17,850538.25,0,30.46,3.139,132.6804516,10.524,2010,12,17,50,4,Friday,50,December,2010-12,713834.74,795580.1074999999,147613.97932968306
29,2010-12-24,1130926.79,0,29.76,3.15,132.7477419,10.524,2010,12,24,51,4,Friday,51,December,2010-12,850538.25,834494.5774999999,215624.40222060552
29,2010-12-31,465992.02,1,28.49,3.177,132.8150323,10.524,2010,12,31,52,4,Friday,52,December,2010-12,1130926.79,790322.95,277295.18363439833
29,2011-01-07,455952.18,0,32.56,3.193,132.8823226,10.256,2011,1,7,1,1,Friday,1,January,2011-01,465992.02,725852.3099999999,326601.3719474423
29,2011-01-14,426905.26,0,24.76,3.215,132.9510645,10.256,2011,1,14,2,1,Friday,2,January,2011-01,455952.18,619944.0625,341058.1064812802
29,2011-01-21,445134.15,0,26.8,3.232,133.0285161,10.256,2011,1,21,3,1,Friday,3,January,2011-01,426905.26,448495.9025,16724.90583097732
29,2011-01-28,410426.97,0,20.61,3.243,133.1059677,10.256,2011,1,28,4,1,Friday,4,January,2011-01,445134.15,434604.64,20086.713883438337
29,2011-02-04,504126.89,0,26.39,3.24,133.1834194,10.256,2011,2,4,5,1,Friday,5,February,2011-02,410426.97,446648.3175,40856.87756881815
29,2011-02-11,550387.78,1,28.89,3.255,133.260871,10.256,2011,2,11,6,1,Friday,6,February,2011-02,504126.89,477518.9475,62096.58581052882
29,2011-02-18,542529.21,0,35.34,3.263,133.3701429,10.256,2011,2,18,7,1,Friday,7,February,2011-02,550387.78,501867.71249999997,64223.7432758193
29,2011-02-25,483660.15,0,30.23,3.281,133.4921429,10.256,2011,2,25,8,1,Friday,8,February,2011-02,542529.21,520176.00749999995,31640.685206902897
29,2011-03-04,536031.67,0,33.52,3.437,133.6141429,10.256,2011,3,4,9,1,Friday,9,March,2011-03,483660.15,528152.2025,30236.55621462177
29,2011-03-11,493430.45,0,41.42,3.6,133.7361429,10.256,2011,3,11,10,1,Friday,10,March,2011-03,536031.67,513912.87,29681.042349680098
29,2011-03-18,493653.43,0,43.38,3.634,133.8492258,10.256,2011,3,18,11,1,Friday,11,March,2011-03,493430.45,501693.92500000005,23361.166861242527
29,2011-03-25,478773.05,0,38.77,3.624,133.9587419,10.256,2011,3,25,12,1,Friday,12,March,2011-03,493653.43,500472.15,24707.69707850135
29,2011-04-01,475615.26,0,36.04,3.638,134.0682581,9.966,2011,4,1,13,2,Friday,13,April,2011-04,478773.05,485368.0475,9526.467573531965
29,2011-04-08,505304.33,0,44.42,3.72,134.1777742,9.966,2011,4,8,14,2,Friday,14,April,2011-04,475615.26,488336.5175,13777.596822049694
29,2011-04-15,518245.97,0,48.88,3.823,134.2784667,9.966,2011,4,15,15,2,Friday,15,April,2011-04,505304.33,494484.6525,20692.785030673895
29,2011-04-22,589252.69,0,47.76,3.919,134.3571,9.966,2011,4,22,16,2,Friday,16,April,2011-04,518245.97,522104.5625,48191.50278430133
29,2011-04-29,493078.64,0,57.2,3.988,134.4357333,9.966,2011,4,29,17,2,Friday,17,April,2011-04,589252.69,526470.4075,43097.83189292071
29,2011-05-06,534372.53,0,53.63,4.078,134.5143667,9.966,2011,5,6,18,2,Friday,18,May,2011-05,493078.64,533737.4575,40724.562539374776
29,2011-05-13,549551.02,0,57.71,4.095,134.593,9.966,2011,5,13,19,2,Friday,19,May,2011-05,534372.53,541563.72,39751.52415180015
29,2011-05-20,492932.51,0,58.56,4.101,134.6803871,9.966,2011,5,20,20,2,Friday,20,May,2011-05,549551.02,517483.67500000005,28936.21418896282
29,2011-05-27,550735.64,0,62.59,4.034,134.7677742,9.966,2011,5,27,21,2,Friday,21,May,2011-05,492932.51,531897.925,27024.1774807213
29,2011-06-03,598251.57,0,70.09,3.973,134.8551613,9.966,2011,6,3,22,2,Friday,22,June,2011-06,550735.64,547867.685,43079.26068143902
29,2011-06-10,558431.44,0,69.53,3.924,134.9425484,9.966,2011,6,10,23,2,Friday,23,June,2011-06,598251.57,550087.79,43422.390310037925
29,2011-06-17,536914.17,0,63.97,3.873,135.0837333,9.966,2011,6,17,24,2,Friday,24,June,2011-06,558431.44,561083.205,26329.537080681217
29,2011-06-24,545368.17,0,68.53,3.851,135.2652667,9.966,2011,6,24,25,2,Friday,25,June,2011-06,536914.17,559741.3375,27156.468589274024
29,2011-07-01,567114.6,0,70.8,3.815,135.4468,9.863,2011,7,1,26,3,Friday,26,July,2011-07,545368.17,551957.095,13433.42381543553
29,2011-07-08,547586.07,0,74.22,3.784,135.6283333,9.863,2011,7,8,27,3,Friday,27,July,2011-07,567114.6,549245.7525000001,12769.153325856765
29,2011-07-15,505246.15,0,75.2,3.827,135.7837419,9.863,2011,7,15,28,3,Friday,28,July,2011-07,547586.07,541328.7475,25963.660826248037
29,2011-07-22,507335.75,0,77.79,3.882,135.8738387,9.863,2011,7,22,29,3,Friday,29,July,2011-07,505246.15,531820.6425000001,30550.099577790643
29,2011-07-29,474653.06,0,75.32,3.898,135.9639355,9.863,2011,7,29,30,3,Friday,30,July,2011-07,507335.75,508705.2575,29917.167372198706
29,2011-08-05,503486.37,0,75.33,3.903,136.0540323,9.863,2011,8,5,31,3,Friday,31,August,2011-08,474653.06,497680.33249999996,15431.93692512915
29,2011-08-12,471311.5,0,74.69,3.88,136.144129,9.863,2011,8,12,32,3,Friday,32,August,2011-08,503486.37,489196.67,18838.0611802953
29,2011-08-19,498056.0,0,71.3,3.82,136.183129,9.863,2011,8,19,33,3,Friday,33,August,2011-08,471311.5,486876.7325,16253.724823195947
29,2011-08-26,608294.98,0,72.22,3.796,136.2136129,9.863,2011,8,26,34,3,Friday,34,August,2011-08,498056.0,520287.21249999997,60333.74587284417
29,2011-09-02,497085.91,0,69.16,3.784,136.2440968,9.863,2011,9,2,35,3,Friday,35,September,2011-09,608294.98,518687.0975,61008.942869278406
29,2011-09-09,505406.72,1,69.14,3.809,136.2745806,9.863,2011,9,9,36,3,Friday,36,September,2011-09,497085.91,527210.9025,54183.5568889954
29,2011-09-16,474129.35,0,68.08,3.809,136.3145,9.863,2011,9,16,37,3,Friday,37,September,2011-09,505406.72,521229.24,59531.770908199775
29,2011-09-23,475696.37,0,62.36,3.758,136.367,9.863,2011,9,23,38,3,Friday,38,September,2011-09,474129.35,488079.58749999997,15591.627749163983
29,2011-09-30,446516.26,0,69.78,3.684,136.4195,9.863,2011,9,30,39,3,Friday,39,September,2011-09,475696.37,475437.175,24058.058526705485
29,2011-10-07,514993.0,0,56.44,3.633,136.472,9.357,2011,10,7,40,4,Friday,40,October,2011-10,446516.26,477833.745,28165.499067045097
29,2011-10-14,475776.45,0,62.63,3.583,136.5150968,9.357,2011,10,14,41,4,Friday,41,October,2011-10,514993.0,478245.52,28105.264624773612
29,2011-10-21,505068.22,0,59.3,3.618,136.5017742,9.357,2011,10,21,42,4,Friday,42,October,2011-10,475776.45,485588.48250000004,30913.860835917945
29,2011-10-28,515119.64,0,49.31,3.604,136.4884516,9.357,2011,10,28,43,4,Friday,43,October,2011-10,505068.22,502739.3275,18581.757458070297
29,2011-11-04,620735.72,0,42.81,3.586,136.475129,9.357,2011,11,4,44,4,Friday,44,November,2011-11,515119.64,529175.0075000001,63281.01499322626
29,2011-11-11,531600.62,0,47.8,3.57,136.4618065,9.357,2011,11,11,45,4,Friday,45,November,2011-11,620735.72,543131.0499999999,52879.9071468892
29,2011-11-18,504601.29,0,50.62,3.571,136.4666667,9.357,2011,11,18,46,4,Friday,46,November,2011-11,531600.62,543014.3175,52992.33470271382
29,2011-11-25,913165.19,1,46.28,3.536,136.4788,9.357,2011,11,25,47,4,Friday,47,November,2011-11,504601.29,642525.705,187125.67347704654
29,2011-12-02,579874.22,0,49.11,3.501,136.4909333,9.357,2011,12,2,48,4,Friday,48,December,2011-12,913165.19,632310.33,189807.83493097892
29,2011-12-09,633240.53,0,45.35,3.47,136.5030667,9.357,2011,12,9,49,4,Friday,49,December,2011-12,579874.22,657720.3074999999,178285.1595629046
29,2011-12-16,736805.66,0,39.11,3.445,136.5335161,9.357,2011,12,16,50,4,Friday,50,December,2011-12,633240.53,715771.3999999999,146840.20391707055
29,2011-12-23,1016637.39,0,39.83,3.413,136.5883871,9.357,2011,12,23,51,4,Friday,51,December,2011-12,736805.66,741639.45,194564.08372232746
29,2011-12-30,551743.05,1,36.28,3.402,136.6432581,9.357,2011,12,30,52,4,Friday,52,December,2011-12,1016637.39,734606.6575000001,202698.75878483767
29,2012-01-06,469773.85,0,34.61,3.439,136.698129,8.988,2012,1,6,1,1,Friday,1,January,2012-01,551743.05,693739.9875,242515.52919017494
29,2012-01-13,444756.37,0,39.0,3.523,136.753,8.988,2012,1,13,2,1,Friday,2,January,2012-01,469773.85,620727.665,267865.84850337874
29,2012-01-20,446863.31,0,29.16,3.542,136.8564194,8.988,2012,1,20,3,1,Friday,3,January,2012-01,444756.37,478284.145,50266.01374465802
29,2012-01-27,395987.24,0,35.68,3.568,136.9598387,8.988,2012,1,27,4,1,Friday,4,January,2012-01,446863.31,439345.1925,31046.299698598337
29,2012-02-03,493159.35,0,40.58,3.633,137.0632581,8.988,2012,2,3,5,1,Friday,5,February,2012-02,395987.24,445191.56749999995,39686.09379680133
29,2012-02-10,545840.05,1,35.68,3.655,137.1666774,8.988,2012,2,10,6,1,Friday,6,February,2012-02,493159.35,470462.4875,64032.30477565902
29,2012-02-17,559606.91,0,36.25,3.703,137.2583103,8.988,2012,2,17,7,1,Friday,7,February,2012-02,545840.05,498648.38749999995,74189.925671865
29,2012-02-24,488782.63,0,39.0,3.751,137.3411034,8.988,2012,2,24,8,1,Friday,8,February,2012-02,559606.91,521847.235,36137.28950041081
29,2012-03-02,500801.72,0,37.47,3.827,137.4238966,8.988,2012,3,2,9,1,Friday,9,March,2012-03,488782.63,523757.8275,34268.68628134278
29,2012-03-09,504750.35,0,41.72,3.876,137.5066897,8.988,2012,3,9,10,1,Friday,10,March,2012-03,500801.72,513485.40249999997,31488.60834861982
29,2012-03-16,489293.72,0,46.06,3.867,137.5843871,8.988,2012,3,16,11,1,Friday,11,March,2012-03,504750.35,495907.105,8096.403384890486
29,2012-03-23,517408.48,0,54.68,3.889,137.6552903,8.988,2012,3,23,12,1,Friday,12,March,2012-03,489293.72,503063.5675,11595.205965138472
29,2012-03-30,504566.28,0,46.4,3.921,137.7261935,8.988,2012,3,30,13,1,Friday,13,March,2012-03,517408.48,504004.7075,11502.834677706549
29,2012-04-06,633826.55,0,46.38,3.957,137.7970968,9.14,2012,4,6,14,2,Friday,14,April,2012-04,504566.28,536273.7575,66042.7489651333
29,2012-04-13,520493.83,0,49.89,4.025,137.868,9.14,2012,4,13,15,2,Friday,15,April,2012-04,633826.55,544073.785,60231.3720719683
29,2012-04-20,525200.59,0,58.81,4.046,137.9230667,9.14,2012,4,20,16,2,Friday,16,April,2012-04,520493.83,546021.8125,59198.632583356215
29,2012-04-27,497250.22,0,51.42,4.023,137.9781333,9.14,2012,4,27,17,2,Friday,17,April,2012-04,525200.59,544192.7975,60992.24042412889
29,2012-05-04,504963.84,0,50.75,3.991,138.0332,9.14,2012,5,4,18,2,Friday,18,May,2012-05,497250.22,511977.12000000005,13082.586238124004
29,2012-05-11,529707.87,0,56.72,3.947,138.0882667,9.14,2012,5,11,19,2,Friday,19,May,2012-05,504963.84,514280.63,15642.705446861868
29,2012-05-18,543706.04,0,61.9,3.899,138.1065806,9.14,2012,5,18,20,2,Friday,20,May,2012-05,529707.87,518906.9925,21564.469298923996
29,2012-05-25,549665.67,0,62.39,3.85,138.1101935,9.14,2012,5,25,21,2,Friday,21,May,2012-05,543706.04,532010.855,19877.244990099294
29,2012-06-01,576252.35,0,70.01,3.798,138.1138065,9.14,2012,6,1,22,2,Friday,22,June,2012-06,549665.67,549832.9824999999,19498.46617992459
29,2012-06-08,554093.15,0,61.71,3.746,138.1174194,9.14,2012,6,8,23,2,Friday,23,June,2012-06,576252.35,555929.3025,14201.396104254032
29,2012-06-15,552338.76,0,66.56,3.683,138.1295333,9.14,2012,6,15,24,2,Friday,24,June,2012-06,554093.15,558087.4825,12245.976748583702
29,2012-06-22,581854.5,0,70.61,3.629,138.1629,9.14,2012,6,22,25,2,Friday,25,June,2012-06,552338.76,566134.6900000001,15108.560933550787
29,2012-06-29,555954.13,0,70.99,3.577,138.1962667,9.14,2012,6,29,26,2,Friday,26,June,2012-06,581854.5,561060.135,13941.283593394764
29,2012-07-06,578832.41,0,77.41,3.538,138.2296333,9.419,2012,7,6,27,3,Friday,27,July,2012-07,555954.13,567244.9500000001,15246.696877715818
29,2012-07-13,514709.76,0,75.81,3.561,138.263,9.419,2012,7,13,28,3,Friday,28,July,2012-07,578832.41,557837.7,30990.060636774542
29,2012-07-20,506705.36,0,76.57,3.61,138.2331935,9.419,2012,7,20,29,3,Friday,29,July,2012-07,514709.76,539050.415,34190.704271598275
29,2012-07-27,475158.24,0,73.52,3.701,138.2033871,9.419,2012,7,27,30,3,Friday,30,July,2012-07,506705.36,518851.4425,43479.854572626005
29,2012-08-03,504754.74,0,72.99,3.698,138.1735806,9.419,2012,8,3,31,3,Friday,31,August,2012-08,475158.24,500332.02499999997,17326.458783706188
29,2012-08-10,518628.42,0,76.74,3.772,138.1437742,9.419,2012,8,10,32,3,Friday,32,August,2012-08,504754.74,501311.68999999994,18482.589592797
29,2012-08-17,416881.66,0,74.92,3.84,138.1857097,9.419,2012,8,17,33,3,Friday,33,August,2012-08,518628.42,478855.765,45118.66714002415
29,2012-08-24,615026.15,0,70.42,3.874,138.2814516,9.419,2012,8,24,34,3,Friday,34,August,2012-08,416881.66,513822.7425,81127.52589073853
29,2012-08-31,545844.91,0,71.93,3.884,138.3771935,9.419,2012,8,31,35,3,Friday,35,August,2012-08,615026.15,524095.28500000003,82191.07087727178
29,2012-09-07,540811.85,1,73.3,3.921,138.4729355,9.419,2012,9,7,36,3,Friday,36,September,2012-09,545844.91,529641.1425000001,82447.25017991381
29,2012-09-14,475127.18,0,66.42,3.988,138.5673,9.419,2012,9,14,37,3,Friday,37,September,2012-09,540811.85,544202.5225,57159.37733056534
29,2012-09-21,489079.23,0,63.38,4.056,138.6534,9.419,2012,9,21,38,3,Friday,38,September,2012-09,475127.18,512715.7925,35863.24836497733
29,2012-09-28,489674.23,0,62.17,4.018,138.7395,9.419,2012,9,28,39,3,Friday,39,September,2012-09,489079.23,498673.12249999994,28885.44387207967
29,2012-10-05,520632.8,0,62.09,4.027,138.8256,9.151,2012,10,5,40,4,Friday,40,October,2012-10,489674.23,493628.36,19216.86038283692
29,2012-10-12,513737.0,0,54.18,4.029,138.9117,9.151,2012,10,12,41,4,Friday,41,October,2012-10,520632.8,503280.815,16301.813396770776
29,2012-10-19,516909.24,0,55.28,4.0,138.8336129,9.151,2012,10,19,42,4,Friday,42,October,2012-10,513737.0,510238.3175,13996.058342592436
29,2012-10-26,534970.68,0,57.58,3.917,138.7281613,9.151,2012,10,26,43,4,Friday,43,October,2012-10,516909.24,521562.43000000005,9372.564783466649
30,2010-02-26,472330.71,0,45.31,2.561,210.9759573,8.324,2010,2,26,8,1,Friday,8,February,2010-02,463513.26,474581.765,15671.985432038697
30,2010-03-05,472591.07,0,48.61,2.625,211.0067542,8.324,2010,3,5,9,1,Friday,9,March,2010-03,472330.71,476452.4025,14572.310950034367
30,2010-03-12,468189.93,0,57.1,2.667,211.037551,8.324,2010,3,12,10,1,Friday,10,March,2010-03,472591.07,469156.2425,4268.188343480764
30,2010-03-19,445736.36,0,54.68,2.72,210.8733316,8.324,2010,3,19,11,1,Friday,11,March,2010-03,468189.93,464712.01749999996,12810.092331468893
30,2010-03-26,442457.35,0,51.66,2.732,210.6766095,8.324,2010,3,26,12,1,Friday,12,March,2010-03,445736.36,457243.6775,15345.104945072562
30,2010-04-02,457884.06,0,64.12,2.719,210.4798874,8.2,2010,4,2,13,2,Friday,13,April,2010-04,442457.35,453566.925,11792.799140974315
30,2010-04-09,454800.96,0,65.74,2.77,210.2831653,8.2,2010,4,9,14,2,Friday,14,April,2010-04,457884.06,450219.6825,7304.901835390337
30,2010-04-16,471054.16,0,67.87,2.808,210.1495463,8.2,2010,4,16,15,2,Friday,15,April,2010-04,454800.96,456549.1325,11744.676742011954
30,2010-04-23,462454.39,0,64.21,2.795,210.1000648,8.2,2010,4,23,16,2,Friday,16,April,2010-04,471054.16,461548.3925,7074.263807319953
30,2010-04-30,456140.34,0,66.93,2.78,210.0505833,8.2,2010,4,30,17,2,Friday,17,April,2010-04,462454.39,461112.4625,7420.583637407295
30,2010-05-07,457883.94,0,70.87,2.835,210.0011018,8.2,2010,5,7,18,2,Friday,18,May,2010-05,456140.34,461883.2075,6668.515248655957
30,2010-05-14,461868.09,0,73.08,2.854,209.9984585,8.2,2010,5,14,19,2,Friday,19,May,2010-05,457883.94,459586.69000000006,3066.223254265526
30,2010-05-21,455751.84,0,74.24,2.826,210.2768443,8.2,2010,5,21,20,2,Friday,20,May,2010-05,461868.09,457911.0525,2796.217817092104
30,2010-05-28,462474.16,0,80.94,2.759,210.5552301,8.2,2010,5,28,21,2,Friday,21,May,2010-05,455751.84,459494.50750000007,3220.4404767397195
30,2010-06-04,458343.7,0,82.68,2.705,210.833616,8.2,2010,6,4,22,2,Friday,22,June,2010-06,462474.16,459609.4475,3151.2587965378043
30,2010-06-11,445530.16,0,83.51,2.668,211.1120018,8.2,2010,6,11,23,2,Friday,23,June,2010-06,458343.7,455524.965,7215.358096955287
30,2010-06-18,447727.52,0,86.18,2.637,211.1096543,8.2,2010,6,18,24,2,Friday,24,June,2010-06,445530.16,453518.885,8182.001095874901
30,2010-06-25,453210.24,0,87.01,2.653,210.9950134,8.2,2010,6,25,25,2,Friday,25,June,2010-06,447727.52,451202.90499999997,5752.642400598609
30,2010-07-02,450337.47,0,82.29,2.669,210.8803726,8.099,2010,7,2,26,3,Friday,26,July,2010-07,453210.24,449201.3475,3317.216633035887
30,2010-07-09,436293.4,0,81.67,2.642,210.7657317,8.099,2010,7,9,27,3,Friday,27,July,2010-07,450337.47,446892.1575,7412.14849081492
30,2010-07-16,438068.71,0,85.61,2.623,210.7577954,8.099,2010,7,16,28,3,Friday,28,July,2010-07,436293.4,444477.455,8537.214189935237
30,2010-07-23,440491.33,0,87.17,2.608,210.8921319,8.099,2010,7,23,29,3,Friday,29,July,2010-07,438068.71,441297.72750000004,6267.297906245034
30,2010-07-30,437893.76,0,83.59,2.64,211.0264684,8.099,2010,7,30,30,3,Friday,30,July,2010-07,440491.33,438186.80000000005,1731.631193470152
30,2010-08-06,441407.06,0,90.3,2.627,211.1608049,8.099,2010,8,6,31,3,Friday,31,August,2010-08,437893.76,439465.215,1755.3129853197183
30,2010-08-13,444160.07,0,89.65,2.692,211.2951413,8.099,2010,8,13,32,3,Friday,32,August,2010-08,441407.06,440988.055,2585.771427311071
30,2010-08-20,447139.8,0,89.58,2.664,211.2596586,8.099,2010,8,20,33,3,Friday,33,August,2010-08,444160.07,442650.17250000004,3941.460562916096
30,2010-08-27,443810.78,0,86.2,2.619,211.2241759,8.099,2010,8,27,34,3,Friday,34,August,2010-08,447139.8,444129.42750000005,2350.6100332940105
30,2010-09-03,461548.98,0,82.57,2.577,211.1886931,8.099,2010,9,3,35,3,Friday,35,September,2010-09,443810.78,449164.90750000003,8390.101146777331
30,2010-09-10,455162.92,1,79.3,2.565,211.1532104,8.099,2010,9,10,36,3,Friday,36,September,2010-09,461548.98,451915.62,7996.73829919812
30,2010-09-17,462058.19,0,83.03,2.582,211.1806415,8.099,2010,9,17,37,3,Friday,37,September,2010-09,455162.92,455645.21749999997,8490.52706966338
30,2010-09-24,448392.17,0,80.79,2.624,211.2552578,8.099,2010,9,24,38,3,Friday,38,September,2010-09,462058.19,456790.56499999994,6418.012498037208
30,2010-10-01,445475.3,0,70.28,2.603,211.3298742,8.163,2010,10,1,39,4,Friday,39,October,2010-10,448392.17,452772.14499999996,7402.1295313642995
30,2010-10-08,462080.47,0,65.76,2.633,211.4044906,8.163,2010,10,8,40,4,Friday,40,October,2010-10,445475.3,454501.5325,8819.307408590552
30,2010-10-15,453943.89,0,68.61,2.72,211.4713286,8.163,2010,10,15,41,4,Friday,41,October,2010-10,462080.47,452472.9575,7304.974925000569
30,2010-10-22,459631.74,0,70.72,2.725,211.5187208,8.163,2010,10,22,42,4,Friday,42,October,2010-10,453943.89,455282.85000000003,7373.405653214924
30,2010-10-29,438334.39,0,67.51,2.716,211.5661131,8.163,2010,10,29,43,4,Friday,43,October,2010-10,459631.74,453497.6225,10667.94955685269
30,2010-11-05,484661.87,0,58.71,2.689,211.6135053,8.163,2010,11,5,44,4,Friday,44,November,2010-11,438334.39,459142.97250000003,19248.208468890978
30,2010-11-12,431266.64,0,60.95,2.728,211.6608975,8.163,2010,11,12,45,4,Friday,45,November,2010-11,484661.87,453473.66,24034.528118963804
30,2010-11-19,423707.69,0,51.71,2.771,211.5470304,8.163,2010,11,19,46,4,Friday,46,November,2010-11,431266.64,444492.64749999996,27437.397254827607
30,2010-11-26,462732.36,1,62.96,2.735,211.4062867,8.163,2010,11,26,47,4,Friday,47,November,2010-11,423707.69,450592.14,28310.069150826803
30,2010-12-03,407112.22,0,50.43,2.708,211.265543,8.163,2010,12,3,48,4,Friday,48,December,2010-12,462732.36,431204.7275,23314.158310110422
30,2010-12-10,428631.91,0,46.35,2.843,211.1247993,8.163,2010,12,10,49,4,Friday,49,December,2010-12,407112.22,430546.045,23349.018818172335
30,2010-12-17,445332.28,0,48.63,2.869,211.0645458,8.163,2010,12,17,50,4,Friday,50,December,2010-12,428631.91,435952.19249999995,23738.112551452446
30,2010-12-24,519354.88,0,51.29,2.886,211.0646599,8.163,2010,12,24,51,4,Friday,51,December,2010-12,445332.28,450107.8225,48743.537796044555
30,2010-12-31,397631.02,1,47.19,2.943,211.064774,8.163,2010,12,31,52,4,Friday,52,December,2010-12,519354.88,447737.5225,51673.71062267952
30,2011-01-07,451077.21,0,44.24,2.976,211.0648881,8.028,2011,1,7,1,1,Friday,1,January,2011-01,397631.02,453348.84750000003,50102.22323451746
30,2011-01-14,465408.72,0,34.14,2.983,211.1176713,8.028,2011,1,14,2,1,Friday,2,January,2011-01,451077.21,458367.9575,50037.01172995201
30,2011-01-21,439132.62,0,42.72,3.016,211.4864691,8.028,2011,1,21,3,1,Friday,3,January,2011-01,465408.72,438312.39249999996,29170.752312496537
30,2011-01-28,425989.04,0,44.04,3.01,211.8552668,8.028,2011,1,28,4,1,Friday,4,January,2011-01,439132.62,445401.89749999996,16819.086332759653
30,2011-02-04,490970.95,0,36.33,2.989,212.2240646,8.028,2011,2,4,5,1,Friday,5,February,2011-02,425989.04,455375.3325,28839.190616154414
30,2011-02-11,470921.24,1,34.61,3.022,212.5928624,8.028,2011,2,11,6,1,Friday,6,February,2011-02,490970.95,456753.4625,29600.14725340887
30,2011-02-18,417070.51,0,59.87,3.045,212.9033115,8.028,2011,2,18,7,1,Friday,7,February,2011-02,470921.24,451237.93499999994,35454.49951024032
30,2011-02-25,432687.97,0,61.27,3.065,213.190421,8.028,2011,2,25,8,1,Friday,8,February,2011-02,417070.51,452912.6675,33992.353030051076
30,2011-03-04,443334.71,0,59.52,3.288,213.4775305,8.028,2011,3,4,9,1,Friday,9,March,2011-03,432687.97,441003.6075,22674.815370409444
30,2011-03-11,438529.81,0,54.69,3.459,213.7646401,8.028,2011,3,11,10,1,Friday,10,March,2011-03,443334.71,432905.75,11419.216428914875
30,2011-03-18,425470.84,0,63.26,3.488,214.0156238,8.028,2011,3,18,11,1,Friday,11,March,2011-03,438529.81,435005.8325,7704.483248396603
30,2011-03-25,431754.01,0,70.33,3.473,214.2521573,8.028,2011,3,25,12,1,Friday,12,March,2011-03,425470.84,434772.34249999997,7811.550828883072
30,2011-04-01,437926.79,0,56.36,3.524,214.4886908,7.931,2011,4,1,13,2,Friday,13,April,2011-04,431754.01,433420.3625,6120.620371614601
30,2011-04-08,443889.5,0,68.62,3.622,214.7252242,7.931,2011,4,8,14,2,Friday,14,April,2011-04,437926.79,434760.28500000003,7930.968797797146
30,2011-04-15,426666.92,0,71.01,3.743,214.9420631,7.931,2011,4,15,15,2,Friday,15,April,2011-04,443889.5,435059.305,7473.328463910771
30,2011-04-22,445358.73,0,70.79,3.807,215.1096657,7.931,2011,4,22,16,2,Friday,16,April,2011-04,426666.92,438460.485,8493.781916054733
30,2011-04-29,423687.2,0,70.19,3.81,215.2772683,7.931,2011,4,29,17,2,Friday,17,April,2011-04,445358.73,434900.5875,11309.385957523247
30,2011-05-06,438789.52,0,61.87,3.906,215.4448709,7.931,2011,5,6,18,2,Friday,18,May,2011-05,423687.2,433625.5925,10190.31290434651
30,2011-05-13,424614.59,0,75.04,3.899,215.6124735,7.931,2011,5,13,19,2,Friday,19,May,2011-05,438789.52,433112.51,10696.56424202024
30,2011-05-20,435102.2,0,68.36,3.907,215.3834778,7.931,2011,5,20,20,2,Friday,20,May,2011-05,424614.59,430548.37750000006,7548.494769344776
30,2011-05-27,429305.82,0,76.86,3.786,215.1544822,7.931,2011,5,27,21,2,Friday,21,May,2011-05,435102.2,431953.0325,6258.734952759358
30,2011-06-03,432808.48,0,83.82,3.699,214.9254865,7.931,2011,6,3,22,2,Friday,22,June,2011-06,429305.82,430457.77249999996,4566.775260650766
30,2011-06-10,424697.05,0,84.71,3.648,214.6964908,7.931,2011,6,10,23,2,Friday,23,June,2011-06,432808.48,430478.3875,4531.657199622673
30,2011-06-17,435481.03,0,87.54,3.637,214.6513538,7.931,2011,6,17,24,2,Friday,24,June,2011-06,424697.05,430573.09500000003,4662.569492962046
30,2011-06-24,422715.74,0,85.72,3.594,214.7441108,7.931,2011,6,24,25,2,Friday,25,June,2011-06,435481.03,428925.575,6177.740037125289
30,2011-07-01,428782.38,0,87.57,3.524,214.8368678,7.852,2011,7,1,26,3,Friday,26,July,2011-07,422715.74,427919.05000000005,5638.693677481309
30,2011-07-08,419764.37,0,89.16,3.48,214.9296249,7.852,2011,7,8,27,3,Friday,27,July,2011-07,428782.38,426685.88,6962.262277741891
30,2011-07-15,420515.63,0,91.05,3.575,215.0134426,7.852,2011,7,15,28,3,Friday,28,July,2011-07,419764.37,422944.53,4088.4312526201134
30,2011-07-22,423441.76,0,90.27,3.651,215.0749122,7.852,2011,7,22,29,3,Friday,29,July,2011-07,420515.63,423126.03500000003,4091.003416885339
30,2011-07-29,414245.96,0,91.56,3.682,215.1363819,7.852,2011,7,29,30,3,Friday,30,July,2011-07,423441.76,419491.93000000005,3840.2926760601426
30,2011-08-05,431798.64,0,94.22,3.684,215.1978515,7.852,2011,8,5,31,3,Friday,31,August,2011-08,414245.96,422500.4975,7289.684889752948
30,2011-08-12,412224.67,0,92.32,3.638,215.2593211,7.852,2011,8,12,32,3,Friday,32,August,2011-08,431798.64,420427.75749999995,9016.40070025134
30,2011-08-19,414450.61,0,90.11,3.554,215.3229307,7.852,2011,8,19,33,3,Friday,33,August,2011-08,412224.67,418179.97000000003,9134.519351496734
30,2011-08-26,387944.83,0,92.07,3.523,215.386897,7.852,2011,8,26,34,3,Friday,34,August,2011-08,414450.61,411604.6875,18037.62944207546
30,2011-09-02,369722.32,0,91.94,3.533,215.4508632,7.852,2011,9,2,35,3,Friday,35,September,2011-09,387944.83,396085.60750000004,21284.092975084208
30,2011-09-09,370897.82,1,78.87,3.546,215.5148295,7.852,2011,9,9,36,3,Friday,36,September,2011-09,369722.32,385753.895,20864.771021602533
30,2011-09-16,382914.66,0,80.62,3.526,215.6944378,7.852,2011,9,16,37,3,Friday,37,September,2011-09,370897.82,377869.9075,8980.474696902005
30,2011-09-23,391837.56,0,75.68,3.467,216.0282356,7.852,2011,9,23,38,3,Friday,38,September,2011-09,382914.66,378843.08999999997,10515.856180258075
30,2011-09-30,387001.13,0,78.91,3.355,216.3620333,7.852,2011,9,30,39,3,Friday,39,September,2011-09,391837.56,383162.79250000004,8953.12880331583
30,2011-10-07,417528.26,0,71.64,3.285,216.6958311,7.441,2011,10,7,40,4,Friday,40,October,2011-10,387001.13,394820.4025,15571.68229539007
30,2011-10-14,410711.99,0,69.79,3.274,217.0048261,7.441,2011,10,14,41,4,Friday,41,October,2011-10,417528.26,401769.73500000004,14663.50149790651
30,2011-10-21,428958.53,0,65.16,3.353,217.1650042,7.441,2011,10,21,42,4,Friday,42,October,2011-10,410711.99,411049.97750000004,17712.00815288409
30,2011-10-28,426151.88,0,65.46,3.372,217.3251824,7.441,2011,10,28,43,4,Friday,43,October,2011-10,428958.53,420837.665,8320.071816078773
30,2011-11-04,432359.04,0,56.01,3.332,217.4853605,7.441,2011,11,4,44,4,Friday,44,November,2011-11,426151.88,424545.36,9565.08750018568
30,2011-11-11,409686.63,0,59.8,3.297,217.6455387,7.441,2011,11,11,45,4,Friday,45,November,2011-11,432359.04,424289.02,10060.311253174114
30,2011-11-18,436462.63,0,61.9,3.308,217.8670218,7.441,2011,11,18,46,4,Friday,46,November,2011-11,409686.63,426165.045,11774.890871705567
30,2011-11-25,452163.93,1,56.43,3.236,218.1130269,7.441,2011,11,25,47,4,Friday,47,November,2011-11,436462.63,432668.0575,17537.857401890164
30,2011-12-02,412385.75,0,48.72,3.172,218.3590319,7.441,2011,12,2,48,4,Friday,48,December,2011-12,452163.93,427674.735,20283.595622245462
30,2011-12-09,436741.02,0,41.44,3.158,218.605037,7.441,2011,12,9,49,4,Friday,49,December,2011-12,412385.75,434438.3325,16430.797827479375
30,2011-12-16,441265.08,0,50.56,3.159,218.8217928,7.441,2011,12,16,50,4,Friday,50,December,2011-12,436741.02,435638.945,16799.34692482745
30,2011-12-23,492022.68,0,46.54,3.112,218.9995495,7.441,2011,12,23,51,4,Friday,51,December,2011-12,441265.08,445603.6325,33444.1057423253
30,2011-12-30,376777.45,1,45.16,3.129,219.1773063,7.441,2011,12,30,52,4,Friday,52,December,2011-12,492022.68,436701.5575,47159.84361448663
30,2012-01-06,457030.86,0,48.1,3.157,219.355063,7.057,2012,1,6,1,1,Friday,1,January,2012-01,376777.45,441774.0175,48244.212538119384
30,2012-01-13,447023.91,0,45.0,3.261,219.5328198,7.057,2012,1,13,2,1,Friday,2,January,2012-01,457030.86,443213.725,48309.84528164741
30,2012-01-20,438760.62,0,52.21,3.268,219.6258417,7.057,2012,1,20,3,1,Friday,3,January,2012-01,447023.91,429898.21,36193.12895425609
30,2012-01-27,433037.66,0,50.79,3.29,219.7188636,7.057,2012,1,27,4,1,Friday,4,January,2012-01,438760.62,443963.2625,10433.375077319773
30,2012-02-03,434080.74,0,55.83,3.36,219.8118854,7.057,2012,2,3,5,1,Friday,5,February,2012-02,433037.66,438225.7325,6371.5798943305135
30,2012-02-10,451365.99,1,46.52,3.409,219.9049073,7.057,2012,2,10,6,1,Friday,6,February,2012-02,434080.74,439311.2525,8413.008106749749
30,2012-02-17,435109.11,0,45.03,3.51,220.0651993,7.057,2012,2,17,7,1,Friday,7,February,2012-02,451365.99,438398.375,8686.340624469654
30,2012-02-24,425215.71,0,54.81,3.555,220.275944,7.057,2012,2,24,8,1,Friday,8,February,2012-02,435109.11,436442.8875,10895.063195063914
30,2012-03-02,438640.61,0,59.3,3.63,220.4866886,7.057,2012,3,2,9,1,Friday,9,March,2012-03,425215.71,437582.855,10803.692977316201
30,2012-03-09,446617.89,0,57.16,3.669,220.6974332,7.057,2012,3,9,10,1,Friday,10,March,2012-03,438640.61,436395.83,8872.810142317463
30,2012-03-16,413617.45,0,63.39,3.734,220.8498468,7.057,2012,3,16,11,1,Friday,11,March,2012-03,446617.89,431022.915,14582.025055319917
30,2012-03-23,430222.97,0,62.96,3.787,220.9244858,7.057,2012,3,23,12,1,Friday,12,March,2012-03,413617.45,432274.73,14125.08977028741
30,2012-03-30,449603.91,0,67.87,3.845,220.9991248,7.057,2012,3,30,13,1,Friday,13,March,2012-03,430222.97,435015.555,16616.07703030948
30,2012-04-06,461511.92,0,69.02,3.891,221.0737638,6.891,2012,4,6,14,2,Friday,14,April,2012-04,449603.91,438739.0625,21136.596982345654
30,2012-04-13,428784.7,0,69.03,3.891,221.1484028,6.891,2012,4,13,15,2,Friday,15,April,2012-04,461511.92,442530.875,15819.28934374042
30,2012-04-20,462909.41,0,66.97,3.877,221.2021074,6.891,2012,4,20,16,2,Friday,16,April,2012-04,428784.7,450702.485,15784.476227312056
30,2012-04-27,433744.83,0,69.21,3.814,221.255812,6.891,2012,4,27,17,2,Friday,17,April,2012-04,462909.41,446737.715,17990.05892864665
30,2012-05-04,454477.54,0,77.53,3.749,221.3095166,6.891,2012,5,4,18,2,Friday,18,May,2012-05,433744.83,444979.12,16331.80733947345
30,2012-05-11,436070.45,0,74.14,3.688,221.3632212,6.891,2012,5,11,19,2,Friday,19,May,2012-05,454477.54,446800.5575,14189.414090416272
30,2012-05-18,460945.14,0,72.42,3.63,221.380331,6.891,2012,5,18,20,2,Friday,20,May,2012-05,436070.45,446309.49,13461.400530928397
30,2012-05-25,449355.91,0,79.49,3.561,221.3828029,6.891,2012,5,25,21,2,Friday,21,May,2012-05,460945.14,450212.26,10553.22149821938
30,2012-06-01,427021.18,0,79.24,3.501,221.3852748,6.891,2012,6,1,22,2,Friday,22,June,2012-06,449355.91,443348.17,14891.631922515371
30,2012-06-08,437222.94,0,79.47,3.452,221.3877467,6.891,2012,6,8,23,2,Friday,23,June,2012-06,427021.18,443636.2925,14713.976120246038
30,2012-06-15,438523.24,0,81.51,3.393,221.4009901,6.891,2012,6,15,24,2,Friday,24,June,2012-06,437222.94,438030.8175,9135.370526849802
30,2012-06-22,428554.63,0,81.78,3.346,221.4411622,6.891,2012,6,22,25,2,Friday,25,June,2012-06,438523.24,432830.49749999994,5880.251723084279
30,2012-06-29,423192.4,0,88.05,3.286,221.4813343,6.891,2012,6,29,26,2,Friday,26,June,2012-06,428554.63,431873.3025,7284.960432564838
30,2012-07-06,440553.42,0,85.26,3.227,221.5215064,6.565,2012,7,6,27,3,Friday,27,July,2012-07,423192.4,432705.9225,8229.312237097054
30,2012-07-13,417640.34,0,82.51,3.256,221.5616784,6.565,2012,7,13,28,3,Friday,28,July,2012-07,440553.42,427485.1975,9785.558317454403
30,2012-07-20,427491.04,0,84.25,3.311,221.5701123,6.565,2012,7,20,29,3,Friday,29,July,2012-07,417640.34,427219.30000000005,9761.23279600871
30,2012-07-27,424581.17,0,88.09,3.407,221.5785461,6.565,2012,7,27,30,3,Friday,30,July,2012-07,427491.04,427566.4925,9593.515741588231
30,2012-08-03,425136.55,0,91.57,3.417,221.5869799,6.565,2012,8,3,31,3,Friday,31,August,2012-08,424581.17,423712.275,4239.92914115819
30,2012-08-10,430878.28,0,89.57,3.494,221.5954138,6.565,2012,8,10,32,3,Friday,32,August,2012-08,425136.55,427021.76,2863.765965823586
30,2012-08-17,423351.15,0,85.55,3.571,221.6751459,6.565,2012,8,17,33,3,Friday,33,August,2012-08,430878.28,425986.7875,3345.242804924809
30,2012-08-24,425296.65,0,77.72,3.62,221.8083518,6.565,2012,8,24,34,3,Friday,34,August,2012-08,423351.15,426165.65750000003,3263.1528504757202
30,2012-08-31,439132.5,0,83.58,3.638,221.9415576,6.565,2012,8,31,35,3,Friday,35,August,2012-08,425296.65,429664.645,7072.311919246018
30,2012-09-07,433565.77,1,88.4,3.73,222.0747635,6.565,2012,9,7,36,3,Friday,36,September,2012-09,439132.5,430336.5175,7348.310539997223
30,2012-09-14,437773.31,0,76.1,3.717,222.2174395,6.565,2012,9,14,37,3,Friday,37,September,2012-09,433565.77,433942.0575,6231.742725442141
30,2012-09-21,443891.64,0,71.54,3.721,222.4169362,6.565,2012,9,21,38,3,Friday,38,September,2012-09,437773.31,438590.805,4254.862316477039
30,2012-09-28,425410.04,0,80.38,3.666,222.6164329,6.565,2012,9,28,39,3,Friday,39,September,2012-09,443891.64,435160.19,7760.4599390291605
30,2012-10-05,446751.45,0,70.28,3.617,222.8159296,6.17,2012,10,5,40,4,Friday,40,October,2012-10,425410.04,438456.61,9469.66752991589
30,2012-10-12,434593.26,0,61.53,3.601,223.0154263,6.17,2012,10,12,41,4,Friday,41,October,2012-10,446751.45,437661.5975,9677.365416498176
30,2012-10-19,437537.29,0,68.52,3.594,223.0598077,6.17,2012,10,19,42,4,Friday,42,October,2012-10,434593.26,436073.01,8795.108224375434
30,2012-10-26,439424.5,0,70.5,3.506,223.0783366,6.17,2012,10,26,43,4,Friday,43,October,2012-10,437537.29,439576.625,5179.899283503818
31,2010-02-26,1344354.41,0,45.31,2.561,210.9759573,8.324,2010,2,26,8,1,Friday,8,February,2010-02,1473386.75,1457735.1099999999,82996.63950835126
31,2010-03-05,1384870.51,0,48.61,2.625,211.0067542,8.324,2010,3,5,9,1,Friday,9,March,2010-03,1344354.41,1436639.725,89557.94299789226
31,2010-03-12,1366193.35,0,57.1,2.667,211.037551,8.324,2010,3,12,10,1,Friday,10,March,2010-03,1384870.51,1392201.255,56599.63521553001
31,2010-03-19,1332261.01,0,54.68,2.72,210.8733316,8.324,2010,3,19,11,1,Friday,11,March,2010-03,1366193.35,1356919.8199999998,23332.279994472214
31,2010-03-26,1229635.7,0,51.66,2.732,210.6766095,8.324,2010,3,26,12,1,Friday,12,March,2010-03,1332261.01,1328240.1425,69249.42343661716
31,2010-04-02,1357600.68,0,64.12,2.719,210.4798874,8.2,2010,4,2,13,2,Friday,13,April,2010-04,1229635.7,1321422.685,62863.820201443756
31,2010-04-09,1395710.09,0,65.74,2.77,210.2831653,8.2,2010,4,9,14,2,Friday,14,April,2010-04,1357600.68,1328801.8699999999,71067.98689281793
31,2010-04-16,1367448.28,0,67.87,2.808,210.1495463,8.2,2010,4,16,15,2,Friday,15,April,2010-04,1395710.09,1337598.6875,73765.438263974
31,2010-04-23,1280465.8,0,64.21,2.795,210.1000648,8.2,2010,4,23,16,2,Friday,16,April,2010-04,1367448.28,1350306.2125,49282.36684145914
31,2010-04-30,1243200.24,0,66.93,2.78,210.0505833,8.2,2010,4,30,17,2,Friday,17,April,2010-04,1280465.8,1321706.1025,71723.70590328406
31,2010-05-07,1381796.8,0,70.87,2.835,210.0011018,8.2,2010,5,7,18,2,Friday,18,May,2010-05,1243200.24,1318227.78,67128.67448908027
31,2010-05-14,1287288.59,0,73.08,2.854,209.9984585,8.2,2010,5,14,19,2,Friday,19,May,2010-05,1381796.8,1298187.8575,59011.181704161885
31,2010-05-21,1337405.6,0,74.24,2.826,210.2768443,8.2,2010,5,21,20,2,Friday,20,May,2010-05,1287288.59,1312422.8075,60167.498139548734
31,2010-05-28,1309437.17,0,80.94,2.759,210.5552301,8.2,2010,5,28,21,2,Friday,21,May,2010-05,1337405.6,1328982.04,40745.96484377679
31,2010-06-04,1427624.5,0,82.68,2.705,210.833616,8.2,2010,6,4,22,2,Friday,22,June,2010-06,1309437.17,1340438.965,61634.9264414324
31,2010-06-11,1377092.33,0,83.51,2.668,211.1120018,8.2,2010,6,11,23,2,Friday,23,June,2010-06,1427624.5,1362889.9,51312.510969574156
31,2010-06-18,1368090.08,0,86.18,2.637,211.1096543,8.2,2010,6,18,24,2,Friday,24,June,2010-06,1377092.33,1370561.02,48446.29102876981
31,2010-06-25,1303523.73,0,87.01,2.653,210.9950134,8.2,2010,6,25,25,2,Friday,25,June,2010-06,1368090.08,1369082.6600000001,50958.35018880941
31,2010-07-02,1311704.92,0,82.29,2.669,210.8803726,8.099,2010,7,2,26,3,Friday,26,July,2010-07,1303523.73,1340102.7650000001,37841.692712201424
31,2010-07-09,1315118.4,0,81.67,2.642,210.7657317,8.099,2010,7,9,27,3,Friday,27,July,2010-07,1311704.92,1324609.2825,29392.62774703255
31,2010-07-16,1335433.72,0,85.61,2.623,210.7577954,8.099,2010,7,16,28,3,Friday,28,July,2010-07,1315118.4,1316445.1925,13561.697674823214
31,2010-07-23,1276031.84,0,87.17,2.608,210.8921319,8.099,2010,7,23,29,3,Friday,29,July,2010-07,1335433.72,1309572.22,24691.987868384113
31,2010-07-30,1231993.14,0,83.59,2.64,211.0264684,8.099,2010,7,30,30,3,Friday,30,July,2010-07,1276031.84,1289644.275,45660.179848316184
31,2010-08-06,1352401.08,0,90.3,2.627,211.1608049,8.099,2010,8,6,31,3,Friday,31,August,2010-08,1231993.14,1298964.945,55367.08421567968
31,2010-08-13,1327719.34,0,89.65,2.692,211.2951413,8.099,2010,8,13,32,3,Friday,32,August,2010-08,1352401.08,1297036.35,53785.09028456931
31,2010-08-20,1376571.21,0,89.58,2.664,211.2596586,8.099,2010,8,20,33,3,Friday,33,August,2010-08,1327719.34,1322171.1925,63340.53756123305
31,2010-08-27,1326621.98,0,86.2,2.619,211.2241759,8.099,2010,8,27,34,3,Friday,34,August,2010-08,1376571.21,1345828.4025,23700.52821056071
31,2010-09-03,1302047.48,0,82.57,2.577,211.1886931,8.099,2010,9,3,35,3,Friday,35,September,2010-09,1326621.98,1333240.0025,31224.151654186015
31,2010-09-10,1308179.02,1,79.3,2.565,211.1532104,8.099,2010,9,10,36,3,Friday,36,September,2010-09,1302047.48,1328354.9224999999,33798.234877833704
31,2010-09-17,1294105.01,0,83.03,2.582,211.1806415,8.099,2010,9,17,37,3,Friday,37,September,2010-09,1308179.02,1307738.3725,13844.850221132006
31,2010-09-24,1230250.25,0,80.79,2.624,211.2552578,8.099,2010,9,24,38,3,Friday,38,September,2010-09,1294105.01,1283645.44,36060.04503370989
31,2010-10-01,1213981.64,0,70.28,2.603,211.3298742,8.163,2010,10,1,39,4,Friday,39,October,2010-10,1230250.25,1261628.98,46463.22005648354
31,2010-10-08,1300131.68,0,65.76,2.633,211.4044906,8.163,2010,10,8,40,4,Friday,40,October,2010-10,1213981.64,1259617.145,43878.066719304225
31,2010-10-15,1265852.43,0,68.61,2.72,211.4713286,8.163,2010,10,15,41,4,Friday,41,October,2010-10,1300131.68,1252554.0,38409.06184170633
31,2010-10-22,1262289.29,0,70.72,2.725,211.5187208,8.163,2010,10,22,42,4,Friday,42,October,2010-10,1265852.43,1260563.76,35432.855191056944
31,2010-10-29,1257921.28,0,67.51,2.716,211.5661131,8.163,2010,10,29,43,4,Friday,43,October,2010-10,1262289.29,1271548.67,19329.40322405891
31,2010-11-05,1324455.72,0,58.71,2.689,211.6135053,8.163,2010,11,5,44,4,Friday,44,November,2010-11,1257921.28,1277629.6800000002,31385.40125364424
31,2010-11-12,1352780.76,0,60.95,2.728,211.6608975,8.163,2010,11,12,45,4,Friday,45,November,2010-11,1324455.72,1299361.7625,46815.16066408885
31,2010-11-19,1359158.57,0,51.71,2.771,211.5470304,8.163,2010,11,19,46,4,Friday,46,November,2010-11,1352780.76,1323579.0825,46297.4204537448
31,2010-11-26,1858856.06,1,62.96,2.735,211.4062867,8.163,2010,11,26,47,4,Friday,47,November,2010-11,1359158.57,1473812.7774999999,257138.22260994592
31,2010-12-03,1338716.37,0,50.43,2.708,211.265543,8.163,2010,12,3,48,4,Friday,48,December,2010-12,1858856.06,1477377.94,254462.0886895521
31,2010-12-10,1475685.1,0,46.35,2.843,211.1247993,8.163,2010,12,10,49,4,Friday,49,December,2010-12,1338716.37,1508104.0250000001,241491.82386874067
31,2010-12-17,1714667.0,0,48.63,2.869,211.0645458,8.163,2010,12,17,50,4,Friday,50,December,2010-12,1475685.1,1596981.1325,233696.28160768808
31,2010-12-24,2068942.97,0,51.29,2.886,211.0646599,8.163,2010,12,24,51,4,Friday,51,December,2010-12,1714667.0,1649502.86,319883.95139315154
31,2010-12-31,1198071.6,1,47.19,2.943,211.064774,8.163,2010,12,31,52,4,Friday,52,December,2010-12,2068942.97,1614341.6675000002,369339.0174276508
31,2011-01-07,1311986.87,0,44.24,2.976,211.0648881,8.028,2011,1,7,1,1,Friday,1,January,2011-01,1198071.6,1573417.11,397797.03016210353
31,2011-01-14,1350730.31,0,34.14,2.983,211.1176713,8.028,2011,1,14,2,1,Friday,2,January,2011-01,1311986.87,1482432.9375,396338.5894680446
31,2011-01-21,1344167.13,0,42.72,3.016,211.4864691,8.028,2011,1,21,3,1,Friday,3,January,2011-01,1350730.31,1301238.9775,70831.35662286785
31,2011-01-28,1254955.68,0,44.04,3.01,211.8552668,8.028,2011,1,28,4,1,Friday,4,January,2011-01,1344167.13,1315459.9975,43745.207169822446
31,2011-02-04,1443206.46,0,36.33,2.989,212.2240646,8.028,2011,2,4,5,1,Friday,5,February,2011-02,1254955.68,1348264.895,76905.52714788582
31,2011-02-11,1539230.32,1,34.61,3.022,212.5928624,8.028,2011,2,11,6,1,Friday,6,February,2011-02,1443206.46,1395389.8975,122911.93615686927
31,2011-02-18,1539063.91,0,59.87,3.045,212.9033115,8.028,2011,2,18,7,1,Friday,7,February,2011-02,1539230.32,1444114.0925,133970.51092608628
31,2011-02-25,1365678.22,0,61.27,3.065,213.190421,8.028,2011,2,25,8,1,Friday,8,February,2011-02,1539063.91,1471794.7274999998,83965.6760283489
31,2011-03-04,1412721.18,0,59.52,3.288,213.4775305,8.028,2011,3,4,9,1,Friday,9,March,2011-03,1365678.22,1464173.4074999997,88676.86875036155
31,2011-03-11,1405572.93,0,54.69,3.459,213.7646401,8.028,2011,3,11,10,1,Friday,10,March,2011-03,1412721.18,1430759.06,75111.38956664945
31,2011-03-18,1425559.02,0,63.26,3.488,214.0156238,8.028,2011,3,18,11,1,Friday,11,March,2011-03,1405572.93,1402382.8375,25829.06887533308
31,2011-03-25,1357036.1,0,70.33,3.473,214.2521573,8.028,2011,3,25,12,1,Friday,12,March,2011-03,1425559.02,1400222.3075,29954.67962021456
31,2011-04-01,1344890.73,0,56.36,3.524,214.4886908,7.931,2011,4,1,13,2,Friday,13,April,2011-04,1357036.1,1383264.695,38500.942246113766
31,2011-04-08,1416790.17,0,68.62,3.622,214.7252242,7.931,2011,4,8,14,2,Friday,14,April,2011-04,1344890.73,1386069.0050000001,40995.16706626018
31,2011-04-15,1408464.08,0,71.01,3.743,214.9420631,7.931,2011,4,15,15,2,Friday,15,April,2011-04,1416790.17,1381795.27,36105.53985436889
31,2011-04-22,1461393.91,0,70.79,3.807,215.1096657,7.931,2011,4,22,16,2,Friday,16,April,2011-04,1408464.08,1407884.7225000001,47996.940486826235
31,2011-04-29,1331137.96,0,70.19,3.81,215.2772683,7.931,2011,4,29,17,2,Friday,17,April,2011-04,1461393.91,1404446.5299999998,54116.09951687506
31,2011-05-06,1388755.61,0,61.87,3.906,215.4448709,7.931,2011,5,6,18,2,Friday,18,May,2011-05,1331137.96,1397437.89,53799.04603912421
31,2011-05-13,1408118.22,0,75.04,3.899,215.6124735,7.931,2011,5,13,19,2,Friday,19,May,2011-05,1388755.61,1397351.4249999998,53775.69073589329
31,2011-05-20,1387365.19,0,68.36,3.907,215.3834778,7.931,2011,5,20,20,2,Friday,20,May,2011-05,1408118.22,1378844.245,33184.82032826577
31,2011-05-27,1342273.64,0,76.86,3.786,215.1544822,7.931,2011,5,27,21,2,Friday,21,May,2011-05,1387365.19,1381628.165,27893.939484871546
31,2011-06-03,1430348.1,0,83.82,3.699,214.9254865,7.931,2011,6,3,22,2,Friday,22,June,2011-06,1342273.64,1392026.2874999999,37525.8282965797
31,2011-06-10,1425299.37,0,84.71,3.648,214.6964908,7.931,2011,6,10,23,2,Friday,23,June,2011-06,1430348.1,1396321.575,40820.39162261004
31,2011-06-17,1491039.14,0,87.54,3.637,214.6513538,7.931,2011,6,17,24,2,Friday,24,June,2011-06,1425299.37,1422240.0625,61109.30487462602
31,2011-06-24,1375962.46,0,85.72,3.594,214.7441108,7.931,2011,6,24,25,2,Friday,25,June,2011-06,1491039.14,1430662.2675,47139.13817707215
31,2011-07-01,1371889.27,0,87.57,3.524,214.8368678,7.852,2011,7,1,26,3,Friday,26,July,2011-07,1375962.46,1416047.56,55576.08261625405
31,2011-07-08,1423144.47,0,89.16,3.48,214.9296249,7.852,2011,7,8,27,3,Friday,27,July,2011-07,1371889.27,1415508.835,55466.84331404839
31,2011-07-15,1415473.91,0,91.05,3.575,215.0134426,7.852,2011,7,15,28,3,Friday,28,July,2011-07,1423144.47,1396617.5274999999,26440.879787430433
31,2011-07-22,1401944.8,0,90.27,3.651,215.0749122,7.852,2011,7,22,29,3,Friday,29,July,2011-07,1415473.91,1403113.1125,22585.673133580432
31,2011-07-29,1308122.15,0,91.56,3.682,215.1363819,7.852,2011,7,29,30,3,Friday,30,July,2011-07,1401944.8,1387171.3324999998,53423.250589448086
31,2011-08-05,1428993.33,0,94.22,3.684,215.1978515,7.852,2011,8,5,31,3,Friday,31,August,2011-08,1308122.15,1388633.5474999999,54798.39314280451
31,2011-08-12,1443311.49,0,92.32,3.638,215.2593211,7.852,2011,8,12,32,3,Friday,32,August,2011-08,1428993.33,1395592.9425,60784.12976794153
31,2011-08-19,1487542.53,0,90.11,3.554,215.3229307,7.852,2011,8,19,33,3,Friday,33,August,2011-08,1443311.49,1416992.375,76739.31846923802
31,2011-08-26,1417267.07,0,92.07,3.523,215.386897,7.852,2011,8,26,34,3,Friday,34,August,2011-08,1487542.53,1444278.605,30746.08469767642
31,2011-09-02,1385769.03,0,91.94,3.533,215.4508632,7.852,2011,9,2,35,3,Friday,35,September,2011-09,1417267.07,1433472.53,43044.97988516437
31,2011-09-09,1376670.27,1,78.87,3.546,215.5148295,7.852,2011,9,9,36,3,Friday,36,September,2011-09,1385769.03,1416812.225,50259.4582687232
31,2011-09-16,1363460.86,0,80.62,3.526,215.6944378,7.852,2011,9,16,37,3,Friday,37,September,2011-09,1376670.27,1385791.8075,22895.16929303136
31,2011-09-23,1347607.74,0,75.68,3.467,216.0282356,7.852,2011,9,23,38,3,Friday,38,September,2011-09,1363460.86,1368376.975,16601.12072781234
31,2011-09-30,1285534.74,0,78.91,3.355,216.3620333,7.852,2011,9,30,39,3,Friday,39,September,2011-09,1347607.74,1343318.4024999999,40313.00752850326
31,2011-10-07,1427383.24,0,71.64,3.285,216.6958311,7.441,2011,10,7,40,4,Friday,40,October,2011-10,1285534.74,1355996.645,58272.38978735429
31,2011-10-14,1378340.18,0,69.79,3.274,217.0048261,7.441,2011,10,14,41,4,Friday,41,October,2011-10,1427383.24,1359716.475,59372.22904243599
31,2011-10-21,1409310.4,0,65.16,3.353,217.1650042,7.441,2011,10,21,42,4,Friday,42,October,2011-10,1378340.18,1375142.14,63077.50818170415
31,2011-10-28,1346862.72,0,65.46,3.372,217.3251824,7.441,2011,10,28,43,4,Friday,43,October,2011-10,1409310.4,1390474.135,35431.97846247133
31,2011-11-04,1426405.46,0,56.01,3.332,217.4853605,7.441,2011,11,4,44,4,Friday,44,November,2011-11,1346862.72,1390229.69,35094.22727561513
31,2011-11-11,1444783.64,0,59.8,3.297,217.6455387,7.441,2011,11,11,45,4,Friday,45,November,2011-11,1426405.46,1406840.555,42528.045776040366
31,2011-11-18,1445174.79,0,61.9,3.308,217.8670218,7.441,2011,11,18,46,4,Friday,46,November,2011-11,1444783.64,1415806.6525,46789.435608835396
31,2011-11-25,1934099.65,1,56.43,3.236,218.1130269,7.441,2011,11,25,47,4,Friday,47,November,2011-11,1445174.79,1562615.8849999998,247810.6241291206
31,2011-12-02,1388809.43,0,48.72,3.172,218.3590319,7.441,2011,12,2,48,4,Friday,48,December,2011-12,1934099.65,1553216.8775,255298.74973374436
31,2011-12-09,1556798.94,0,41.44,3.158,218.605037,7.441,2011,12,9,49,4,Friday,49,December,2011-12,1388809.43,1581220.7025,245391.22652432576
31,2011-12-16,1611196.61,0,50.56,3.159,218.8217928,7.441,2011,12,16,50,4,Friday,50,December,2011-12,1556798.94,1622726.1575,228144.55630060614
31,2011-12-23,2026176.14,0,46.54,3.112,218.9995495,7.441,2011,12,23,51,4,Friday,51,December,2011-12,1611196.61,1645745.28,270708.16528365243
31,2011-12-30,1355405.95,1,45.16,3.129,219.1773063,7.441,2011,12,30,52,4,Friday,52,December,2011-12,2026176.14,1637394.41,281573.36501897254
31,2012-01-06,1401232.52,0,48.1,3.157,219.355063,7.057,2012,1,6,1,1,Friday,1,January,2012-01,1355405.95,1598502.8050000002,306092.1758829466
31,2012-01-13,1377485.12,0,45.0,3.261,219.5328198,7.057,2012,1,13,2,1,Friday,2,January,2012-01,1401232.52,1540074.9325,324607.29077258194
31,2012-01-20,1372504.9,0,52.21,3.268,219.6258417,7.057,2012,1,20,3,1,Friday,3,January,2012-01,1377485.12,1376657.1225,18916.386427793317
31,2012-01-27,1259941.48,0,50.79,3.29,219.7188636,7.057,2012,1,27,4,1,Friday,4,January,2012-01,1372504.9,1352791.005,63156.02805730381
31,2012-02-03,1391479.91,0,55.83,3.36,219.8118854,7.057,2012,2,3,5,1,Friday,5,February,2012-02,1259941.48,1350352.8525,60807.138517544765
31,2012-02-10,1527688.58,1,46.52,3.409,219.9049073,7.057,2012,2,10,6,1,Friday,6,February,2012-02,1391479.91,1387903.7175,109793.8291273621
31,2012-02-17,1570813.52,0,45.03,3.51,220.0651993,7.057,2012,2,17,7,1,Friday,7,February,2012-02,1527688.58,1437480.8725,140891.6248066333
31,2012-02-24,1392543.37,0,54.81,3.555,220.275944,7.057,2012,2,24,8,1,Friday,8,February,2012-02,1570813.52,1470631.345,92474.64112886037
31,2012-03-02,1427881.22,0,59.3,3.63,220.4866886,7.057,2012,3,2,9,1,Friday,9,March,2012-03,1392543.37,1479731.6725,83438.67496203787
31,2012-03-09,1439034.86,0,57.16,3.669,220.6974332,7.057,2012,3,9,10,1,Friday,10,March,2012-03,1427881.22,1457568.2425000002,78054.53753946442
31,2012-03-16,1481728.13,0,63.39,3.734,220.8498468,7.057,2012,3,16,11,1,Friday,11,March,2012-03,1439034.86,1435296.895,36754.53759558944
31,2012-03-23,1365824.97,0,62.96,3.787,220.9244858,7.057,2012,3,23,12,1,Friday,12,March,2012-03,1481728.13,1428617.295,47863.36225909769
31,2012-03-30,1318854.22,0,67.87,3.845,220.9991248,7.057,2012,3,30,13,1,Friday,13,March,2012-03,1365824.97,1401360.545,72911.75827678516
31,2012-04-06,1496169.81,0,69.02,3.891,221.0737638,6.891,2012,4,6,14,2,Friday,14,April,2012-04,1318854.22,1415644.2825,86989.87599386171
31,2012-04-13,1407842.91,0,69.03,3.891,221.1484028,6.891,2012,4,13,15,2,Friday,15,April,2012-04,1496169.81,1397172.9775,75345.30654515664
31,2012-04-20,1407036.59,0,66.97,3.877,221.2021074,6.891,2012,4,20,16,2,Friday,16,April,2012-04,1407842.91,1407475.8825,72389.54695885493
31,2012-04-27,1311352.25,0,69.21,3.814,221.255812,6.891,2012,4,27,17,2,Friday,17,April,2012-04,1407036.59,1405600.3900000001,75482.05813080292
31,2012-05-04,1391257.28,0,77.53,3.749,221.3095166,6.891,2012,5,4,18,2,Friday,18,May,2012-05,1311352.25,1379372.2574999998,45985.02845699317
31,2012-05-11,1392938.06,0,74.14,3.688,221.3632212,6.891,2012,5,11,19,2,Friday,19,May,2012-05,1391257.28,1375646.045,43442.61667949294
31,2012-05-18,1441473.82,0,72.42,3.63,221.380331,6.891,2012,5,18,20,2,Friday,20,May,2012-05,1392938.06,1384255.3525,53892.58382937733
31,2012-05-25,1397094.26,0,79.49,3.561,221.3828029,6.891,2012,5,25,21,2,Friday,21,May,2012-05,1441473.82,1405690.855,23981.13075855856
31,2012-06-01,1404516.29,0,79.24,3.501,221.3852748,6.891,2012,6,1,22,2,Friday,22,June,2012-06,1397094.26,1409005.6075,22168.93529612103
31,2012-06-08,1443285.79,0,79.47,3.452,221.3877467,6.891,2012,6,8,23,2,Friday,23,June,2012-06,1404516.29,1421592.54,24204.864710914706
31,2012-06-15,1431003.43,0,81.51,3.393,221.4009901,6.891,2012,6,15,24,2,Friday,24,June,2012-06,1443285.79,1418974.9425000001,21783.16411426293
31,2012-06-22,1394065.76,0,81.78,3.346,221.4411622,6.891,2012,6,22,25,2,Friday,25,June,2012-06,1431003.43,1418217.8175,22824.905035047
31,2012-06-29,1349202.25,0,88.05,3.286,221.4813343,6.891,2012,6,29,26,2,Friday,26,June,2012-06,1394065.76,1404389.3075,42321.92030855181
31,2012-07-06,1458059.42,0,85.26,3.227,221.5215064,6.565,2012,7,6,27,3,Friday,27,July,2012-07,1349202.25,1408082.7149999999,47210.21924984682
31,2012-07-13,1374301.34,0,82.51,3.256,221.5616784,6.565,2012,7,13,28,3,Friday,28,July,2012-07,1458059.42,1393907.1925000001,46541.9336836624
31,2012-07-20,1392395.2,0,84.25,3.311,221.5701123,6.565,2012,7,20,29,3,Friday,29,July,2012-07,1374301.34,1393489.5525,46547.53147064797
31,2012-07-27,1303732.36,0,88.09,3.407,221.5785461,6.565,2012,7,27,30,3,Friday,30,July,2012-07,1392395.2,1382122.08,63451.10657463086
31,2012-08-03,1390174.63,0,91.57,3.417,221.5869799,6.565,2012,8,3,31,3,Friday,31,August,2012-08,1303732.36,1365150.8825,41730.910020936564
31,2012-08-10,1386472.59,0,89.57,3.494,221.5954138,6.565,2012,8,10,32,3,Friday,32,August,2012-08,1390174.63,1368193.695,43043.60602978532
31,2012-08-17,1410181.7,0,85.55,3.571,221.6751459,6.565,2012,8,17,33,3,Friday,33,August,2012-08,1386472.59,1372640.32,47104.30229534798
31,2012-08-24,1379783.21,0,77.72,3.62,221.8083518,6.565,2012,8,24,34,3,Friday,34,August,2012-08,1410181.7,1391653.0325,13079.587964385793
31,2012-08-31,1373651.49,0,83.58,3.638,221.9415576,6.565,2012,8,31,35,3,Friday,35,August,2012-08,1379783.21,1387522.2475,15987.94528717131
31,2012-09-07,1358111.62,1,88.4,3.73,222.0747635,6.565,2012,9,7,36,3,Friday,36,September,2012-09,1373651.49,1380432.005,21829.95081501581
31,2012-09-14,1327705.44,0,76.1,3.717,222.2174395,6.565,2012,9,14,37,3,Friday,37,September,2012-09,1358111.62,1359812.94,23267.310372906573
31,2012-09-21,1373064.87,0,71.54,3.721,222.4169362,6.565,2012,9,21,38,3,Friday,38,September,2012-09,1327705.44,1358133.355,21522.245373338832
31,2012-09-28,1279080.58,0,80.38,3.666,222.6164329,6.565,2012,9,28,39,3,Friday,39,September,2012-09,1373064.87,1334490.6275,41481.86593559546
31,2012-10-05,1363365.05,0,70.28,3.617,222.8159296,6.17,2012,10,5,40,4,Friday,40,October,2012-10,1279080.58,1335803.985,42548.47024601613
31,2012-10-12,1401113.42,0,61.53,3.601,223.0154263,6.17,2012,10,12,41,4,Friday,41,October,2012-10,1363365.05,1354155.98,52547.34356688998
31,2012-10-19,1378730.45,0,68.52,3.594,223.0598077,6.17,2012,10,19,42,4,Friday,42,October,2012-10,1401113.42,1355572.375,53297.916480149586
31,2012-10-26,1340232.55,0,70.5,3.506,223.0783366,6.17,2012,10,26,43,4,Friday,43,October,2012-10,1378730.45,1370860.3675,25634.796490729015
32,2010-02-26,1053247.1,0,26.64,2.586,189.6018023,9.014,2010,2,26,8,1,Friday,8,February,2010-02,1082559.06,1086747.1175000002,28845.48046765086
32,2010-03-05,1066566.74,0,37.72,2.62,189.6695049,9.014,2010,3,5,9,1,Friday,9,March,2010-03,1053247.1,1081484.7550000001,30506.32580813101
32,2010-03-12,1093319.37,0,39.88,2.684,189.7372075,9.014,2010,3,12,10,1,Friday,10,March,2010-03,1066566.74,1073923.0675000001,17629.597305666677
32,2010-03-19,1059781.78,0,42.43,2.692,189.734262,9.014,2010,3,19,11,1,Friday,11,March,2010-03,1093319.37,1068228.7475,17588.84711143137
32,2010-03-26,1076021.58,0,36.59,2.717,189.7195417,9.014,2010,3,26,12,1,Friday,12,March,2010-03,1059781.78,1073922.3675000002,14545.467448305148
32,2010-04-02,1131732.94,0,48.28,2.725,189.7048215,8.963,2010,4,2,13,2,Friday,13,April,2010-04,1076021.58,1090213.9175,30881.550593183627
32,2010-04-09,1095889.22,0,44.88,2.75,189.6901012,8.963,2010,4,9,14,2,Friday,14,April,2010-04,1131732.94,1090856.38,30994.218235552704
32,2010-04-16,1082763.27,0,53.49,2.765,189.6628845,8.963,2010,4,16,15,2,Friday,15,April,2010-04,1095889.22,1096601.7525,24831.13056733605
32,2010-04-23,1072474.8,0,50.06,2.776,189.6190057,8.963,2010,4,23,16,2,Friday,16,April,2010-04,1082763.27,1095715.0575,25853.281935257084
32,2010-04-30,1066792.63,0,47.51,2.766,189.575127,8.963,2010,4,30,17,2,Friday,17,April,2010-04,1072474.8,1079479.98,12781.295545399968
32,2010-05-07,1133657.58,0,48.94,2.771,189.5312483,8.963,2010,5,7,18,2,Friday,18,May,2010-05,1066792.63,1088922.07,30547.348371375912
32,2010-05-14,1079314.52,0,46.42,2.788,189.4904116,8.963,2010,5,14,19,2,Friday,19,May,2010-05,1133657.58,1088059.8824999998,30826.515685842503
32,2010-05-21,1143819.35,0,55.89,2.776,189.467827,8.963,2010,5,21,20,2,Friday,20,May,2010-05,1079314.52,1105896.02,38490.407565455615
32,2010-05-28,1205662.85,0,64.69,2.737,189.4452425,8.963,2010,5,28,21,2,Friday,21,May,2010-05,1143819.35,1140613.5750000002,51793.32383525051
32,2010-06-04,1149234.96,0,66.69,2.7,189.422658,8.963,2010,6,4,22,2,Friday,22,June,2010-06,1205662.85,1144507.92,51681.4728333455
32,2010-06-11,1192074.09,0,70.86,2.684,189.4000734,8.963,2010,6,11,23,2,Friday,23,June,2010-06,1149234.96,1172697.8125,30803.705788612428
32,2010-06-18,1150191.72,0,60.94,2.674,189.4185259,8.963,2010,6,18,24,2,Friday,24,June,2010-06,1192074.09,1174290.905,28919.495727130805
32,2010-06-25,1124763.74,0,72.42,2.715,189.4533931,8.963,2010,6,25,25,2,Friday,25,June,2010-06,1150191.72,1154066.1275,27937.945161200485
32,2010-07-02,1187988.64,0,74.74,2.728,189.4882603,9.017,2010,7,2,26,3,Friday,26,July,2010-07,1124763.74,1163754.5474999999,32111.893362661056
32,2010-07-09,1077253.67,0,67.55,2.711,189.5231276,9.017,2010,7,9,27,3,Friday,27,July,2010-07,1187988.64,1135049.4425,46468.60658775023
32,2010-07-16,1120172.24,0,76.2,2.699,189.6125456,9.017,2010,7,16,28,3,Friday,28,July,2010-07,1077253.67,1127544.5725,45624.35199938994
32,2010-07-23,1109574.11,0,75.69,2.691,189.774698,9.017,2010,7,23,29,3,Friday,29,July,2010-07,1120172.24,1123747.165,46555.58600311149
32,2010-07-30,1065350.56,0,75.62,2.69,189.9368504,9.017,2010,7,30,30,3,Friday,30,July,2010-07,1109574.11,1093087.645,25983.58111775046
32,2010-08-06,1144552.09,0,72.95,2.69,190.0990028,9.017,2010,8,6,31,3,Friday,31,August,2010-08,1065350.56,1109912.25,33121.21406964352
32,2010-08-13,1157975.68,0,74.97,2.723,190.2611552,9.017,2010,8,13,32,3,Friday,32,August,2010-08,1144552.09,1119363.1099999999,41386.774674799366
32,2010-08-20,1189887.86,0,71.46,2.732,190.2948237,9.017,2010,8,20,33,3,Friday,33,August,2010-08,1157975.68,1139441.5475,52927.42384858948
32,2010-08-27,1140501.03,0,74.95,2.731,190.3284922,9.017,2010,8,27,34,3,Friday,34,August,2010-08,1189887.86,1158229.165,22388.139530282064
32,2010-09-03,1095932.51,0,70.2,2.773,190.3621607,9.017,2010,9,3,35,3,Friday,35,September,2010-09,1140501.03,1146074.27,39185.58973513705
32,2010-09-10,1028635.39,1,68.44,2.78,190.3958293,9.017,2010,9,10,36,3,Friday,36,September,2010-09,1095932.51,1113739.1975,68494.64857446092
32,2010-09-17,1043962.36,0,67.17,2.8,190.4688287,9.017,2010,9,17,37,3,Friday,37,September,2010-09,1028635.39,1077257.8225,51059.36418659068
32,2010-09-24,1067432.1,0,64.19,2.793,190.5713264,9.017,2010,9,24,38,3,Friday,38,September,2010-09,1043962.36,1058990.59,29344.22378333554
32,2010-10-01,1061089.56,0,66.14,2.759,190.6738241,9.137,2010,10,1,39,4,Friday,39,October,2010-10,1067432.1,1050279.8525,17506.597222554974
32,2010-10-08,1085483.44,0,61.81,2.745,190.7763218,9.137,2010,10,8,40,4,Friday,40,October,2010-10,1061089.56,1064491.865,17149.610857528038
32,2010-10-15,1096692.88,0,52.96,2.762,190.8623087,9.137,2010,10,15,41,4,Friday,41,October,2010-10,1085483.44,1077674.4949999999,16356.90796281022
32,2010-10-22,1102185.0,0,52.3,2.762,190.9070184,9.137,2010,10,22,42,4,Friday,42,October,2010-10,1096692.88,1086362.72,18226.01162924432
32,2010-10-29,1115138.51,0,45.45,2.748,190.951728,9.137,2010,10,29,43,4,Friday,43,October,2010-10,1102185.0,1099874.9575,12322.793574523623
32,2010-11-05,1063056.21,0,49.2,2.729,190.9964377,9.137,2010,11,5,44,4,Friday,44,November,2010-11,1115138.51,1094268.15,22198.445550598535
32,2010-11-12,1141019.11,0,42.3,2.737,191.0411474,9.137,2010,11,12,45,4,Friday,45,November,2010-11,1063056.21,1105349.7075,32490.420298062156
32,2010-11-19,1150729.89,0,36.24,2.758,191.0312172,9.137,2010,11,19,46,4,Friday,46,November,2010-11,1141019.11,1117485.9300000002,39272.8754457363
32,2010-11-26,1634635.86,1,29.97,2.742,191.0121805,9.137,2010,11,26,47,4,Friday,47,November,2010-11,1150729.89,1247360.2675,261148.89864559541
32,2010-12-03,1200892.56,0,35.18,2.712,190.9931437,9.137,2010,12,3,48,4,Friday,48,December,2010-12,1634635.86,1281819.355,236669.8045628368
32,2010-12-10,1377322.73,0,36.62,2.728,190.9741069,9.137,2010,12,10,49,4,Friday,49,December,2010-12,1200892.56,1340895.26,218612.3849903361
32,2010-12-17,1557776.1,0,36.07,2.778,191.0303376,9.137,2010,12,17,50,4,Friday,50,December,2010-12,1377322.73,1442656.8125,193930.31493856813
32,2010-12-24,1949183.14,0,30.72,2.781,191.1430189,9.137,2010,12,24,51,4,Friday,51,December,2010-12,1557776.1,1521293.6324999998,320314.88106200384
32,2010-12-31,955463.84,1,27.7,2.829,191.2557002,9.137,2010,12,31,52,4,Friday,52,December,2010-12,1949183.14,1459936.4525000001,412412.6419661625
32,2011-01-07,1046416.17,0,23.78,2.882,191.3683815,8.818,2011,1,7,1,1,Friday,1,January,2011-01,955463.84,1377209.8125,464417.8329878331
32,2011-01-14,1028206.51,0,21.69,2.911,191.4784939,8.818,2011,1,14,2,1,Friday,2,January,2011-01,1046416.17,1244817.415,471218.24529706204
32,2011-01-21,1078348.91,0,34.54,2.973,191.5731924,8.818,2011,1,21,3,1,Friday,3,January,2011-01,1028206.51,1027108.8574999999,52065.75544367858
32,2011-01-28,1006814.85,0,34.86,3.008,191.667891,8.818,2011,1,28,4,1,Friday,4,January,2011-01,1078348.91,1039946.61,30288.255813062555
32,2011-02-04,1070457.8,0,15.47,3.011,191.7625895,8.818,2011,2,4,5,1,Friday,5,February,2011-02,1006814.85,1045957.0175,34140.45906716756
32,2011-02-11,1124357.2,1,18.51,3.037,191.8572881,8.818,2011,2,11,6,1,Friday,6,February,2011-02,1070457.8,1069994.69,48363.14760437456
32,2011-02-18,1183528.58,0,42.09,3.051,191.9178331,8.818,2011,2,18,7,1,Friday,7,February,2011-02,1124357.2,1096289.6075,75435.2759655677
32,2011-02-25,1054754.67,0,33.0,3.101,191.9647167,8.818,2011,2,25,8,1,Friday,8,February,2011-02,1183528.58,1108274.5625,58356.10450227431
32,2011-03-04,1106847.62,0,39.17,3.232,192.0116004,8.818,2011,3,4,9,1,Friday,9,March,2011-03,1054754.67,1117372.0175,53094.81671830087
32,2011-03-11,1101458.21,0,36.51,3.372,192.058484,8.818,2011,3,11,10,1,Friday,10,March,2011-03,1106847.62,1111647.27,53324.61672274703
32,2011-03-18,1100765.5,0,45.25,3.406,192.1237981,8.818,2011,3,18,11,1,Friday,11,March,2011-03,1101458.21,1090956.5,24287.18855781651
32,2011-03-25,1068719.22,0,46.7,3.414,192.1964844,8.818,2011,3,25,12,1,Friday,12,March,2011-03,1100765.5,1094447.6375,17366.390398340016
32,2011-04-01,1051121.02,0,44.83,3.461,192.2691707,8.595,2011,4,1,13,2,Friday,13,April,2011-04,1068719.22,1080515.9874999998,24845.16906431811
32,2011-04-08,1102975.59,0,48.81,3.532,192.3418571,8.595,2011,4,8,14,2,Friday,14,April,2011-04,1051121.02,1080895.3325,25279.298040135902
32,2011-04-15,1120508.14,0,45.97,3.611,192.4225954,8.595,2011,4,15,15,2,Friday,15,April,2011-04,1102975.59,1085830.9925,31591.331781664725
32,2011-04-22,1210602.91,0,48.69,3.636,192.5234638,8.595,2011,4,22,16,2,Friday,16,April,2011-04,1120508.14,1121301.915,66424.16728307241
32,2011-04-29,1107494.55,0,44.86,3.663,192.6243322,8.595,2011,4,29,17,2,Friday,17,April,2011-04,1210602.91,1135395.2974999999,50686.295260901265
32,2011-05-06,1181793.55,0,46.65,3.735,192.7252006,8.595,2011,5,6,18,2,Friday,18,May,2011-05,1107494.55,1155099.7875,49179.922318813704
32,2011-05-13,1138162.76,0,56.09,3.767,192.826069,8.595,2011,5,13,19,2,Friday,19,May,2011-05,1181793.55,1159513.4425,45710.51556549125
32,2011-05-20,1145084.76,0,45.71,3.828,192.831317,8.595,2011,5,20,20,2,Friday,20,May,2011-05,1138162.76,1143133.905,30513.657566111004
32,2011-05-27,1175447.49,0,55.13,3.795,192.8365651,8.595,2011,5,27,21,2,Friday,21,May,2011-05,1145084.76,1160122.1400000001,21701.40956451896
32,2011-06-03,1167757.0,0,61.25,3.763,192.8418131,8.595,2011,6,3,22,2,Friday,22,June,2011-06,1175447.49,1156613.0025,17816.082838424827
32,2011-06-10,1239741.34,0,65.49,3.735,192.8470612,8.595,2011,6,10,23,2,Friday,23,June,2011-06,1167757.0,1182007.6475,40589.79958732617
32,2011-06-17,1192031.38,0,67.38,3.697,192.9034759,8.595,2011,6,17,24,2,Friday,24,June,2011-06,1239741.34,1193744.3025,32294.3483247236
32,2011-06-24,1163869.52,0,65.06,3.661,192.9982655,8.595,2011,6,24,25,2,Friday,25,June,2011-06,1192031.38,1190849.81,34895.04136496405
32,2011-07-01,1199845.29,0,72.86,3.597,193.0930552,8.622,2011,7,1,26,3,Friday,26,July,2011-07,1163869.52,1198871.8825,31322.079185674233
32,2011-07-08,1110244.52,0,72.56,3.54,193.1878448,8.622,2011,7,8,27,3,Friday,27,July,2011-07,1199845.29,1166497.6775,40560.07134845335
32,2011-07-15,1144254.26,0,70.55,3.532,193.3125484,8.622,2011,7,15,28,3,Friday,28,July,2011-07,1110244.52,1154553.3975,37449.942248384796
32,2011-07-22,1185674.48,0,76.0,3.545,193.5120367,8.622,2011,7,22,29,3,Friday,29,July,2011-07,1144254.26,1160004.6375,40703.65295076299
32,2011-07-29,1169988.62,0,75.91,3.547,193.711525,8.622,2011,7,29,30,3,Friday,30,July,2011-07,1185674.48,1152540.47,32964.16852518703
32,2011-08-05,1201694.14,0,74.83,3.554,193.9110133,8.622,2011,8,5,31,3,Friday,31,August,2011-08,1169988.62,1175402.875,24469.61965513631
32,2011-08-12,1206795.74,0,74.2,3.542,194.1105017,8.622,2011,8,12,32,3,Friday,32,August,2011-08,1201694.14,1191038.245,16670.367267934904
32,2011-08-19,1221318.17,0,73.72,3.499,194.2500634,8.622,2011,8,19,33,3,Friday,33,August,2011-08,1206795.74,1199949.1675,21634.76491182562
32,2011-08-26,1183740.91,0,75.64,3.485,194.3796374,8.622,2011,8,26,34,3,Friday,34,August,2011-08,1221318.17,1203387.24,15513.230836884806
32,2011-09-02,1152117.5,0,74.6,3.511,194.5092113,8.622,2011,9,2,35,3,Friday,35,September,2011-09,1183740.91,1190993.08,30184.100873531777
32,2011-09-09,1128237.3,1,61.24,3.566,194.6387853,8.622,2011,9,9,36,3,Friday,36,September,2011-09,1152117.5,1171353.47,40327.60251223738
32,2011-09-16,1142499.25,0,60.88,3.596,194.7419707,8.622,2011,9,16,37,3,Friday,37,September,2011-09,1128237.3,1151648.74,23536.74999783592
32,2011-09-23,1116140.29,0,58.66,3.581,194.8099713,8.622,2011,9,23,38,3,Friday,38,September,2011-09,1142499.25,1134748.585,15815.78843412939
32,2011-09-30,1088943.98,0,65.04,3.538,194.8779718,8.622,2011,9,30,39,3,Friday,39,September,2011-09,1116140.29,1118955.205,22723.531965862006
32,2011-10-07,1149448.02,0,62.62,3.498,194.9459724,8.513,2011,10,7,40,4,Friday,40,October,2011-10,1088943.98,1124257.885,27569.65441275513
32,2011-10-14,1175420.26,0,50.15,3.491,195.0261012,8.513,2011,10,14,41,4,Friday,41,October,2011-10,1149448.02,1132488.1375,37833.629339687584
32,2011-10-21,1151258.74,0,48.87,3.548,195.1789994,8.513,2011,10,21,42,4,Friday,42,October,2011-10,1175420.26,1141267.75,36837.06260804791
32,2011-10-28,1185391.96,0,42.76,3.55,195.3318977,8.513,2011,10,28,43,4,Friday,43,October,2011-10,1151258.74,1165379.745,17837.44501845139
32,2011-11-04,1204628.28,0,37.95,3.527,195.4847959,8.513,2011,11,4,44,4,Friday,44,November,2011-11,1185391.96,1179174.81,22210.625828737524
32,2011-11-11,1182733.0,0,38.1,3.505,195.6376941,8.513,2011,11,11,45,4,Friday,45,November,2011-11,1204628.28,1181002.995,22099.251329017534
32,2011-11-18,1181651.55,0,42.61,3.479,195.7184713,8.513,2011,11,18,46,4,Friday,46,November,2011-11,1182733.0,1188601.1975,10799.690135496632
32,2011-11-25,1684468.66,1,40.22,3.424,195.7704,8.513,2011,11,25,47,4,Friday,47,November,2011-11,1181651.55,1313370.3725,247625.22284102585
32,2011-12-02,1179773.88,0,33.8,3.378,195.8223287,8.513,2011,12,2,48,4,Friday,48,December,2011-12,1684468.66,1307156.7725,251544.2292377142
32,2011-12-09,1415746.91,0,17.94,3.331,195.8742575,8.513,2011,12,9,49,4,Friday,49,December,2011-12,1179773.88,1365410.25,239833.39357711934
32,2011-12-16,1556017.91,0,26.23,3.266,195.9841685,8.513,2011,12,16,50,4,Friday,50,December,2011-12,1415746.91,1459001.8399999999,216091.52950715547
32,2011-12-23,1959526.96,0,25.97,3.173,196.1713893,8.513,2011,12,23,51,4,Friday,51,December,2011-12,1556017.91,1527766.4149999998,327038.47332518594
32,2011-12-30,1102367.65,1,32.99,3.119,196.3586101,8.513,2011,12,30,52,4,Friday,52,December,2011-12,1959526.96,1508414.8575,355541.77571780083
32,2012-01-06,1099937.25,0,36.75,3.095,196.5458309,8.256,2012,1,6,1,1,Friday,1,January,2012-01,1102367.65,1429462.4425,413345.107966468
32,2012-01-13,1071598.36,0,28.99,3.077,196.7330517,8.256,2012,1,13,2,1,Friday,2,January,2012-01,1099937.25,1308357.5550000002,434337.5703003774
32,2012-01-20,1080012.04,0,36.86,3.055,196.7796652,8.256,2012,1,20,3,1,Friday,3,January,2012-01,1071598.36,1088478.8250000002,15064.655214722492
32,2012-01-27,1051864.6,0,36.67,3.038,196.8262786,8.256,2012,1,27,4,1,Friday,4,January,2012-01,1080012.04,1075853.0625,19923.972226606526
32,2012-02-03,1156826.31,0,35.89,3.031,196.8728921,8.256,2012,2,3,5,1,Friday,5,February,2012-02,1051864.6,1090075.3275000001,46037.74337106443
32,2012-02-10,1129422.86,1,23.34,3.103,196.9195056,8.256,2012,2,10,6,1,Friday,6,February,2012-02,1156826.31,1104531.4525000001,47361.49360637449
32,2012-02-17,1243812.59,0,24.26,3.113,196.9432711,8.256,2012,2,17,7,1,Friday,7,February,2012-02,1129422.86,1145481.59,79203.77065677509
32,2012-02-24,1091822.72,0,33.41,3.129,196.9499007,8.256,2012,2,24,8,1,Friday,8,February,2012-02,1243812.59,1155471.12,64641.78868525194
32,2012-03-02,1153332.89,0,33.4,3.191,196.9565303,8.256,2012,3,2,9,1,Friday,9,March,2012-03,1091822.72,1154597.7650000001,64640.975201644855
32,2012-03-09,1124537.97,0,39.9,3.286,196.9631599,8.256,2012,3,9,10,1,Friday,10,March,2012-03,1153332.89,1153376.5425,65317.728377432046
32,2012-03-16,1138101.18,0,51.51,3.486,197.0457208,8.256,2012,3,16,11,1,Friday,11,March,2012-03,1124537.97,1126948.69,26205.275437088872
32,2012-03-23,1146632.46,0,47.64,3.664,197.2295234,8.256,2012,3,23,12,1,Friday,12,March,2012-03,1138101.18,1140651.125,12419.601650296998
32,2012-03-30,1108686.87,0,56.09,3.75,197.4133259,8.256,2012,3,30,13,1,Friday,13,March,2012-03,1146632.46,1129489.62,16586.23097819277
32,2012-04-06,1270577.01,0,51.49,3.854,197.5971285,8.09,2012,4,6,14,2,Friday,14,April,2012-04,1108686.87,1165999.3800000001,71588.15463572413
32,2012-04-13,1171834.47,0,52.1,3.901,197.780931,8.09,2012,4,13,15,2,Friday,15,April,2012-04,1270577.01,1174432.7025000001,69151.63688339107
32,2012-04-20,1121405.91,0,49.15,3.936,197.7227385,8.09,2012,4,20,16,2,Friday,16,April,2012-04,1171834.47,1168126.065,73543.0467696998
32,2012-04-27,1126962.44,0,61.76,3.927,197.664546,8.09,2012,4,27,17,2,Friday,17,April,2012-04,1121405.91,1172694.9575,69049.90029125588
32,2012-05-04,1187384.53,0,58.29,3.903,197.6063534,8.09,2012,5,4,18,2,Friday,18,May,2012-05,1126962.44,1151896.8375,32702.223916116916
32,2012-05-11,1187051.07,0,55.4,3.87,197.5481609,8.09,2012,5,11,19,2,Friday,19,May,2012-05,1187384.53,1155700.9875,36463.36513657029
32,2012-05-18,1177539.71,0,57.46,3.837,197.5553137,8.09,2012,5,18,20,2,Friday,20,May,2012-05,1187051.07,1169734.4375,28877.659042585918
32,2012-05-25,1232784.22,0,59.74,3.804,197.5886046,8.09,2012,5,25,21,2,Friday,21,May,2012-05,1177539.71,1196189.8825,24819.5259013592
32,2012-06-01,1157557.79,0,62.84,3.764,197.6218954,8.09,2012,6,1,22,2,Friday,22,June,2012-06,1232784.22,1188733.1975,31835.63166970367
32,2012-06-08,1246322.44,0,71.14,3.741,197.6551863,8.09,2012,6,8,23,2,Friday,23,June,2012-06,1157557.79,1203551.04,42723.685097010035
32,2012-06-15,1234759.54,0,70.91,3.723,197.692292,8.09,2012,6,15,24,2,Friday,24,June,2012-06,1246322.44,1217855.9975,40639.85626770556
32,2012-06-22,1196880.11,0,74.85,3.735,197.7389345,8.09,2012,6,22,25,2,Friday,25,June,2012-06,1234759.54,1208879.97,40206.357304367615
32,2012-06-29,1178211.81,0,81.95,3.693,197.785577,8.09,2012,6,29,26,2,Friday,26,June,2012-06,1196880.11,1214043.475,31882.995704881785
32,2012-07-06,1214183.97,0,78.68,3.646,197.8322195,7.872,2012,7,6,27,3,Friday,27,July,2012-07,1178211.81,1206008.8575,24148.458123595363
32,2012-07-13,1141184.66,0,71.57,3.613,197.8788621,7.872,2012,7,13,28,3,Friday,28,July,2012-07,1214183.97,1182615.1375,31283.405530678796
32,2012-07-20,1167829.33,0,77.76,3.585,197.9290378,7.872,2012,7,20,29,3,Friday,29,July,2012-07,1141184.66,1175352.4425,30221.946182313186
32,2012-07-27,1144901.52,0,77.56,3.57,197.9792136,7.872,2012,7,27,30,3,Friday,30,July,2012-07,1167829.33,1167024.87,33574.72728491784
32,2012-08-03,1183571.35,0,75.09,3.528,198.0293893,7.872,2012,8,3,31,3,Friday,31,August,2012-08,1144901.52,1159371.715,19977.563235908117
32,2012-08-10,1227469.2,0,75.93,3.509,198.0795651,7.872,2012,8,10,32,3,Friday,32,August,2012-08,1183571.35,1180942.85,34845.14376271794
32,2012-08-17,1261306.37,0,70.75,3.545,198.1001057,7.872,2012,8,17,33,3,Friday,33,August,2012-08,1227469.2,1204312.1099999999,50808.115558255326
32,2012-08-24,1272809.11,0,70.12,3.558,198.0984199,7.872,2012,8,24,34,3,Friday,34,August,2012-08,1261306.37,1236289.0075,40068.80220193343
32,2012-08-31,1183979.27,0,76.12,3.556,198.0967341,7.872,2012,8,31,35,3,Friday,35,August,2012-08,1272809.11,1236390.9875,39890.02529890985
32,2012-09-07,1126685.95,1,72.56,3.596,198.0950484,7.872,2012,9,7,36,3,Friday,36,September,2012-09,1183979.27,1211195.175,68774.8099369326
32,2012-09-14,1156377.47,0,64.05,3.659,198.1267184,7.872,2012,9,14,37,3,Friday,37,September,2012-09,1126685.95,1184962.95,63064.13098034957
32,2012-09-21,1159119.6,0,63.49,3.765,198.358523,7.872,2012,9,21,38,3,Friday,38,September,2012-09,1156377.47,1156540.5725,23458.179741736465
32,2012-09-28,1157111.15,0,60.62,3.789,198.5903276,7.872,2012,9,28,39,3,Friday,39,September,2012-09,1159119.6,1149823.5425,15468.549387819457
32,2012-10-05,1202775.24,0,55.34,3.779,198.8221322,7.557,2012,10,5,40,4,Friday,40,October,2012-10,1157111.15,1168845.865,22649.261420994782
32,2012-10-12,1176681.31,0,43.49,3.76,199.0539368,7.557,2012,10,12,41,4,Friday,41,October,2012-10,1202775.24,1173921.8250000002,21148.987158847565
32,2012-10-19,1199292.06,0,53.57,3.75,199.1481963,7.557,2012,10,19,42,4,Friday,42,October,2012-10,1176681.31,1183964.94,21314.512246565904
32,2012-10-26,1219979.29,0,47.22,3.686,199.2195317,7.557,2012,10,26,43,4,Friday,43,October,2012-10,1199292.06,1199681.975,17801.984053475244
33,2010-02-26,284052.77,0,56.5,2.825,126.5522857,10.115,2010,2,26,8,1,Friday,8,February,2010-02,296850.83,287594.965,10333.9419863332
33,2010-03-05,291484.89,0,59.17,2.877,126.5782857,10.115,2010,3,5,9,1,Friday,9,March,2010-03,284052.77,291817.83,5631.231950683664
33,2010-03-12,312161.0,0,55.61,3.034,126.6042857,10.115,2010,3,12,10,1,Friday,10,March,2010-03,291484.89,296137.3725,11901.664741523606
33,2010-03-19,282235.73,0,64.6,3.054,126.6066452,10.115,2010,3,19,11,1,Friday,11,March,2010-03,312161.0,292483.5975,13714.897331610817
33,2010-03-26,262893.76,0,64.09,2.98,126.6050645,10.115,2010,3,26,12,1,Friday,12,March,2010-03,282235.73,287193.845,20468.259422387775
33,2010-04-02,274634.52,0,66.79,3.086,126.6034839,9.849,2010,4,2,13,2,Friday,13,April,2010-04,262893.76,282981.2525,21017.363982557126
33,2010-04-09,325201.05,0,68.43,3.004,126.6019032,9.849,2010,4,9,14,2,Friday,14,April,2010-04,274634.52,286241.265,27164.509180807316
33,2010-04-16,307779.64,0,72.44,3.109,126.5621,9.849,2010,4,16,15,2,Friday,15,April,2010-04,325201.05,292627.24250000005,28858.656295727953
33,2010-04-23,263263.02,0,71.59,3.05,126.4713333,9.849,2010,4,23,16,2,Friday,16,April,2010-04,307779.64,292719.5575,28732.15169341178
33,2010-04-30,275883.23,0,73.29,3.105,126.3805667,9.849,2010,4,30,17,2,Friday,17,April,2010-04,263263.02,293031.735,28475.79759459193
33,2010-05-07,326870.13,0,75.4,3.127,126.2898,9.849,2010,5,7,18,2,Friday,18,May,2010-05,275883.23,293449.005,29109.499237303407
33,2010-05-14,331173.51,0,76.8,3.145,126.2085484,9.849,2010,5,14,19,2,Friday,19,May,2010-05,326870.13,299297.47250000003,34751.698889585634
33,2010-05-21,294264.2,0,82.8,3.12,126.1843871,9.849,2010,5,21,20,2,Friday,20,May,2010-05,331173.51,307047.7675,26518.07875062903
33,2010-05-28,279246.33,0,78.47,3.058,126.1602258,9.849,2010,5,28,21,2,Friday,21,May,2010-05,294264.2,307888.5425,25222.274685607346
33,2010-06-04,285100.0,0,86.06,2.941,126.1360645,9.849,2010,6,4,22,2,Friday,22,June,2010-06,279246.33,297446.01,23318.95142116962
33,2010-06-11,310800.79,0,93.52,3.057,126.1119032,9.849,2010,6,11,23,2,Friday,23,June,2010-06,285100.0,292352.83,13764.258651756978
33,2010-06-18,272399.08,0,87.69,2.935,126.114,9.849,2010,6,18,24,2,Friday,24,June,2010-06,310800.79,286886.55000000005,16766.458424777647
33,2010-06-25,259419.91,0,93.66,3.084,126.1266,9.849,2010,6,25,25,2,Friday,25,June,2010-06,272399.08,281929.945,21917.375170295712
33,2010-07-02,267495.76,0,97.66,2.978,126.1392,9.495,2010,7,2,26,3,Friday,26,July,2010-07,259419.91,277528.885,22817.633053432448
33,2010-07-09,302423.93,0,95.88,3.1,126.1518,9.495,2010,7,9,27,3,Friday,27,July,2010-07,267495.76,275434.67,18771.732221981878
33,2010-07-16,280937.84,0,100.14,2.971,126.1498065,9.495,2010,7,16,28,3,Friday,28,July,2010-07,302423.93,277569.36,18796.952409524456
33,2010-07-23,252734.31,0,97.04,3.112,126.1283548,9.495,2010,7,23,29,3,Friday,29,July,2010-07,280937.84,275897.96,21104.337003072604
33,2010-07-30,242047.03,0,92.71,3.017,126.1069032,9.495,2010,7,30,30,3,Friday,30,July,2010-07,252734.31,269535.7775,27383.4387503922
33,2010-08-06,262789.95,0,92.51,3.123,126.0854516,9.495,2010,8,6,31,3,Friday,31,August,2010-08,242047.03,259627.28250000003,16540.05919503543
33,2010-08-13,265367.51,0,95.57,3.049,126.064,9.495,2010,8,13,32,3,Friday,32,August,2010-08,262789.95,255734.7,10628.926431199368
33,2010-08-20,230519.49,0,96.46,3.041,126.0766452,9.495,2010,8,20,33,3,Friday,33,August,2010-08,265367.51,250180.995,16756.61212301416
33,2010-08-27,224031.19,0,94.0,3.022,126.0892903,9.495,2010,8,27,34,3,Friday,34,August,2010-08,230519.49,245677.03500000003,21438.753397479584
33,2010-09-03,237405.82,0,90.82,3.087,126.1019355,9.495,2010,9,3,35,3,Friday,35,September,2010-09,224031.19,239331.0025,18196.456299039746
33,2010-09-10,272834.88,1,91.77,2.961,126.1145806,9.495,2010,9,10,36,3,Friday,36,September,2010-09,237405.82,241197.845,21786.867195528732
33,2010-09-17,246277.18,0,89.43,3.028,126.1454667,9.495,2010,9,17,37,3,Friday,37,September,2010-09,272834.88,245137.26750000002,20605.006888205597
33,2010-09-24,231976.84,0,91.18,2.939,126.1900333,9.495,2010,9,24,38,3,Friday,38,September,2010-09,246277.18,247123.68000000002,18125.910852102752
33,2010-10-01,224294.39,0,91.45,3.001,126.2346,9.265,2010,10,1,39,4,Friday,39,October,2010-10,231976.84,243845.8225,21365.144608437964
33,2010-10-08,266484.19,0,79.02,2.924,126.2791667,9.265,2010,10,8,40,4,Friday,40,October,2010-10,224294.39,242258.15,18542.344555782944
33,2010-10-15,251732.92,0,80.49,3.08,126.3266774,9.265,2010,10,15,41,4,Friday,41,October,2010-10,266484.19,243622.085,19127.92909640441
33,2010-10-22,234175.92,0,74.2,3.014,126.3815484,9.265,2010,10,22,42,4,Friday,42,October,2010-10,251732.92,244171.85499999998,18708.664021755838
33,2010-10-29,213538.32,0,71.34,3.13,126.4364194,9.265,2010,10,29,43,4,Friday,43,October,2010-10,234175.92,241482.8375,22835.782737811543
33,2010-11-05,246124.61,0,74.23,3.009,126.4912903,9.265,2010,11,5,44,4,Friday,44,November,2010-11,213538.32,236392.9425,16904.33100730881
33,2010-11-12,272803.94,0,65.21,3.13,126.5461613,9.265,2010,11,12,45,4,Friday,45,November,2010-11,246124.61,241660.6975,24743.471049271397
33,2010-11-19,224639.76,0,61.95,3.047,126.6072,9.265,2010,11,19,46,4,Friday,46,November,2010-11,272803.94,239276.65750000003,26125.81042421709
33,2010-11-26,240044.57,1,56.87,3.162,126.6692667,9.265,2010,11,26,47,4,Friday,47,November,2010-11,224639.76,245903.22,20084.457183309092
33,2010-12-03,209986.25,0,52.82,3.041,126.7313333,9.265,2010,12,3,48,4,Friday,48,December,2010-12,240044.57,236868.63,26917.408961617584
33,2010-12-10,253050.1,0,60.72,3.091,126.7934,9.265,2010,12,10,49,4,Friday,49,December,2010-12,209986.25,231930.17,18677.799955199065
33,2010-12-17,238875.26,0,61.12,3.125,126.8794839,9.265,2010,12,17,50,4,Friday,50,December,2010-12,253050.1,235489.04499999998,18175.097116446712
33,2010-12-24,249246.8,0,60.43,3.236,126.9835806,9.265,2010,12,24,51,4,Friday,51,December,2010-12,238875.26,237789.6025,19479.521049450777
33,2010-12-31,219804.85,1,52.91,3.148,127.0876774,9.265,2010,12,31,52,4,Friday,52,December,2010-12,249246.8,240244.2525,14884.879427403186
33,2011-01-07,243948.82,0,46.25,3.287,127.1917742,8.951,2011,1,7,1,1,Friday,1,January,2011-01,219804.85,237968.9325,12828.414717132013
33,2011-01-14,259527.75,0,53.63,3.312,127.3009355,8.951,2011,1,14,2,1,Friday,2,January,2011-01,243948.82,243132.055,16842.748381476842
33,2011-01-21,244856.44,0,59.46,3.336,127.4404839,8.951,2011,1,21,3,1,Friday,3,January,2011-01,259527.75,242034.465,16449.914904602803
33,2011-01-28,231155.9,0,56.62,3.231,127.5800323,8.951,2011,1,28,4,1,Friday,4,January,2011-01,244856.44,244872.2275,11601.363576341662
33,2011-02-04,234218.03,0,49.26,3.348,127.7195806,8.951,2011,2,4,5,1,Friday,5,February,2011-02,231155.9,242439.53000000003,12816.162776527157
33,2011-02-11,276198.74,1,53.35,3.381,127.859129,8.951,2011,2,11,6,1,Friday,6,February,2011-02,234218.03,246607.27750000003,20582.82945486362
33,2011-02-18,252349.6,0,62.03,3.43,127.99525,8.951,2011,2,18,7,1,Friday,7,February,2011-02,276198.74,248480.5675,20710.95184638801
33,2011-02-25,242901.21,0,54.89,3.398,128.13,8.951,2011,2,25,8,1,Friday,8,February,2011-02,252349.6,251416.895,18104.581634938342
33,2011-03-04,245435.8,0,59.51,3.674,128.26475,8.951,2011,3,4,9,1,Friday,9,March,2011-03,242901.21,254221.33750000002,15185.964766806022
33,2011-03-11,270921.44,0,66.51,3.63,128.3995,8.951,2011,3,11,10,1,Friday,10,March,2011-03,245435.8,252902.0125,12659.190426155743
33,2011-03-18,247234.47,0,72.72,3.892,128.5121935,8.951,2011,3,18,11,1,Friday,11,March,2011-03,270921.44,251623.22999999998,12987.687071824885
33,2011-03-25,238084.08,0,63.34,3.716,128.6160645,8.951,2011,3,25,12,1,Friday,12,March,2011-03,247234.47,250418.9475,14229.942737174715
33,2011-04-01,232769.09,0,71.41,3.772,128.7199355,8.687,2011,4,1,13,2,Friday,13,April,2011-04,238084.08,247252.27,16872.54314082826
33,2011-04-08,271924.73,0,75.11,3.818,128.8238065,8.687,2011,4,8,14,2,Friday,14,April,2011-04,232769.09,247503.0925,17342.598444043368
33,2011-04-15,275749.56,0,64.64,4.089,128.9107333,8.687,2011,4,15,15,2,Friday,15,April,2011-04,271924.73,254631.865,22336.892809341578
33,2011-04-22,248603.3,0,79.46,3.917,128.9553,8.687,2011,4,22,16,2,Friday,16,April,2011-04,275749.56,257261.66999999998,20262.12600994733
33,2011-04-29,248561.86,0,77.44,4.151,128.9998667,8.687,2011,4,29,17,2,Friday,17,April,2011-04,248603.3,261209.8625,14664.112363640646
33,2011-05-06,257031.19,0,77.92,4.193,129.0444333,8.687,2011,5,6,18,2,Friday,18,May,2011-05,248561.86,257486.47749999998,12810.24471698633
33,2011-05-13,279466.87,0,78.24,4.202,129.089,8.687,2011,5,13,19,2,Friday,19,May,2011-05,257031.19,258415.805,14588.237073871707
33,2011-05-20,239206.26,0,76.07,3.99,129.0756774,8.687,2011,5,20,20,2,Friday,20,May,2011-05,279466.87,256066.54499999998,17215.257354181012
33,2011-05-27,239431.85,0,82.32,3.933,129.0623548,8.687,2011,5,27,21,2,Friday,21,May,2011-05,239206.26,253784.0425,19049.486147538824
33,2011-06-03,243477.03,0,82.93,3.893,129.0490323,8.687,2011,6,3,22,2,Friday,22,June,2011-06,239431.85,250395.5025,19479.993958912604
33,2011-06-10,258427.39,0,87.02,3.981,129.0357097,8.687,2011,6,10,23,2,Friday,23,June,2011-06,243477.03,245135.6325,9075.83554909787
33,2011-06-17,238172.66,0,91.11,3.935,129.0432,8.687,2011,6,17,24,2,Friday,24,June,2011-06,258427.39,244877.2325,9312.550998425111
33,2011-06-24,238433.53,0,94.11,3.807,129.0663,8.687,2011,6,24,25,2,Friday,25,June,2011-06,238172.66,244627.6525,9518.241590518091
33,2011-07-01,226702.36,0,98.43,3.842,129.0894,8.442,2011,7,1,26,3,Friday,26,July,2011-07,238433.53,240433.98500000002,13183.772343266328
33,2011-07-08,262717.71,0,96.44,3.793,129.1125,8.442,2011,7,8,27,3,Friday,27,July,2011-07,226702.36,241506.565,15161.745991730028
33,2011-07-15,265003.47,0,92.83,3.779,129.1338387,8.442,2011,7,15,28,3,Friday,28,July,2011-07,262717.71,248214.26750000002,18714.095892928868
33,2011-07-22,238915.05,0,97.17,3.697,129.1507742,8.442,2011,7,22,29,3,Friday,29,July,2011-07,265003.47,248334.6475,18631.57543848625
33,2011-07-29,224806.96,0,95.28,3.694,129.1677097,8.442,2011,7,29,30,3,Friday,30,July,2011-07,238915.05,247860.7975,19374.42378743181
33,2011-08-05,242456.39,0,96.93,3.803,129.1846452,8.442,2011,8,5,31,3,Friday,31,August,2011-08,224806.96,242795.4675,16652.87153058795
33,2011-08-12,274721.85,0,96.0,3.794,129.2015806,8.442,2011,8,12,32,3,Friday,32,August,2011-08,242456.39,245225.06249999997,21090.607606886722
33,2011-08-19,242771.37,0,95.89,3.743,129.2405806,8.442,2011,8,19,33,3,Friday,33,August,2011-08,274721.85,246189.1425,20792.047645127903
33,2011-08-26,237095.82,0,99.66,3.663,129.2832581,8.442,2011,8,26,34,3,Friday,34,August,2011-08,242771.37,249261.35749999998,17172.308148417444
33,2011-09-02,239198.36,0,99.2,3.798,129.3259355,8.442,2011,9,2,35,3,Friday,35,September,2011-09,237095.82,248446.84999999998,17672.64503473599
33,2011-09-09,281842.28,1,96.22,3.771,129.3686129,8.442,2011,9,9,36,3,Friday,36,September,2011-09,239198.36,250226.95750000002,21206.690269896888
33,2011-09-16,262407.57,0,85.79,3.784,129.4306,8.442,2011,9,16,37,3,Friday,37,September,2011-09,281842.28,255136.0075,21178.271765381207
33,2011-09-23,234793.12,0,88.93,3.789,129.5183333,8.442,2011,9,23,38,3,Friday,38,September,2011-09,262407.57,254560.3325,21852.663337947524
33,2011-09-30,229731.98,0,89.1,3.877,129.6060667,8.442,2011,9,30,39,3,Friday,39,September,2011-09,234793.12,252193.7375,24431.33565786925
33,2011-10-07,262159.13,0,81.16,3.827,129.6938,8.01,2011,10,7,40,4,Friday,40,October,2011-10,229731.98,247272.94999999998,17455.532675024384
33,2011-10-14,272487.33,0,76.49,3.698,129.7706452,8.01,2011,10,14,41,4,Friday,41,October,2011-10,262159.13,249792.89,20779.755442354133
33,2011-10-21,233543.08,0,81.74,3.842,129.7821613,8.01,2011,10,21,42,4,Friday,42,October,2011-10,272487.33,249480.38,21087.65265674788
33,2011-10-28,231319.96,0,76.73,3.843,129.7936774,8.01,2011,10,28,43,4,Friday,43,October,2011-10,233543.08,249877.375,20601.28163983364
33,2011-11-04,236157.12,0,71.91,3.828,129.8051935,8.01,2011,11,4,44,4,Friday,44,November,2011-11,231319.96,243376.8725,19507.401808768194
33,2011-11-11,271961.04,0,58.75,3.677,129.8167097,8.01,2011,11,11,45,4,Friday,45,November,2011-11,236157.12,243245.3,19245.630036486382
33,2011-11-18,251294.5,0,63.35,3.669,129.8268333,8.01,2011,11,18,46,4,Friday,46,November,2011-11,271961.04,247683.15499999997,18285.341544631057
33,2011-11-25,255996.47,1,62.35,3.76,129.8364,8.01,2011,11,25,47,4,Friday,47,November,2011-11,251294.5,253852.2825,14744.328462696227
33,2011-12-02,220060.35,0,59.12,3.701,129.8459667,8.01,2011,12,2,48,4,Friday,48,December,2011-12,255996.47,249828.09,21726.98084964511
33,2011-12-09,270373.05,0,47.7,3.644,129.8555333,8.01,2011,12,9,49,4,Friday,49,December,2011-12,220060.35,249431.09250000003,21195.774485823116
33,2011-12-16,259638.35,0,53.18,3.489,129.8980645,8.01,2011,12,16,50,4,Friday,50,December,2011-12,270373.05,251517.05500000002,21841.042619467913
33,2011-12-23,256235.19,0,53.39,3.541,129.9845484,8.01,2011,12,23,51,4,Friday,51,December,2011-12,259638.35,251576.735,21857.682253177725
33,2011-12-30,215359.21,1,51.6,3.428,130.0710323,8.01,2011,12,30,52,4,Friday,52,December,2011-12,256235.19,250401.45,24125.89366065113
33,2012-01-06,267058.08,0,60.92,3.443,130.1575161,7.603,2012,1,6,1,1,Friday,1,January,2012-01,215359.21,249572.7075,23252.29375528941
33,2012-01-13,279447.22,0,54.61,3.477,130.244,7.603,2012,1,13,2,1,Friday,2,January,2012-01,267058.08,254524.925,27779.36284457973
33,2012-01-20,244899.2,0,55.99,3.66,130.2792258,7.603,2012,1,20,3,1,Friday,3,January,2012-01,279447.22,251690.9275,28122.840114029597
33,2012-01-27,236920.49,0,56.33,3.675,130.3144516,7.603,2012,1,27,4,1,Friday,4,January,2012-01,244899.2,257081.2475,19618.293647085553
33,2012-02-03,256091.32,0,59.53,3.543,130.3496774,7.603,2012,2,3,5,1,Friday,5,February,2012-02,236920.49,254339.5575,18493.31095619552
33,2012-02-10,282552.58,1,59.94,3.722,130.3849032,7.603,2012,2,10,6,1,Friday,6,February,2012-02,256091.32,255115.89750000002,19909.602018095255
33,2012-02-17,266300.98,0,57.8,3.781,130.4546207,7.603,2012,2,17,7,1,Friday,7,February,2012-02,282552.58,260466.34250000003,19108.40019023084
33,2012-02-24,242526.7,0,59.41,3.95,130.5502069,7.603,2012,2,24,8,1,Friday,8,February,2012-02,266300.98,261867.89500000002,16881.5390187533
33,2012-03-02,248051.53,0,60.91,3.882,130.6457931,7.603,2012,3,2,9,1,Friday,9,March,2012-03,242526.7,259857.9475,18223.818171069794
33,2012-03-09,287346.29,0,62.2,3.963,130.7413793,7.603,2012,3,9,10,1,Friday,10,March,2012-03,248051.53,261056.37499999997,20257.840962557904
33,2012-03-16,278067.73,0,65.99,4.273,130.8261935,7.603,2012,3,16,11,1,Friday,11,March,2012-03,287346.29,263998.0625,22048.481257842148
33,2012-03-23,246970.97,0,60.82,4.288,130.8966452,7.603,2012,3,23,12,1,Friday,12,March,2012-03,278067.73,265109.13,20675.03458095599
33,2012-03-30,251327.67,0,71.34,4.294,130.9670968,7.603,2012,3,30,13,1,Friday,13,March,2012-03,246970.97,265928.165,19821.32532919936
33,2012-04-06,275911.97,0,70.75,4.282,131.0375484,7.396,2012,4,6,14,2,Friday,14,April,2012-04,251327.67,263069.58499999996,16195.772892071498
33,2012-04-13,312698.67,0,73.17,4.254,131.108,7.396,2012,4,13,15,2,Friday,15,April,2012-04,275911.97,271727.32,30139.594124064315
33,2012-04-20,261837.2,0,72.94,4.111,131.1173333,7.396,2012,4,20,16,2,Friday,16,April,2012-04,312698.67,275443.8775,26800.9440852288
33,2012-04-27,249798.75,0,83.07,4.088,131.1266667,7.396,2012,4,27,17,2,Friday,17,April,2012-04,261837.2,275061.64749999996,27266.392701121295
33,2012-05-04,270497.51,0,82.43,4.058,131.136,7.396,2012,5,4,18,2,Friday,18,May,2012-05,249798.75,273708.0325,27344.394436442715
33,2012-05-11,295841.84,0,81.02,4.186,131.1453333,7.396,2012,5,11,19,2,Friday,19,May,2012-05,270497.51,269493.825,19508.503818127574
33,2012-05-18,276899.95,0,89.81,4.308,131.0983226,7.396,2012,5,18,20,2,Friday,20,May,2012-05,295841.84,273259.5125,18984.645860976514
33,2012-05-25,261851.74,0,88.89,4.127,131.0287742,7.396,2012,5,25,21,2,Friday,21,May,2012-05,276899.95,276272.76,14429.848575613556
33,2012-06-01,261131.09,0,83.57,4.277,130.9592258,7.396,2012,6,1,22,2,Friday,22,June,2012-06,261851.74,273931.155,16316.104433633509
33,2012-06-08,286082.76,0,90.94,4.103,130.8896774,7.396,2012,6,8,23,2,Friday,23,June,2012-06,261131.09,271491.385,12143.849855830993
33,2012-06-15,290444.31,0,92.44,4.144,130.8295333,7.396,2012,6,15,24,2,Friday,24,June,2012-06,286082.76,274877.475,15561.894022546508
33,2012-06-22,261666.29,0,95.75,4.014,130.7929,7.396,2012,6,22,25,2,Friday,25,June,2012-06,290444.31,274831.1125,15613.825877463865
33,2012-06-29,244338.31,0,98.15,3.875,130.7562667,7.396,2012,6,29,26,2,Friday,26,June,2012-06,261666.29,270632.9175,21625.56895873241
33,2012-07-06,273690.37,0,93.21,3.666,130.7196333,7.147,2012,7,6,27,3,Friday,27,July,2012-07,244338.31,267534.82,19452.962485643762
33,2012-07-13,287033.64,0,97.6,3.723,130.683,7.147,2012,7,13,28,3,Friday,28,July,2012-07,273690.37,266682.15249999997,18144.827823870033
33,2012-07-20,253205.89,0,91.49,3.589,130.7012903,7.147,2012,7,20,29,3,Friday,29,July,2012-07,287033.64,264567.0525,19375.762458835532
33,2012-07-27,249134.32,0,93.95,3.769,130.7195806,7.147,2012,7,27,30,3,Friday,30,July,2012-07,253205.89,265766.055,17790.23415518457
33,2012-08-03,258533.12,0,92.13,3.595,130.737871,7.147,2012,8,3,31,3,Friday,31,August,2012-08,249134.32,261976.7425,17142.173311196148
33,2012-08-10,297753.49,0,100.07,3.811,130.7561613,7.147,2012,8,10,32,3,Friday,32,August,2012-08,258533.12,264656.705,22397.626889478586
33,2012-08-17,270097.76,0,96.79,4.002,130.7909677,7.147,2012,8,17,33,3,Friday,33,August,2012-08,297753.49,268879.6725,21072.186788635736
33,2012-08-24,247672.56,0,89.62,4.055,130.8381613,7.147,2012,8,24,34,3,Friday,34,August,2012-08,270097.76,268514.2325,21536.323253435992
33,2012-08-31,237129.81,0,94.55,3.886,130.8853548,7.147,2012,8,31,35,3,Friday,35,August,2012-08,247672.56,263163.405,26846.93407083501
33,2012-09-07,286428.78,1,92.02,4.124,130.9325484,7.147,2012,9,7,36,3,Friday,36,September,2012-09,237129.81,260332.22750000004,22173.670846664518
33,2012-09-14,277417.53,0,83.4,3.966,130.9776667,7.147,2012,9,14,37,3,Friday,37,September,2012-09,286428.78,262162.17000000004,23510.01357396026
33,2012-09-21,252709.58,0,86.53,4.125,131.0103333,7.147,2012,9,21,38,3,Friday,38,September,2012-09,277417.53,263421.425,22592.19615914079
33,2012-09-28,242813.51,0,86.42,3.966,131.043,7.147,2012,9,28,39,3,Friday,39,September,2012-09,252709.58,264842.35,20466.09400769793
33,2012-10-05,265444.9,0,85.18,4.132,131.0756667,6.895,2012,10,5,40,4,Friday,40,October,2012-10,242813.51,259596.38,15065.316825850725
33,2012-10-12,291781.15,0,79.64,4.468,131.1083333,6.895,2012,10,12,41,4,Friday,41,October,2012-10,265444.9,263187.28500000003,21194.17334193595
33,2012-10-19,254412.34,0,75.55,4.449,131.1499677,6.895,2012,10,19,42,4,Friday,42,October,2012-10,291781.15,263612.97500000003,20929.018616311067
33,2012-10-26,253731.13,0,73.7,4.301,131.1930968,6.895,2012,10,26,43,4,Friday,43,October,2012-10,254412.34,266342.38,17788.629049923882
34,2010-02-26,905756.13,0,37.28,2.59,126.5522857,9.521,2010,2,26,8,1,Friday,8,February,2010-02,983963.07,960139.7875,39701.76052218539
34,2010-03-05,918295.79,0,42.65,2.654,126.5782857,9.521,2010,3,5,9,1,Friday,9,March,2010-03,905756.13,950656.495,45109.43572456467
34,2010-03-12,921247.88,0,42.26,2.704,126.6042857,9.521,2010,3,12,10,1,Friday,10,March,2010-03,918295.79,932315.7175,35080.46038495443
34,2010-03-19,892070.82,0,45.86,2.743,126.6066452,9.521,2010,3,19,11,1,Friday,11,March,2010-03,921247.88,909342.655,13330.071948689405
34,2010-03-26,880742.35,0,42.91,2.752,126.6050645,9.521,2010,3,26,12,1,Friday,12,March,2010-03,892070.82,903089.21,19847.455265239154
34,2010-04-02,979428.66,0,50.07,2.74,126.6034839,9.593,2010,4,2,13,2,Friday,13,April,2010-04,880742.35,918372.4275,44135.88503668297
34,2010-04-09,950684.2,0,51.26,2.773,126.6019032,9.593,2010,4,9,14,2,Friday,14,April,2010-04,979428.66,925731.5075000001,47127.79514306564
34,2010-04-16,923344.54,0,59.18,2.81,126.5621,9.593,2010,4,16,15,2,Friday,15,April,2010-04,950684.2,933549.9375,41996.95054546251
34,2010-04-23,910240.68,0,55.04,2.805,126.4713333,9.593,2010,4,23,16,2,Friday,16,April,2010-04,923344.54,940924.52,30704.906691428467
34,2010-04-30,859922.19,0,56.58,2.787,126.3805667,9.593,2010,4,30,17,2,Friday,17,April,2010-04,910240.68,911047.9025,38020.75512187212
34,2010-05-07,953495.48,0,57.39,2.836,126.2898,9.593,2010,5,7,18,2,Friday,18,May,2010-05,859922.19,911750.7225,39010.76087616721
34,2010-05-14,933924.44,0,60.74,2.845,126.2085484,9.593,2010,5,14,19,2,Friday,19,May,2010-05,953495.48,914395.6974999999,40393.035558771306
34,2010-05-21,913616.32,0,63.99,2.82,126.1843871,9.593,2010,5,21,20,2,Friday,20,May,2010-05,933924.44,915239.6074999999,40312.47320398609
34,2010-05-28,942868.38,0,68.68,2.756,126.1602258,9.593,2010,5,28,21,2,Friday,21,May,2010-05,913616.32,935976.155,16917.459123389624
34,2010-06-04,966187.51,0,72.17,2.701,126.1360645,9.593,2010,6,4,22,2,Friday,22,June,2010-06,942868.38,939149.1625,21787.829826723937
34,2010-06-11,954681.56,0,80.84,2.668,126.1119032,9.593,2010,6,11,23,2,Friday,23,June,2010-06,966187.51,944338.4425,22585.922790514374
34,2010-06-18,941612.04,0,73.48,2.635,126.114,9.593,2010,6,18,24,2,Friday,24,June,2010-06,954681.56,951337.3725,11518.334659787783
34,2010-06-25,895800.07,0,78.47,2.654,126.1266,9.593,2010,6,25,25,2,Friday,25,June,2010-06,941612.04,939570.2949999999,30858.968353095643
34,2010-07-02,919229.36,0,73.66,2.668,126.1392,9.816,2010,7,2,26,3,Friday,26,July,2010-07,895800.07,927830.7575000001,25889.755521663286
34,2010-07-09,911210.81,0,75.0,2.637,126.1518,9.816,2010,7,9,27,3,Friday,27,July,2010-07,919229.36,916963.0700000001,19093.357104262108
34,2010-07-16,930269.79,0,78.53,2.621,126.1498065,9.816,2010,7,16,28,3,Friday,28,July,2010-07,911210.81,914127.5075000001,14502.922382109864
34,2010-07-23,902050.95,0,79.58,2.612,126.1283548,9.816,2010,7,23,29,3,Friday,29,July,2010-07,930269.79,915690.2274999999,11988.663720438912
34,2010-07-30,875976.83,0,72.26,2.65,126.1069032,9.816,2010,7,30,30,3,Friday,30,July,2010-07,902050.95,904877.095,22569.28087538132
34,2010-08-06,987435.35,0,73.8,2.64,126.0854516,9.816,2010,8,6,31,3,Friday,31,August,2010-08,875976.83,923933.23,47788.847081323685
34,2010-08-13,951208.65,0,76.72,2.698,126.064,9.816,2010,8,13,32,3,Friday,32,August,2010-08,987435.35,929167.945,49818.033197843506
34,2010-08-20,985152.94,0,76.45,2.671,126.0766452,9.816,2010,8,20,33,3,Friday,33,August,2010-08,951208.65,949943.4425,52019.266805464336
34,2010-08-27,855421.39,0,72.87,2.621,126.0892903,9.816,2010,8,27,34,3,Friday,34,August,2010-08,985152.94,944804.5825,61848.577112771825
34,2010-09-03,964356.74,0,72.59,2.584,126.1019355,9.816,2010,9,3,35,3,Friday,35,September,2010-09,855421.39,939034.9299999999,57467.348520721396
34,2010-09-10,932240.96,1,72.61,2.574,126.1145806,9.816,2010,9,10,36,3,Friday,36,September,2010-09,964356.74,934293.0075,56907.83101280134
34,2010-09-17,885445.47,0,70.71,2.594,126.1454667,9.816,2010,9,17,37,3,Friday,37,September,2010-09,932240.96,909366.14,48406.12214793988
34,2010-09-24,867539.07,0,69.78,2.642,126.1900333,9.816,2010,9,24,38,3,Friday,38,September,2010-09,885445.47,912395.5599999999,44091.63251790006
34,2010-10-01,865709.11,0,70.13,2.619,126.2346,10.21,2010,10,1,39,4,Friday,39,October,2010-10,867539.07,887733.6525,30978.69071225421
34,2010-10-08,931710.67,0,65.21,2.645,126.2791667,10.21,2010,10,8,40,4,Friday,40,October,2010-10,865709.11,887601.0800000001,30724.828071996595
34,2010-10-15,888703.62,0,59.57,2.732,126.3266774,10.21,2010,10,15,41,4,Friday,41,October,2010-10,931710.67,888415.6174999999,30691.80256890062
34,2010-10-22,936293.6,0,58.11,2.736,126.3815484,10.21,2010,10,22,42,4,Friday,42,October,2010-10,888703.62,905604.25,34159.6002057763
34,2010-10-29,926294.02,0,50.78,2.718,126.4364194,10.21,2010,10,29,43,4,Friday,43,October,2010-10,936293.6,920750.4775,21751.983938341975
34,2010-11-05,972292.31,0,52.43,2.699,126.4912903,10.21,2010,11,5,44,4,Friday,44,November,2010-11,926294.02,930895.8875000001,34371.323887364066
34,2010-11-12,979730.78,0,47.2,2.741,126.5461613,10.21,2010,11,12,45,4,Friday,45,November,2010-11,972292.31,953652.6775,26314.362628222738
34,2010-11-19,955766.33,0,40.93,2.78,126.6072,10.21,2010,11,19,46,4,Friday,46,November,2010-11,979730.78,958520.86,23704.220393672036
34,2010-11-26,1309476.68,1,41.13,2.752,126.6692667,10.21,2010,11,26,47,4,Friday,47,November,2010-11,955766.33,1054316.525,170401.34079845448
34,2010-12-03,1001512.21,0,34.7,2.727,126.7313333,10.21,2010,12,3,48,4,Friday,48,December,2010-12,1309476.68,1061621.5,166289.6309004098
34,2010-12-10,1086661.02,0,41.93,2.86,126.7934,10.21,2010,12,10,49,4,Friday,49,December,2010-12,1001512.21,1088354.06,157076.51269161914
34,2010-12-17,1227148.13,0,42.64,2.884,126.8794839,10.21,2010,12,17,50,4,Friday,50,December,2010-12,1086661.02,1156199.51,138192.3296181606
34,2010-12-24,1620748.25,0,42.74,2.887,126.9835806,10.21,2010,12,24,51,4,Friday,51,December,2010-12,1227148.13,1234017.4024999999,274092.7478766359
34,2010-12-31,902109.69,1,34.11,2.955,127.0876774,10.21,2010,12,31,52,4,Friday,52,December,2010-12,1620748.25,1209166.7725,304966.8578428529
34,2011-01-07,900646.94,0,24.5,2.98,127.1917742,10.398,2011,1,7,1,1,Friday,1,January,2011-01,902109.69,1162663.2525,341828.841824045
34,2011-01-14,898610.33,0,30.75,2.992,127.3009355,10.398,2011,1,14,2,1,Friday,2,January,2011-01,900646.94,1080528.8025,360149.15718152816
34,2011-01-21,891025.39,0,39.57,3.017,127.4404839,10.398,2011,1,21,3,1,Friday,3,January,2011-01,898610.33,898098.0874999999,4928.659249424796
34,2011-01-28,836717.75,0,34.68,3.022,127.5800323,10.398,2011,1,28,4,1,Friday,4,January,2011-01,891025.39,881750.1025,30305.673114373996
34,2011-02-04,971932.87,0,23.82,2.996,127.7195806,10.398,2011,2,4,5,1,Friday,5,February,2011-02,836717.75,899571.585,55559.942408214214
34,2011-02-11,1015654.6,1,28.66,3.033,127.859129,10.398,2011,2,11,6,1,Friday,6,February,2011-02,971932.87,928832.6525,80229.30403239852
34,2011-02-18,1062629.3,0,45.12,3.058,127.99525,10.398,2011,2,18,7,1,Friday,7,February,2011-02,1015654.6,971733.6299999999,97331.73853586557
34,2011-02-25,953331.45,0,44.57,3.087,128.13,10.398,2011,2,25,8,1,Friday,8,February,2011-02,1062629.3,1000887.0549999999,48751.29262866674
34,2011-03-04,963910.81,0,46.21,3.305,128.26475,10.398,2011,3,4,9,1,Friday,9,March,2011-03,953331.45,998881.54,50474.0035481058
34,2011-03-11,943951.67,0,45.87,3.461,128.3995,10.398,2011,3,11,10,1,Friday,10,March,2011-03,963910.81,980955.8075,55056.0400450599
34,2011-03-18,1014218.8,0,55.58,3.495,128.5121935,10.398,2011,3,18,11,1,Friday,11,March,2011-03,943951.67,968853.1825,31323.451287465872
34,2011-03-25,922898.38,0,53.11,3.48,128.6160645,10.398,2011,3,25,12,1,Friday,12,March,2011-03,1014218.8,961244.915,39084.747908789985
34,2011-04-01,884233.67,0,55.46,3.521,128.7199355,10.581,2011,4,1,13,2,Friday,13,April,2011-04,922898.38,941325.63,54526.341517762885
34,2011-04-08,975479.83,0,58.59,3.605,128.8238065,10.581,2011,4,8,14,2,Friday,14,April,2011-04,884233.67,949207.67,57243.55227518966
34,2011-04-15,941829.0,0,53.3,3.724,128.9107333,10.581,2011,4,15,15,2,Friday,15,April,2011-04,975479.83,931110.22,38071.860966375854
34,2011-04-22,1051518.45,0,63.83,3.781,128.9553,10.581,2011,4,22,16,2,Friday,16,April,2011-04,941829.0,963265.2375,69864.93332656268
34,2011-04-29,895973.02,0,57.73,3.781,128.9998667,10.581,2011,4,29,17,2,Friday,17,April,2011-04,1051518.45,966200.075,65551.83067906335
34,2011-05-06,965853.58,0,54.4,3.866,129.0444333,10.581,2011,5,6,18,2,Friday,18,May,2011-05,895973.02,963793.5125,65273.69952691297
34,2011-05-13,966232.69,0,63.05,3.872,129.089,10.581,2011,5,13,19,2,Friday,19,May,2011-05,965853.58,969894.4349999999,63656.87264781121
34,2011-05-20,945018.83,0,61.47,3.881,129.0756774,10.581,2011,5,20,20,2,Friday,20,May,2011-05,966232.69,943269.53,33052.31177118445
34,2011-05-27,941311.83,0,65.99,3.771,129.0623548,10.581,2011,5,27,21,2,Friday,21,May,2011-05,945018.83,954604.2324999999,13295.82325788303
34,2011-06-03,947229.24,0,74.64,3.683,129.0490323,10.581,2011,6,3,22,2,Friday,22,June,2011-06,941311.83,949948.1475,11127.487488272787
34,2011-06-10,943912.77,0,74.57,3.64,129.0357097,10.581,2011,6,10,23,2,Friday,23,June,2011-06,947229.24,944368.1675,2460.1953402537806
34,2011-06-17,968258.09,0,76.58,3.618,129.0432,10.581,2011,6,17,24,2,Friday,24,June,2011-06,943912.77,950177.9824999999,12294.265836380799
34,2011-06-24,923795.04,0,77.16,3.57,129.0663,10.581,2011,6,24,25,2,Friday,25,June,2011-06,968258.09,945798.7849999999,18204.289139246237
34,2011-07-01,911106.22,0,81.96,3.504,129.0894,10.641,2011,7,1,26,3,Friday,26,July,2011-07,923795.04,936768.03,24963.29405672766
34,2011-07-08,926934.57,0,80.84,3.469,129.1125,10.641,2011,7,8,27,3,Friday,27,July,2011-07,911106.22,932523.48,24786.30641827578
34,2011-07-15,903882.96,0,78.09,3.563,129.1338387,10.641,2011,7,15,28,3,Friday,28,July,2011-07,926934.57,916429.6975,10806.798029806901
34,2011-07-22,913236.62,0,80.75,3.627,129.1507742,10.641,2011,7,22,29,3,Friday,29,July,2011-07,903882.96,913790.0925,9633.9342348756
34,2011-07-29,851461.9,0,78.04,3.659,129.1677097,10.641,2011,7,29,30,3,Friday,30,July,2011-07,913236.62,898879.0125,32998.36990004701
34,2011-08-05,942236.45,0,76.71,3.662,129.1846452,10.641,2011,8,5,31,3,Friday,31,August,2011-08,851461.9,902704.4825,37863.32194101995
34,2011-08-12,956251.18,0,80.23,3.617,129.2015806,10.641,2011,8,12,32,3,Friday,32,August,2011-08,942236.45,915796.5375000001,46479.909038473525
34,2011-08-19,960418.54,0,77.08,3.55,129.2405806,10.641,2011,8,19,33,3,Friday,33,August,2011-08,956251.18,927592.0175000001,51345.828679831655
34,2011-08-26,871404.6,0,77.27,3.523,129.2832581,10.641,2011,8,26,34,3,Friday,34,August,2011-08,960418.54,932577.6925,41517.00712715557
34,2011-09-02,926455.64,0,78.24,3.533,129.3259355,10.641,2011,9,2,35,3,Friday,35,September,2011-09,871404.6,928632.49,41040.28541849177
34,2011-09-09,930506.14,1,70.05,3.554,129.3686129,10.641,2011,9,9,36,3,Friday,36,September,2011-09,926455.64,922196.2300000001,37094.167724634004
34,2011-09-16,927249.61,0,64.94,3.532,129.4306,10.641,2011,9,16,37,3,Friday,37,September,2011-09,930506.14,913903.9974999999,28387.080546743764
34,2011-09-23,902852.73,0,66.23,3.473,129.5183333,10.641,2011,9,23,38,3,Friday,38,September,2011-09,927249.61,921766.03,12730.076345296562
34,2011-09-30,871847.85,0,69.44,3.371,129.6060667,10.641,2011,9,30,39,3,Friday,39,September,2011-09,902852.73,908114.0825,27144.6379091745
34,2011-10-07,954069.45,0,60.42,3.299,129.6938,10.148,2011,10,7,40,4,Friday,40,October,2011-10,871847.85,914004.9099999999,35034.16556305321
34,2011-10-14,911788.79,0,54.72,3.283,129.7706452,10.148,2011,10,14,41,4,Friday,41,October,2011-10,954069.45,910139.705,33921.026621131765
34,2011-10-21,953693.23,0,58.93,3.361,129.7821613,10.148,2011,10,21,42,4,Friday,42,October,2011-10,911788.79,922849.83,39368.043581510035
34,2011-10-28,958063.87,0,54.56,3.362,129.7936774,10.148,2011,10,28,43,4,Friday,43,October,2011-10,953693.23,944403.835,21833.11467586184
34,2011-11-04,992621.93,0,48.04,3.322,129.8051935,10.148,2011,11,4,44,4,Friday,44,November,2011-11,958063.87,954041.9550000001,33116.16842224332
34,2011-11-11,991570.02,0,41.04,3.286,129.8167097,10.148,2011,11,11,45,4,Friday,45,November,2011-11,992621.93,973987.2625000001,20990.524671541938
34,2011-11-18,947552.44,0,46.0,3.294,129.8268333,10.148,2011,11,18,46,4,Friday,46,November,2011-11,991570.02,972452.0650000001,23089.18316729912
34,2011-11-25,1345595.82,1,45.99,3.225,129.8364,10.148,2011,11,25,47,4,Friday,47,November,2011-11,947552.44,1069335.0525,185367.49068668988
34,2011-12-02,988742.08,0,39.75,3.176,129.8459667,10.148,2011,12,2,48,4,Friday,48,December,2011-12,1345595.82,1068365.0899999999,185912.0585600625
34,2011-12-09,1084243.91,0,24.69,3.153,129.8555333,10.148,2011,12,9,49,4,Friday,49,December,2011-12,988742.08,1091533.5625,178789.84146242263
34,2011-12-16,1151052.86,0,32.31,3.149,129.8980645,10.148,2011,12,16,50,4,Friday,50,December,2011-12,1084243.91,1142408.6675,150948.44609332006
34,2011-12-23,1593655.96,0,32.45,3.103,129.9845484,10.148,2011,12,23,51,4,Friday,51,December,2011-12,1151052.86,1204423.7025,267900.44289952255
34,2011-12-30,965512.36,1,28.84,3.119,130.0710323,10.148,2011,12,30,52,4,Friday,52,December,2011-12,1593655.96,1198616.2725,274309.4993101656
34,2012-01-06,953844.85,0,36.39,3.158,130.1575161,9.653,2012,1,6,1,1,Friday,1,January,2012-01,965512.36,1166016.5075,299064.1723175828
34,2012-01-13,913755.12,0,33.99,3.263,130.244,9.653,2012,1,13,2,1,Friday,2,January,2012-01,953844.85,1106692.0725,325398.46343452355
34,2012-01-20,910899.05,0,39.28,3.273,130.2792258,9.653,2012,1,20,3,1,Friday,3,January,2012-01,913755.12,936002.845,27774.751178203653
34,2012-01-27,872450.37,0,39.81,3.29,130.3144516,9.653,2012,1,27,4,1,Friday,4,January,2012-01,910899.05,912737.3474999999,33252.98240475997
34,2012-02-03,939367.14,0,38.64,3.354,130.3496774,9.653,2012,2,3,5,1,Friday,5,February,2012-02,872450.37,909117.92,27593.481002635184
34,2012-02-10,1047658.09,1,36.7,3.411,130.3849032,9.653,2012,2,10,6,1,Friday,6,February,2012-02,939367.14,942593.6625000001,75218.73507225869
34,2012-02-17,1123446.51,0,37.25,3.493,130.4546207,9.653,2012,2,17,7,1,Friday,7,February,2012-02,1047658.09,995730.5275,111628.36051952619
34,2012-02-24,950154.24,0,39.89,3.541,130.5502069,9.653,2012,2,24,8,1,Friday,8,February,2012-02,1123446.51,1015156.4950000001,87086.93073139717
34,2012-03-02,990263.7,0,42.74,3.619,130.6457931,9.653,2012,3,2,9,1,Friday,9,March,2012-03,950154.24,1027880.635,75233.88081904557
34,2012-03-09,976393.43,0,42.7,3.667,130.7413793,9.653,2012,3,9,10,1,Friday,10,March,2012-03,990263.7,1010064.4700000001,77396.2360852456
34,2012-03-16,999298.43,0,48.09,3.707,130.8261935,9.653,2012,3,16,11,1,Friday,11,March,2012-03,976393.43,979027.45,21430.245458912566
34,2012-03-23,945143.33,0,47.93,3.759,130.8966452,9.653,2012,3,23,12,1,Friday,12,March,2012-03,999298.43,977774.7224999999,23706.259996050325
34,2012-03-30,938861.77,0,59.29,3.82,130.9670968,9.653,2012,3,30,13,1,Friday,13,March,2012-03,945143.33,964924.24,28187.846082674103
34,2012-04-06,1091020.37,0,54.42,3.864,131.0375484,9.575,2012,4,6,14,2,Friday,14,April,2012-04,938861.77,993580.975,70397.73158897807
34,2012-04-13,987353.65,0,59.12,3.881,131.108,9.575,2012,4,13,15,2,Friday,15,April,2012-04,1091020.37,990594.7799999999,70327.66805292663
34,2012-04-20,977628.78,0,55.34,3.864,131.1173333,9.575,2012,4,20,16,2,Friday,16,April,2012-04,987353.65,998716.1425000001,65003.58814393699
34,2012-04-27,940299.87,0,66.49,3.81,131.1266667,9.575,2012,4,27,17,2,Friday,17,April,2012-04,977628.78,999075.6675,64564.68943956586
34,2012-05-04,991104.4,0,65.04,3.747,131.136,9.575,2012,5,4,18,2,Friday,18,May,2012-05,940299.87,974096.675,23235.819257959265
34,2012-05-11,949625.52,0,61.92,3.685,131.1453333,9.575,2012,5,11,19,2,Friday,19,May,2012-05,991104.4,964664.6425000001,23713.19592073062
34,2012-05-18,998672.85,0,64.97,3.62,131.0983226,9.575,2012,5,18,20,2,Friday,20,May,2012-05,949625.52,969925.6599999999,29238.80456988491
34,2012-05-25,1015737.61,0,72.42,3.551,131.0287742,9.575,2012,5,25,21,2,Friday,21,May,2012-05,998672.85,988785.095,28065.73981226451
34,2012-06-01,977062.44,0,70.41,3.483,130.9592258,9.575,2012,6,1,22,2,Friday,22,June,2012-06,1015737.61,985274.605,28552.9015340228
34,2012-06-08,999511.29,0,75.35,3.433,130.8896774,9.575,2012,6,8,23,2,Friday,23,June,2012-06,977062.44,997746.0475,15869.078784053845
34,2012-06-15,982345.51,0,76.48,3.372,130.8295333,9.575,2012,6,15,24,2,Friday,24,June,2012-06,999511.29,993664.2124999999,17560.894708694304
34,2012-06-22,1000285.1,0,78.85,3.329,130.7929,9.575,2012,6,22,25,2,Friday,25,June,2012-06,982345.51,989801.085,11861.159677411899
34,2012-06-29,942970.63,0,81.91,3.257,130.7562667,9.575,2012,6,29,26,2,Friday,26,June,2012-06,1000285.1,981278.1325,26847.20276230656
34,2012-07-06,1007867.68,0,77.95,3.187,130.7196333,9.285,2012,7,6,27,3,Friday,27,July,2012-07,942970.63,983367.23,28979.392556654904
34,2012-07-13,954677.75,0,74.02,3.224,130.683,9.285,2012,7,13,28,3,Friday,28,July,2012-07,1007867.68,976450.29,32404.123677477415
34,2012-07-20,950929.59,0,77.7,3.263,130.7012903,9.285,2012,7,20,29,3,Friday,29,July,2012-07,954677.75,964111.4125,29576.443683161706
34,2012-07-27,917883.79,0,77.3,3.356,130.7195806,9.285,2012,7,27,30,3,Friday,30,July,2012-07,950929.59,957839.7025,37224.638233404614
34,2012-08-03,973250.41,0,78.93,3.374,130.737871,9.285,2012,8,3,31,3,Friday,31,August,2012-08,917883.79,949185.385,23037.097633819707
34,2012-08-10,1004523.59,0,78.26,3.476,130.7561613,9.285,2012,8,10,32,3,Friday,32,August,2012-08,973250.41,961646.845,36529.08667611215
34,2012-08-17,1013820.86,0,77.78,3.552,130.7909677,9.285,2012,8,17,33,3,Friday,33,August,2012-08,1004523.59,977369.6625000001,43288.03855610546
34,2012-08-24,926250.21,0,72.44,3.61,130.8381613,9.285,2012,8,24,34,3,Friday,34,August,2012-08,1013820.86,979461.2675000001,39491.31970874112
34,2012-08-31,933487.71,0,75.89,3.646,130.8853548,9.285,2012,8,31,35,3,Friday,35,August,2012-08,926250.21,969520.5925,46037.73147289832
34,2012-09-07,976415.56,1,78.26,3.709,130.9325484,9.285,2012,9,7,36,3,Friday,36,September,2012-09,933487.71,962493.585,40756.32287442423
34,2012-09-14,955211.7,0,64.28,3.706,130.9776667,9.285,2012,9,14,37,3,Friday,37,September,2012-09,976415.56,947841.2949999999,22679.005298471082
34,2012-09-21,943047.78,0,66.08,3.721,131.0103333,9.285,2012,9,21,38,3,Friday,38,September,2012-09,955211.7,952040.6875,18522.73458110317
34,2012-09-28,928629.31,0,67.06,3.666,131.043,9.285,2012,9,28,39,3,Friday,39,September,2012-09,943047.78,950826.0874999999,20225.839074296266
34,2012-10-05,968896.68,0,65.41,3.62,131.0756667,8.839,2012,10,5,40,4,Friday,40,October,2012-10,928629.31,948946.3675,17174.06494433977
34,2012-10-12,948613.39,0,59.94,3.603,131.1083333,8.839,2012,10,12,41,4,Friday,41,October,2012-10,968896.68,947296.79,16681.50252128721
34,2012-10-19,963516.28,0,58.47,3.61,131.1499677,8.839,2012,10,19,42,4,Friday,42,October,2012-10,948613.39,952413.915,18028.63903091051
34,2012-10-26,956987.81,0,57.95,3.514,131.1930968,8.839,2012,10,26,43,4,Friday,43,October,2012-10,963516.28,959503.54,8741.80427263306
35,2010-02-26,1020651.74,0,36.0,2.754,135.5195191,9.262,2010,2,26,8,1,Friday,8,February,2010-02,1270658.64,1172684.7974999999,109671.67956201406
35,2010-03-05,1162610.27,0,38.07,2.777,135.5732602,9.262,2010,3,5,9,1,Friday,9,March,2010-03,1020651.74,1155683.99,102750.96690910151
35,2010-03-12,1150344.39,0,45.98,2.818,135.6270013,9.262,2010,3,12,10,1,Friday,10,March,2010-03,1162610.27,1151066.26,102378.49651183565
35,2010-03-19,1117536.09,0,49.04,2.844,135.6682247,9.262,2010,3,19,11,1,Friday,11,March,2010-03,1150344.39,1112785.6225,64302.347703669475
35,2010-03-26,1078900.44,0,52.34,2.854,135.7073618,9.262,2010,3,26,12,1,Friday,12,March,2010-03,1117536.09,1127347.7974999999,37486.447712130124
35,2010-04-02,1189556.47,0,46.9,2.85,135.7464988,9.051,2010,4,2,13,2,Friday,13,April,2010-04,1078900.44,1134084.3475,47119.18869566053
35,2010-04-09,1198014.97,0,62.62,2.869,135.7856359,9.051,2010,4,9,14,2,Friday,14,April,2010-04,1189556.47,1146001.9925000002,57489.90720628962
35,2010-04-16,1084487.55,0,54.95,2.899,135.82725,9.051,2010,4,16,15,2,Friday,15,April,2010-04,1198014.97,1137739.8575,64848.37655042411
35,2010-04-23,1110827.48,0,53.91,2.902,135.8721667,9.051,2010,4,23,16,2,Friday,16,April,2010-04,1084487.55,1145721.6175,56637.15171701809
35,2010-04-30,1096930.65,0,53.55,2.921,135.9170833,9.051,2010,4,30,17,2,Friday,17,April,2010-04,1110827.48,1122565.1625,51437.59794505317
35,2010-05-07,1182099.88,0,69.02,2.966,135.962,9.051,2010,5,7,18,2,Friday,18,May,2010-05,1096930.65,1118586.39,43687.77884283554
35,2010-05-14,1104277.57,0,53.82,2.982,136.010394,9.051,2010,5,14,19,2,Friday,19,May,2010-05,1182099.88,1123533.895,39454.4728271638
35,2010-05-21,1078182.18,0,63.31,2.958,136.0796521,9.051,2010,5,21,20,2,Friday,20,May,2010-05,1104277.57,1115372.5699999998,45821.619520610315
35,2010-05-28,1223777.48,0,67.88,2.899,136.1489101,9.051,2010,5,28,21,2,Friday,21,May,2010-05,1078182.18,1147084.2775,67547.15137105878
35,2010-06-04,1282378.71,0,74.29,2.847,136.2181682,9.051,2010,6,4,22,2,Friday,22,June,2010-06,1223777.48,1172153.985,97043.60374860879
35,2010-06-11,1160412.71,0,68.9,2.809,136.2874263,9.051,2010,6,11,23,2,Friday,23,June,2010-06,1282378.71,1186187.77,87550.45102724007
35,2010-06-18,1198025.76,0,70.0,2.78,136.3243393,9.051,2010,6,18,24,2,Friday,24,June,2010-06,1160412.71,1216148.665,51249.565996235106
35,2010-06-25,1230245.74,0,78.02,2.808,136.3483143,9.051,2010,6,25,25,2,Friday,25,June,2010-06,1198025.76,1217765.73,51670.82720711263
35,2010-07-02,1245827.08,0,76.25,2.815,136.3722893,8.861,2010,7,2,26,3,Friday,26,July,2010-07,1230245.74,1208627.8225,37807.4944873357
35,2010-07-09,1268766.76,0,82.69,2.793,136.3962643,8.861,2010,7,9,27,3,Friday,27,July,2010-07,1245827.08,1235716.335,29693.23497937078
35,2010-07-16,1124414.87,0,78.26,2.783,136.4179827,8.861,2010,7,16,28,3,Friday,28,July,2010-07,1268766.76,1217313.6125,63921.46352175172
35,2010-07-23,1121756.43,0,81.56,2.771,136.4366924,8.861,2010,7,23,29,3,Friday,29,July,2010-07,1124414.87,1190191.285,78058.3395200472
35,2010-07-30,1139131.78,0,79.78,2.781,136.4554021,8.861,2010,7,30,30,3,Friday,30,July,2010-07,1121756.43,1163517.46,70581.09451999477
35,2010-08-06,1180183.39,0,77.45,2.784,136.4741118,8.861,2010,8,6,31,3,Friday,31,August,2010-08,1139131.78,1141371.6175,26979.358919100407
35,2010-08-13,1090587.5,0,77.36,2.805,136.4928214,8.861,2010,8,13,32,3,Friday,32,August,2010-08,1180183.39,1132914.775,37367.90060668262
35,2010-08-20,1033719.5,0,75.16,2.779,136.5249182,8.861,2010,8,20,33,3,Friday,33,August,2010-08,1090587.5,1110905.5425,63157.60351555216
35,2010-08-27,917693.06,0,70.31,2.755,136.557015,8.861,2010,8,27,34,3,Friday,34,August,2010-08,1033719.5,1055545.8625,109912.4119122127
35,2010-09-03,948660.79,0,78.52,2.715,136.5891118,8.861,2010,9,3,35,3,Friday,35,September,2010-09,917693.06,997665.2125000001,79017.80761618802
35,2010-09-10,961685.98,1,70.38,2.699,136.6212085,8.861,2010,9,10,36,3,Friday,36,September,2010-09,948660.79,965439.8325,49117.18963827051
35,2010-09-17,831443.61,0,64.5,2.706,136.6338071,8.861,2010,9,17,37,3,Friday,37,September,2010-09,961685.98,914870.8600000001,58598.878502980966
35,2010-09-24,758069.78,0,67.08,2.713,136.6317821,8.861,2010,9,24,38,3,Friday,38,September,2010-09,831443.61,874965.0399999999,97485.38639587321
35,2010-10-01,771065.21,0,70.19,2.707,136.6297571,8.763,2010,10,1,39,4,Friday,39,October,2010-10,758069.78,830566.145,93075.7134082075
35,2010-10-08,874615.32,0,57.78,2.764,136.6277321,8.763,2010,10,8,40,4,Friday,40,October,2010-10,771065.21,808798.48,54288.91540908634
35,2010-10-15,798376.99,0,58.38,2.868,136.6401935,8.763,2010,10,15,41,4,Friday,41,October,2010-10,874615.32,800531.825,52167.404287964724
35,2010-10-22,827705.82,0,52.82,2.917,136.688871,8.763,2010,10,22,42,4,Friday,42,October,2010-10,798376.99,817940.835,44299.8135149932
35,2010-10-29,857797.33,0,61.02,2.921,136.7375484,8.763,2010,10,29,43,4,Friday,43,October,2010-10,827705.82,839623.865,33655.21874841186
35,2010-11-05,843755.12,0,45.91,2.917,136.7862258,8.763,2010,11,5,44,4,Friday,44,November,2010-11,857797.33,831908.815,25512.07953015166
35,2010-11-12,870914.69,0,45.9,2.931,136.8349032,8.763,2010,11,12,45,4,Friday,45,November,2010-11,843755.12,850043.24,18567.391866934133
35,2010-11-19,846850.35,0,50.81,3.0,136.7715714,8.763,2010,11,19,46,4,Friday,46,November,2010-11,870914.69,854829.3725,12299.730068668952
35,2010-11-26,1781866.98,1,46.67,3.039,136.6895714,8.763,2010,11,26,47,4,Friday,47,November,2010-11,846850.35,1085846.785,464172.23366408155
35,2010-12-03,982598.88,0,41.81,3.046,136.6075714,8.763,2010,12,3,48,4,Friday,48,December,2010-12,1781866.98,1120557.7249999999,444822.0414636961
35,2010-12-10,1108580.19,0,30.83,3.109,136.5255714,8.763,2010,12,10,49,4,Friday,49,December,2010-12,982598.88,1179974.1,415251.1447561556
35,2010-12-17,1314987.4,0,31.62,3.14,136.5292811,8.763,2010,12,17,50,4,Friday,50,December,2010-12,1108580.19,1297008.3625,351079.1096182573
35,2010-12-24,1779236.54,0,31.34,3.141,136.597273,8.763,2010,12,24,51,4,Friday,51,December,2010-12,1314987.4,1296350.7525,349868.56105226954
35,2010-12-31,576332.05,1,29.59,3.179,136.665265,8.763,2010,12,31,52,4,Friday,52,December,2010-12,1779236.54,1194784.045,498647.35040618357
35,2011-01-07,649289.75,0,34.42,3.193,136.7332569,8.549,2011,1,7,1,1,Friday,1,January,2011-01,576332.05,1079961.435,572521.7708795475
35,2011-01-14,687670.78,0,25.7,3.205,136.803477,8.549,2011,1,14,2,1,Friday,2,January,2011-01,649289.75,923132.28,572601.3018780317
35,2011-01-21,659902.07,0,30.13,3.229,136.8870657,8.549,2011,1,21,3,1,Friday,3,January,2011-01,687670.78,643298.6625,47486.76401974435
35,2011-01-28,633289.78,0,23.64,3.237,136.9706544,8.549,2011,1,28,4,1,Friday,4,January,2011-01,659902.07,657538.095,22873.44208673846
35,2011-02-04,747577.05,0,28.7,3.231,137.0542431,8.549,2011,2,4,5,1,Friday,5,February,2011-02,633289.78,682109.92,48967.550294784356
35,2011-02-11,859258.17,1,30.45,3.239,137.1378318,8.549,2011,2,11,6,1,Friday,6,February,2011-02,747577.05,725006.7675000001,101953.3948396467
35,2011-02-18,865305.88,0,39.32,3.245,137.2511849,8.549,2011,2,18,7,1,Friday,7,February,2011-02,859258.17,776357.7200000001,109667.7135700976
35,2011-02-25,841129.26,0,33.05,3.274,137.3764439,8.549,2011,2,25,8,1,Friday,8,February,2011-02,865305.88,828317.59,54798.49990507477
35,2011-03-04,850448.54,0,36.99,3.433,137.5017028,8.549,2011,3,4,9,1,Friday,9,March,2011-03,841129.26,854035.4625,10547.275481459335
35,2011-03-11,830601.39,0,43.64,3.582,137.6269617,8.549,2011,3,11,10,1,Friday,10,March,2011-03,850448.54,846871.2675,14723.126712284562
35,2011-03-18,800662.82,0,46.65,3.631,137.7398929,8.549,2011,3,18,11,1,Friday,11,March,2011-03,830601.39,830710.5025,21610.30434269824
35,2011-03-25,762184.1,0,40.11,3.625,137.8478929,8.549,2011,3,25,12,1,Friday,12,March,2011-03,800662.82,810974.2125,38428.49863163136
35,2011-04-01,762620.94,0,37.27,3.638,137.9558929,8.512,2011,4,1,13,2,Friday,13,April,2011-04,762184.1,789017.3125,33073.872471009614
35,2011-04-08,813352.41,0,46.87,3.72,138.0638929,8.512,2011,4,8,14,2,Friday,14,April,2011-04,762620.94,784705.0675,26269.264434152017
35,2011-04-15,795157.2,0,52.24,3.821,138.1646952,8.512,2011,4,15,15,2,Friday,15,April,2011-04,813352.41,783328.6625,25280.044882505048
35,2011-04-22,841778.34,0,50.02,3.892,138.2475036,8.512,2011,4,22,16,2,Friday,16,April,2011-04,795157.2,803227.2224999999,33179.830841580355
35,2011-04-29,811824.06,0,61.71,3.962,138.3303119,8.512,2011,4,29,17,2,Friday,17,April,2011-04,841778.34,815528.0025,19343.407198368543
35,2011-05-06,835181.18,0,56.48,4.046,138.4131202,8.512,2011,5,6,18,2,Friday,18,May,2011-05,811824.06,820985.195,21485.596643006586
35,2011-05-13,826155.95,0,60.07,4.066,138.4959286,8.512,2011,5,13,19,2,Friday,19,May,2011-05,835181.18,828734.8825000001,12965.509958826891
35,2011-05-20,776838.56,0,60.22,4.062,138.587106,8.512,2011,5,20,20,2,Friday,20,May,2011-05,826155.95,812499.9375000001,25645.766995320966
35,2011-05-27,850708.6,0,66.43,3.985,138.6782834,8.512,2011,5,27,21,2,Friday,21,May,2011-05,776838.56,822221.0725,31909.033784734067
35,2011-06-03,955466.84,0,74.17,3.922,138.7694608,8.512,2011,6,3,22,2,Friday,22,June,2011-06,850708.6,852292.4875,75330.09465251263
35,2011-06-10,855130.21,0,73.26,3.881,138.8606382,8.512,2011,6,10,23,2,Friday,23,June,2011-06,955466.84,859536.0525,73346.04425127676
35,2011-06-17,828594.86,0,67.03,3.842,139.0028333,8.512,2011,6,17,24,2,Friday,24,June,2011-06,855130.21,872475.1275,56532.38040286524
35,2011-06-24,849397.57,0,72.02,3.804,139.1832917,8.512,2011,6,24,25,2,Friday,25,June,2011-06,828594.86,872147.37,56704.180747939885
35,2011-07-01,874453.88,0,73.76,3.748,139.36375,8.684,2011,7,1,26,3,Friday,26,July,2011-07,849397.57,851894.1299999999,18872.40779722133
35,2011-07-08,827717.85,0,76.87,3.711,139.5442083,8.684,2011,7,8,27,3,Friday,27,July,2011-07,874453.88,845041.0399999999,22020.17452908008
35,2011-07-15,813845.5,0,77.83,3.76,139.7006325,8.684,2011,7,15,28,3,Friday,28,July,2011-07,827717.85,841353.7,26476.173144107168
35,2011-07-22,820188.42,0,82.28,3.811,139.7969712,8.684,2011,7,22,29,3,Friday,29,July,2011-07,813845.5,834051.4125000001,27525.351072790276
35,2011-07-29,770820.27,0,79.41,3.829,139.8933099,8.684,2011,7,29,30,3,Friday,30,July,2011-07,820188.42,808143.01,25519.741223868827
35,2011-08-05,826820.71,0,78.14,3.842,139.9896486,8.684,2011,8,5,31,3,Friday,31,August,2011-08,770820.27,807918.7250000001,25293.296065816772
35,2011-08-12,819911.89,0,76.67,3.812,140.0859873,8.684,2011,8,12,32,3,Friday,32,August,2011-08,826820.71,809435.3225,25940.71157163174
35,2011-08-19,820288.35,0,72.97,3.747,140.1289205,8.684,2011,8,19,33,3,Friday,33,August,2011-08,819911.89,809460.305,25954.563851069874
35,2011-08-26,897037.25,0,72.88,3.704,140.1629528,8.684,2011,8,26,34,3,Friday,34,August,2011-08,820288.35,841014.55,37482.91003799626
35,2011-09-02,813486.55,0,71.44,3.703,140.196985,8.684,2011,9,2,35,3,Friday,35,September,2011-09,897037.25,837681.01,39693.75000793598
35,2011-09-09,922440.64,1,70.93,3.738,140.2310173,8.684,2011,9,9,36,3,Friday,36,September,2011-09,813486.55,863313.1975,54672.352784868875
35,2011-09-16,738792.11,0,69.65,3.742,140.2735,8.684,2011,9,16,37,3,Friday,37,September,2011-09,922440.64,842939.1375,83588.58160328964
35,2011-09-23,705802.45,0,63.61,3.711,140.32725,8.684,2011,9,23,38,3,Friday,38,September,2011-09,738792.11,795130.4375,96087.34051719014
35,2011-09-30,749676.95,0,70.92,3.645,140.381,8.684,2011,9,30,39,3,Friday,39,September,2011-09,705802.45,779178.0375000001,97313.04712072155
35,2011-10-07,791637.53,0,56.91,3.583,140.43475,8.745,2011,10,7,40,4,Friday,40,October,2011-10,749676.95,746477.26,35417.46133206884
35,2011-10-14,772859.25,0,64.78,3.541,140.4784194,8.745,2011,10,14,41,4,Friday,41,October,2011-10,791637.53,754994.0449999999,37013.488804841996
35,2011-10-21,811328.4,0,59.62,3.57,140.4616048,8.745,2011,10,21,42,4,Friday,42,October,2011-10,772859.25,781375.5325,26330.02129566125
35,2011-10-28,808821.5,0,51.81,3.569,140.4447903,8.745,2011,10,28,43,4,Friday,43,October,2011-10,811328.4,796161.6699999999,17830.419840972874
35,2011-11-04,653468.75,0,44.46,3.551,140.4279758,8.745,2011,11,4,44,4,Friday,44,November,2011-11,808821.5,761619.475,74211.2306164655
35,2011-11-11,880576.33,0,49.69,3.53,140.4111613,8.745,2011,11,11,45,4,Friday,45,November,2011-11,653468.75,788548.745,95995.79630959463
35,2011-11-18,820964.1,0,51.42,3.53,140.4127857,8.745,2011,11,18,46,4,Friday,46,November,2011-11,880576.33,790957.67,96874.84986065622
35,2011-11-25,1733822.4,1,47.88,3.492,140.4217857,8.745,2011,11,25,47,4,Friday,47,November,2011-11,820964.1,1022207.895,484053.13964897016
35,2011-12-02,903606.03,0,50.55,3.452,140.4307857,8.745,2011,12,2,48,4,Friday,48,December,2011-12,1733822.4,1084742.215,434119.0338400955
35,2011-12-09,948964.99,0,46.28,3.415,140.4397857,8.745,2011,12,9,49,4,Friday,49,December,2011-12,903606.03,1101839.38,424641.22136751807
35,2011-12-16,1115255.65,0,40.68,3.413,140.4700795,8.745,2011,12,16,50,4,Friday,50,December,2011-12,948964.99,1175412.2675,383230.86816294637
35,2011-12-23,1550214.02,0,41.59,3.389,140.528765,8.745,2011,12,23,51,4,Friday,51,December,2011-12,1115255.65,1129510.1724999999,294858.25025799783
35,2011-12-30,904650.55,1,37.85,3.389,140.5874505,8.745,2011,12,30,52,4,Friday,52,December,2011-12,1550214.02,1129771.3025,294591.84120423225
35,2012-01-06,671708.09,0,35.8,3.422,140.6461359,8.744,2012,1,6,1,1,Friday,1,January,2012-01,904650.55,1060457.0775,373392.6421203595
35,2012-01-13,625135.11,0,41.3,3.513,140.7048214,8.744,2012,1,13,2,1,Friday,2,January,2012-01,671708.09,937926.9425,426111.87555868813
35,2012-01-20,669850.04,0,30.35,3.533,140.8086118,8.744,2012,1,20,3,1,Friday,3,January,2012-01,625135.11,717835.9475,126390.35767094936
35,2012-01-27,588722.99,0,36.96,3.567,140.9124021,8.744,2012,1,27,4,1,Friday,4,January,2012-01,669850.04,638854.0575,39755.384674476
35,2012-02-03,746901.03,0,42.52,3.617,141.0161924,8.744,2012,2,3,5,1,Friday,5,February,2012-02,588722.99,657652.2925,68124.24455921336
35,2012-02-10,849779.14,1,37.86,3.64,141.1199827,8.744,2012,2,10,6,1,Friday,6,February,2012-02,746901.03,713813.3,111298.19017573219
35,2012-02-17,824568.39,0,37.24,3.695,141.2140357,8.744,2012,2,17,7,1,Friday,7,February,2012-02,849779.14,752492.8875,117631.26169458567
35,2012-02-24,805028.74,0,41.74,3.739,141.3007857,8.744,2012,2,24,8,1,Friday,8,February,2012-02,824568.39,806569.325,43793.961849993175
35,2012-03-02,766571.1,0,40.07,3.816,141.3875357,8.744,2012,3,2,9,1,Friday,9,March,2012-03,805028.74,811486.8425,35102.50677206381
35,2012-03-09,796351.35,0,44.32,3.848,141.4742857,8.744,2012,3,9,10,1,Friday,10,March,2012-03,766571.1,798129.895,24122.664614882822
35,2012-03-16,793045.82,0,49.6,3.862,141.55478,8.744,2012,3,16,11,1,Friday,11,March,2012-03,796351.35,790249.2525000001,16574.52402791423
35,2012-03-23,760671.1,0,57.3,3.9,141.6269332,8.744,2012,3,23,12,1,Friday,12,March,2012-03,793045.82,779159.8425,18153.77222704134
35,2012-03-30,744525.69,0,49.4,3.953,141.6990864,8.744,2012,3,30,13,1,Friday,13,March,2012-03,760671.1,773648.49,25220.53656816742
35,2012-04-06,860293.46,0,48.73,3.996,141.7712396,8.876,2012,4,6,14,2,Friday,14,April,2012-04,744525.69,789634.0175000001,51244.54120738818
35,2012-04-13,788633.42,0,52.22,4.044,141.8433929,8.876,2012,4,13,15,2,Friday,15,April,2012-04,860293.46,788530.9175,51194.08328861554
35,2012-04-20,794660.24,0,62.62,4.027,141.9015262,8.876,2012,4,20,16,2,Friday,16,April,2012-04,788633.42,797028.2025,47732.19125138342
35,2012-04-27,721212.45,0,52.33,4.004,141.9596595,8.876,2012,4,27,17,2,Friday,17,April,2012-04,794660.24,791199.8925000001,56835.21198306589
35,2012-05-04,772036.6,0,53.68,3.951,142.0177929,8.876,2012,5,4,18,2,Friday,18,May,2012-05,721212.45,769135.6775,33350.24407096418
35,2012-05-11,802383.63,0,58.97,3.889,142.0759262,8.876,2012,5,11,19,2,Friday,19,May,2012-05,772036.6,772573.23,36581.93385112193
35,2012-05-18,819196.68,0,65.15,3.848,142.0970115,8.876,2012,5,18,20,2,Friday,20,May,2012-05,802383.63,778707.3400000001,43012.07005038472
35,2012-05-25,822167.17,0,64.77,3.798,142.1032776,8.876,2012,5,25,21,2,Friday,21,May,2012-05,819196.68,803946.02,22987.279707154514
35,2012-06-01,932195.52,0,73.4,3.742,142.1095438,8.876,2012,6,1,22,2,Friday,22,June,2012-06,822167.17,843985.7500000001,59448.15202237707
35,2012-06-08,873415.01,0,64.05,3.689,142.1158099,8.876,2012,6,8,23,2,Friday,23,June,2012-06,932195.52,861743.595,53154.58291970724
35,2012-06-15,848289.41,0,69.52,3.62,142.1292548,8.876,2012,6,15,24,2,Friday,24,June,2012-06,873415.01,869016.7775000001,47029.80416497568
35,2012-06-22,911696.0,0,73.23,3.564,142.1606464,8.876,2012,6,22,25,2,Friday,25,June,2012-06,848289.41,891398.985,37674.85854605679
35,2012-06-29,892133.41,0,73.94,3.506,142.1920381,8.876,2012,6,29,26,2,Friday,26,June,2012-06,911696.0,881383.4575,27037.775099895083
35,2012-07-06,985479.64,0,82.08,3.475,142.2234298,8.839,2012,7,6,27,3,Friday,27,July,2012-07,892133.41,909399.615,57230.59373654212
35,2012-07-13,825763.48,0,78.95,3.523,142.2548214,8.839,2012,7,13,28,3,Friday,28,July,2012-07,985479.64,903768.1325000001,65725.98197647657
35,2012-07-20,841224.74,0,78.64,3.567,142.2337569,8.839,2012,7,20,29,3,Friday,29,July,2012-07,825763.48,886150.3175,72034.68923865995
35,2012-07-27,808030.15,0,76.01,3.647,142.2126924,8.839,2012,7,27,30,3,Friday,30,July,2012-07,841224.74,865124.5025,81374.8793134558
35,2012-08-03,866216.36,0,75.22,3.654,142.1916279,8.839,2012,8,3,31,3,Friday,31,August,2012-08,808030.15,835308.6825000001,24667.883917523293
35,2012-08-10,888368.8,0,78.44,3.722,142.1705634,8.839,2012,8,10,32,3,Friday,32,August,2012-08,866216.36,850960.0125,34496.00047434226
35,2012-08-17,887979.47,0,76.51,3.807,142.2157385,8.839,2012,8,17,33,3,Friday,33,August,2012-08,888368.8,862648.6950000001,37855.36357761088
35,2012-08-24,895274.72,0,72.93,3.834,142.3105933,8.839,2012,8,24,34,3,Friday,34,August,2012-08,887979.47,884459.8375,12615.518955394751
35,2012-08-31,931278.97,0,75.0,3.867,142.4054482,8.839,2012,8,31,35,3,Friday,35,August,2012-08,895274.72,900725.49,20642.79412045401
35,2012-09-07,984833.35,1,76.0,3.911,142.500303,8.839,2012,9,7,36,3,Friday,36,September,2012-09,931278.97,924841.6275,44247.285497328616
35,2012-09-14,821568.64,0,68.72,3.948,142.5938833,8.839,2012,9,14,37,3,Friday,37,September,2012-09,984833.35,908238.92,68501.48058726995
35,2012-09-21,772302.94,0,66.1,4.038,142.6798167,8.839,2012,9,21,38,3,Friday,38,September,2012-09,821568.64,877495.975,97651.35949859674
35,2012-09-28,814099.86,0,64.92,3.997,142.76575,8.839,2012,9,28,39,3,Friday,39,September,2012-09,772302.94,848201.1974999999,93632.41056848777
35,2012-10-05,866064.4,0,64.5,3.985,142.8516833,8.665,2012,10,5,40,4,Friday,40,October,2012-10,814099.86,818508.96,38407.10855360231
35,2012-10-12,873643.14,0,55.4,4.0,142.9376167,8.665,2012,10,12,41,4,Friday,41,October,2012-10,866064.4,831527.585,47531.728832265755
35,2012-10-19,829284.67,0,56.53,3.969,142.8633629,8.665,2012,10,19,42,4,Friday,42,October,2012-10,873643.14,845773.0175000001,28656.229347358047
35,2012-10-26,865137.6,0,58.99,3.882,142.7624113,8.665,2012,10,26,43,4,Friday,43,October,2012-10,829284.67,858532.4525,19867.258362506844
36,2010-02-26,447519.44,0,50.87,2.52,210.0771885,8.554,2010,2,26,8,1,Friday,8,February,2010-02,470281.03,463727.72750000004,10867.34847812588
36,2010-03-05,480203.43,0,51.33,2.574,210.1092746,8.554,2010,3,5,9,1,Friday,9,March,2010-03,447519.44,466891.9,13797.50889097254
36,2010-03-12,441434.2,0,61.96,2.619,210.1413607,8.554,2010,3,12,10,1,Friday,10,March,2010-03,480203.43,459859.525,18387.065528761425
36,2010-03-19,428851.99,0,59.56,2.701,209.9803208,8.554,2010,3,19,11,1,Friday,11,March,2010-03,441434.2,449502.265,21893.839755798133
36,2010-03-26,404438.51,0,55.76,2.711,209.7870932,8.554,2010,3,26,12,1,Friday,12,March,2010-03,428851.99,438732.03250000003,31627.20055617144
36,2010-04-02,435972.82,0,63.43,2.708,209.5938656,8.464,2010,4,2,13,2,Friday,13,April,2010-04,404438.51,427674.38,16324.717178101395
36,2010-04-09,453016.91,0,68.54,2.743,209.400638,8.464,2010,4,9,14,2,Friday,14,April,2010-04,435972.82,430570.0575,20156.55857256285
36,2010-04-16,483699.56,0,66.74,2.769,209.2691428,8.464,2010,4,16,15,2,Friday,15,April,2010-04,453016.91,444281.95,33098.785761737556
36,2010-04-23,434116.8,0,68.03,2.762,209.2199574,8.464,2010,4,23,16,2,Friday,16,April,2010-04,483699.56,451701.52249999996,22965.330361671124
36,2010-04-30,457899.64,0,70.9,2.725,209.170772,8.464,2010,4,30,17,2,Friday,17,April,2010-04,434116.8,457183.2275,20437.281417744736
36,2010-05-07,489372.02,0,75.56,2.786,209.1215867,8.464,2010,5,7,18,2,Friday,18,May,2010-05,457899.64,466272.005,25438.71112146151
36,2010-05-14,476733.74,0,77.53,2.805,209.118536,8.464,2010,5,14,19,2,Friday,19,May,2010-05,489372.02,464530.55,24048.434699079055
36,2010-05-21,474917.98,0,77.34,2.767,209.3922937,8.464,2010,5,21,20,2,Friday,20,May,2010-05,476733.74,474730.845,12931.87373664915
36,2010-05-28,447050.42,0,80.87,2.716,209.6660514,8.464,2010,5,28,21,2,Friday,21,May,2010-05,474917.98,472018.54,17843.674395505066
36,2010-06-04,471088.88,0,79.93,2.664,209.9398091,8.464,2010,6,4,22,2,Friday,22,June,2010-06,447050.42,467447.755,13800.27590712963
36,2010-06-11,467711.18,0,82.3,2.615,210.2135668,8.464,2010,6,11,23,2,Friday,23,June,2010-06,471088.88,465192.115,12447.637974206298
36,2010-06-18,485694.72,0,84.37,2.572,210.2108417,8.464,2010,6,18,24,2,Friday,24,June,2010-06,467711.18,467886.3,15932.784899294991
36,2010-06-25,434879.87,0,84.14,2.601,210.0975233,8.464,2010,6,25,25,2,Friday,25,June,2010-06,485694.72,464843.6625,21446.21845521553
36,2010-07-02,434252.15,0,81.85,2.606,209.984205,8.36,2010,7,2,26,3,Friday,26,July,2010-07,434879.87,455634.48,25412.743418926675
36,2010-07-09,471713.59,0,81.74,2.596,209.8708867,8.36,2010,7,9,27,3,Friday,27,July,2010-07,434252.15,456635.0825,26115.824438315034
36,2010-07-16,466962.04,0,84.43,2.561,209.8630532,8.36,2010,7,16,28,3,Friday,28,July,2010-07,471713.59,451951.9125,20170.639164046348
36,2010-07-23,452021.2,0,82.6,2.542,209.9958663,8.36,2010,7,23,29,3,Friday,29,July,2010-07,466962.04,456237.245,16888.437069507116
36,2010-07-30,432451.91,0,81.88,2.602,210.1286794,8.36,2010,7,30,30,3,Friday,30,July,2010-07,452021.2,455787.185,17675.269567401312
36,2010-08-06,467442.94,0,85.49,2.573,210.2614925,8.36,2010,8,6,31,3,Friday,31,August,2010-08,432451.91,454719.52249999996,16481.222632451387
36,2010-08-13,470436.8,0,86.06,2.644,210.3943056,8.36,2010,8,13,32,3,Friday,32,August,2010-08,467442.94,455588.21249999997,17407.15548647628
36,2010-08-20,437949.9,0,85.54,2.604,210.3617581,8.36,2010,8,20,33,3,Friday,33,August,2010-08,470436.8,452070.38749999995,19646.147248600522
36,2010-08-27,412050.73,0,84.62,2.562,210.3292106,8.36,2010,8,27,34,3,Friday,34,August,2010-08,437949.9,446970.0925,27510.904479207762
36,2010-09-03,431294.45,0,82.29,2.533,210.2966631,8.36,2010,9,3,35,3,Friday,35,September,2010-09,412050.73,437932.97000000003,24293.068603354077
36,2010-09-10,434471.38,1,80.58,2.513,210.2641156,8.36,2010,9,10,36,3,Friday,36,September,2010-09,431294.45,428941.615,11583.973529793975
36,2010-09-17,454694.21,0,82.1,2.55,210.2924504,8.36,2010,9,17,37,3,Friday,37,September,2010-09,434471.38,433127.6925,17459.66112181331
36,2010-09-24,419348.59,0,79.17,2.578,210.3664469,8.36,2010,9,24,38,3,Friday,38,September,2010-09,454694.21,434952.15750000003,14683.66356193027
36,2010-10-01,422169.47,0,74.66,2.567,210.4404433,8.476,2010,10,1,39,4,Friday,39,October,2010-10,419348.59,432670.9125,16083.447882495817
36,2010-10-08,444351.61,0,66.34,2.595,210.5144398,8.476,2010,10,8,40,4,Friday,40,October,2010-10,422169.47,435140.97000000003,17173.857672070473
36,2010-10-15,453308.15,0,71.57,2.705,210.5805944,8.476,2010,10,15,41,4,Friday,41,October,2010-10,444351.61,434794.45499999996,16653.939534891844
36,2010-10-22,424956.3,0,72.24,2.698,210.6271444,8.476,2010,10,22,42,4,Friday,42,October,2010-10,453308.15,436196.3825,15082.153376759301
36,2010-10-29,392654.26,0,76.22,2.68,210.6736944,8.476,2010,10,29,43,4,Friday,43,October,2010-10,424956.3,428817.58,26856.34191785746
36,2010-11-05,405860.37,0,62.72,2.655,210.7202444,8.476,2010,11,5,44,4,Friday,44,November,2010-11,392654.26,419194.77,26325.67072513956
36,2010-11-12,425804.8,0,61.97,2.705,210.7667944,8.476,2010,11,12,45,4,Friday,45,November,2010-11,405860.37,412318.9325,16020.65389485593
36,2010-11-19,411615.71,0,56.73,2.741,210.65429,8.476,2010,11,19,46,4,Friday,46,November,2010-11,425804.8,408983.78500000003,13739.028141559775
36,2010-11-26,408891.49,1,67.73,2.725,210.5152765,8.476,2010,11,26,47,4,Friday,47,November,2010-11,411615.71,413043.0925,8826.586825171797
36,2010-12-03,360266.09,0,54.44,2.694,210.376263,8.476,2010,12,3,48,4,Friday,48,December,2010-12,408891.49,401644.52249999996,28564.76152616652
36,2010-12-10,404545.03,0,51.83,2.813,210.2372494,8.476,2010,12,10,49,4,Friday,49,December,2010-12,360266.09,396329.58,24218.011774349656
36,2010-12-17,410214.7,0,56.73,2.852,210.1787224,8.476,2010,12,17,50,4,Friday,50,December,2010-12,404545.03,395979.3275,23931.6830630449
36,2010-12-24,422093.59,0,59.1,2.863,210.1805602,8.476,2010,12,24,51,4,Friday,51,December,2010-12,410214.7,399279.85250000004,27017.483642264506
36,2010-12-31,359310.65,1,52.88,2.949,210.182398,8.476,2010,12,31,52,4,Friday,52,December,2010-12,422093.59,399040.99250000005,27477.67903081391
36,2011-01-07,384659.85,0,54.11,2.942,210.1842358,8.395,2011,1,7,1,1,Friday,1,January,2011-01,359310.65,394069.6975,27944.80434509603
36,2011-01-14,410497.73,0,42.87,2.971,210.2379731,8.395,2011,1,14,2,1,Friday,2,January,2011-01,384659.85,394140.45499999996,27999.61540960826
36,2011-01-21,399191.05,0,51.18,2.98,210.6031072,8.395,2011,1,21,3,1,Friday,3,January,2011-01,410497.73,388414.82,22097.771819581107
36,2011-01-28,372174.12,0,48.74,2.995,210.9682412,8.395,2011,1,28,4,1,Friday,4,January,2011-01,399191.05,391630.6875,16735.939055036553
36,2011-02-04,417521.7,0,46.68,2.98,211.3333753,8.395,2011,2,4,5,1,Friday,5,February,2011-02,372174.12,399846.15,19933.653492104033
36,2011-02-11,401501.2,1,41.16,3.009,211.6985093,8.395,2011,2,11,6,1,Friday,6,February,2011-02,417521.7,397597.0175,18806.91602067079
36,2011-02-18,427175.03,0,57.48,3.017,212.0063522,8.395,2011,2,18,7,1,Friday,7,February,2011-02,401501.2,404593.0125,24066.86775288583
36,2011-02-25,380279.44,0,67.73,3.053,212.2912786,8.395,2011,2,25,8,1,Friday,8,February,2011-02,427175.03,406619.3425,20505.150036151786
36,2011-03-04,402579.84,0,64.55,3.282,212.576205,8.395,2011,3,4,9,1,Friday,9,March,2011-03,380279.44,402883.8775,19174.85263168133
36,2011-03-11,407506.78,0,59.15,3.448,212.8611313,8.395,2011,3,11,10,1,Friday,10,March,2011-03,402579.84,404385.2725,19265.405982498687
36,2011-03-18,431412.22,0,64.9,3.487,213.1096787,8.395,2011,3,18,11,1,Friday,11,March,2011-03,407506.78,405444.57,20976.66959979118
36,2011-03-25,390732.02,0,71.07,3.488,213.3436744,8.395,2011,3,25,12,1,Friday,12,March,2011-03,431412.22,408057.715,17087.258946535854
36,2011-04-01,385672.11,0,67.31,3.529,213.5776701,8.3,2011,4,1,13,2,Friday,13,April,2011-04,390732.02,403830.7825,20620.08420755589
36,2011-04-08,428727.61,0,69.39,3.645,213.8116658,8.3,2011,4,8,14,2,Friday,14,April,2011-04,385672.11,409135.99,24285.261467624125
36,2011-04-15,414986.54,0,73.25,3.763,214.026217,8.3,2011,4,15,15,2,Friday,15,April,2011-04,428727.61,405029.57,20329.531434808596
36,2011-04-22,374574.72,0,74.57,3.805,214.1921572,8.3,2011,4,22,16,2,Friday,16,April,2011-04,414986.54,400990.245,25150.764811261153
36,2011-04-29,340708.78,0,76.1,3.837,214.3580974,8.3,2011,4,29,17,2,Friday,17,April,2011-04,374574.72,389749.41250000003,39964.4317415286
36,2011-05-06,393401.4,0,69.56,3.917,214.5240376,8.3,2011,5,6,18,2,Friday,18,May,2011-05,340708.78,380917.86,31482.901536019144
36,2011-05-13,395316.65,0,76.73,3.92,214.6899778,8.3,2011,5,13,19,2,Friday,19,May,2011-05,393401.4,376000.3875,25320.895986969015
36,2011-05-20,376183.44,0,73.02,3.925,214.465412,8.3,2011,5,20,20,2,Friday,20,May,2011-05,395316.65,376402.5675,25303.473451526443
36,2011-05-27,348655.2,0,81.28,3.786,214.2408462,8.3,2011,5,27,21,2,Friday,21,May,2011-05,376183.44,378389.1725,21609.26379678485
36,2011-06-03,373703.95,0,82.96,3.69,214.0162805,8.3,2011,6,3,22,2,Friday,22,June,2011-06,348655.2,373464.81000000006,19152.61337045363
36,2011-06-10,374182.04,0,82.41,3.633,213.7917147,8.3,2011,6,10,23,2,Friday,23,June,2011-06,373703.95,368181.1575,13061.53856785276
36,2011-06-17,394645.25,0,84.43,3.599,213.7481256,8.3,2011,6,17,24,2,Friday,24,June,2011-06,374182.04,372796.61,18822.977348604523
36,2011-06-24,360009.94,0,83.95,3.569,213.8402689,8.3,2011,6,24,25,2,Friday,25,June,2011-06,394645.25,375635.29500000004,14275.528613471552
36,2011-07-01,354270.77,0,85.33,3.502,213.9324122,8.177,2011,7,1,26,3,Friday,26,July,2011-07,360009.94,370777.0,17978.439544082037
36,2011-07-08,377464.62,0,84.71,3.44,214.0245556,8.177,2011,7,8,27,3,Friday,27,July,2011-07,354270.77,371597.645,18258.4135521074
36,2011-07-15,385631.48,0,85.63,3.55,214.1083654,8.177,2011,7,15,28,3,Friday,28,July,2011-07,377464.62,369344.2025,14669.167352958542
36,2011-07-22,361311.41,0,83.31,3.637,214.1713416,8.177,2011,7,22,29,3,Friday,29,July,2011-07,385631.48,369669.57,14405.175636742964
36,2011-07-29,354361.08,0,84.99,3.66,214.2343177,8.177,2011,7,29,30,3,Friday,30,July,2011-07,361311.41,369692.14749999996,14373.030775753983
36,2011-08-05,381017.75,0,86.71,3.652,214.2972939,8.177,2011,8,5,31,3,Friday,31,August,2011-08,354361.08,370580.43,15104.676991667608
36,2011-08-12,380188.69,0,87.64,3.608,214.3602701,8.177,2011,8,12,32,3,Friday,32,August,2011-08,381017.75,369219.7325,13451.54717801283
36,2011-08-19,373267.58,0,87.24,3.534,214.4239935,8.177,2011,8,19,33,3,Friday,33,August,2011-08,380188.69,372208.775,12395.407332273488
36,2011-08-26,344964.2,0,86.02,3.501,214.4878416,8.177,2011,8,26,34,3,Friday,34,August,2011-08,373267.58,369859.555,16956.706445955617
36,2011-09-02,350276.29,0,87.5,3.481,214.5516896,8.177,2011,9,2,35,3,Friday,35,September,2011-09,344964.2,362174.19,17178.759095195073
36,2011-09-09,352960.64,1,77.94,3.499,214.6155376,8.177,2011,9,9,36,3,Friday,36,September,2011-09,350276.29,355367.1775,12387.559738222866
36,2011-09-16,343108.12,0,82.06,3.473,214.7934111,8.177,2011,9,16,37,3,Friday,37,September,2011-09,352960.64,347827.3125,4575.905486258867
36,2011-09-23,322405.13,0,78.35,3.441,215.1233185,8.177,2011,9,23,38,3,Friday,38,September,2011-09,343108.12,342187.54500000004,13828.458254832656
36,2011-09-30,314910.37,0,81.52,3.328,215.4532259,8.177,2011,9,30,39,3,Friday,39,September,2011-09,322405.13,333346.065,17697.534471040053
36,2011-10-07,346137.87,0,71.2,3.262,215.7831333,7.716,2011,10,7,40,4,Friday,40,October,2011-10,314910.37,331640.3725,15350.020132127167
36,2011-10-14,342076.99,0,74.16,3.234,216.0885258,7.716,2011,10,14,41,4,Friday,41,October,2011-10,346137.87,331382.58999999997,15099.85981191495
36,2011-10-21,328633.34,0,67.89,3.308,216.2468287,7.716,2011,10,21,42,4,Friday,42,October,2011-10,342076.99,332939.6425,14157.250634431417
36,2011-10-28,306193.81,0,71.31,3.306,216.4051315,7.716,2011,10,28,43,4,Friday,43,October,2011-10,328633.34,330760.5025,18005.309598918564
36,2011-11-04,313387.11,0,58.97,3.287,216.5634344,7.716,2011,11,4,44,4,Friday,44,November,2011-11,306193.81,322572.8125,16018.653572666795
36,2011-11-11,328498.92,0,63.5,3.254,216.7217373,7.716,2011,11,11,45,4,Friday,45,November,2011-11,313387.11,319178.295,11231.007683524502
36,2011-11-18,332901.94,0,66.28,3.26,216.9395861,7.716,2011,11,18,46,4,Friday,46,November,2011-11,328498.92,320245.44499999995,12553.776595194477
36,2011-11-25,332811.55,1,66.41,3.181,217.1812533,7.716,2011,11,25,47,4,Friday,47,November,2011-11,332901.94,326899.88,9239.849357124356
36,2011-12-02,293350.51,0,53.57,3.164,217.4229206,7.716,2011,12,2,48,4,Friday,48,December,2011-12,332811.55,321890.73,19137.427446943308
36,2011-12-09,312298.37,0,50.64,3.147,217.6645878,7.716,2011,12,9,49,4,Friday,49,December,2011-12,293350.51,317840.5925,18986.434877555217
36,2011-12-16,341503.92,0,58.31,3.133,217.8781339,7.716,2011,12,16,50,4,Friday,50,December,2011-12,312298.37,319991.0875,21572.08453036264
36,2011-12-23,325262.46,0,55.41,3.098,218.0541851,7.716,2011,12,23,51,4,Friday,51,December,2011-12,341503.92,318103.815,20373.51558861128
36,2011-12-30,287425.22,1,48.26,3.132,218.2302364,7.716,2011,12,30,52,4,Friday,52,December,2011-12,325262.46,316622.4925,22839.390167523725
36,2012-01-06,329467.82,0,57.18,3.129,218.4062876,7.244,2012,1,6,1,1,Friday,1,January,2012-01,287425.22,320914.855,23363.219880364384
36,2012-01-13,325976.34,0,56.28,3.254,218.5823389,7.244,2012,1,13,2,1,Friday,2,January,2012-01,329467.82,317032.96,19823.830164742507
36,2012-01-20,330927.21,0,58.9,3.275,218.6755292,7.244,2012,1,20,3,1,Friday,3,January,2012-01,325976.34,318449.1475,20786.661523466904
36,2012-01-27,301444.94,0,62.73,3.313,218.7687195,7.244,2012,1,27,4,1,Friday,4,January,2012-01,330927.21,321954.0775,13829.63906291764
36,2012-02-03,310982.87,0,61.33,3.421,218.8619099,7.244,2012,2,3,5,1,Friday,5,February,2012-02,301444.94,317332.84,13567.909116218087
36,2012-02-10,335741.9,1,54.49,3.462,218.9551002,7.244,2012,2,10,6,1,Friday,6,February,2012-02,310982.87,319774.23,16254.295131472789
36,2012-02-17,326316.73,0,54.38,3.503,219.1148297,7.244,2012,2,17,7,1,Friday,7,February,2012-02,335741.9,318621.61,15337.400285740083
36,2012-02-24,313270.45,0,62.21,3.55,219.3244636,7.244,2012,2,24,8,1,Friday,8,February,2012-02,326316.73,321577.98750000005,11609.533323117577
36,2012-03-02,315396.72,0,64.54,3.619,219.5340975,7.244,2012,3,2,9,1,Friday,9,March,2012-03,313270.45,322681.44999999995,10415.130452917307
36,2012-03-09,318674.93,0,63.19,3.647,219.7437314,7.244,2012,3,9,10,1,Friday,10,March,2012-03,315396.72,318414.7075,5717.846596885136
36,2012-03-16,335345.82,0,67.48,3.779,219.8956335,7.244,2012,3,16,11,1,Friday,11,March,2012-03,318674.93,320671.98,10031.962311476567
36,2012-03-23,317872.51,0,69.18,3.845,219.9705599,7.244,2012,3,23,12,1,Friday,12,March,2012-03,335345.82,321822.495,9122.873274280775
36,2012-03-30,304144.9,0,70.48,3.891,220.0454862,7.244,2012,3,30,13,1,Friday,13,March,2012-03,317872.51,319009.54000000004,12770.230585768051
36,2012-04-06,331026.11,0,73.95,3.934,220.1204125,6.989,2012,4,6,14,2,Friday,14,April,2012-04,304144.9,322097.335,14087.63579059971
36,2012-04-13,339407.94,0,72.54,3.919,220.1953389,6.989,2012,4,13,15,2,Friday,15,April,2012-04,331026.11,323112.865,15442.300481177856
36,2012-04-20,323915.32,0,70.87,3.918,220.2483937,6.989,2012,4,20,16,2,Friday,16,April,2012-04,339407.94,324623.5675,15049.337280867583
36,2012-04-27,308389.82,0,70.06,3.888,220.3014485,6.989,2012,4,27,17,2,Friday,17,April,2012-04,323915.32,325684.7975,13154.233243162105
36,2012-05-04,312467.52,0,77.17,3.835,220.3545033,6.989,2012,5,4,18,2,Friday,18,May,2012-05,308389.82,321045.15,13894.399905943617
36,2012-05-11,330518.34,0,76.55,3.764,220.4075581,6.989,2012,5,11,19,2,Friday,19,May,2012-05,312467.52,318822.75,10197.321076159486
36,2012-05-18,324801.13,0,73.7,3.713,220.4252149,6.989,2012,5,18,20,2,Friday,20,May,2012-05,330518.34,319044.2025,10353.206665430349
36,2012-05-25,306098.17,0,78.94,3.636,220.4287124,6.989,2012,5,25,21,2,Friday,21,May,2012-05,324801.13,318471.29,11170.461656760346
36,2012-06-01,306005.53,0,80.74,3.567,220.4322099,6.989,2012,6,1,22,2,Friday,22,June,2012-06,306098.17,316855.7925,12691.837670331453
36,2012-06-08,338273.38,0,81.5,3.513,220.4357073,6.989,2012,6,8,23,2,Friday,23,June,2012-06,306005.53,318794.5525,15708.393925224958
36,2012-06-15,333146.88,0,82.15,3.407,220.4494148,6.989,2012,6,15,24,2,Friday,24,June,2012-06,338273.38,320880.99,17250.684670163657
36,2012-06-22,306411.01,0,80.4,3.358,220.4886472,6.989,2012,6,22,25,2,Friday,25,June,2012-06,333146.88,320959.2,17161.803048241152
36,2012-06-29,291530.43,0,86.68,3.273,220.5278796,6.989,2012,6,29,26,2,Friday,26,June,2012-06,306411.01,317340.42500000005,22163.337435513924
36,2012-07-06,306578.89,0,81.52,3.232,220.567112,6.623,2012,7,6,27,3,Friday,27,July,2012-07,291530.43,309416.8025,17321.734278794876
36,2012-07-13,298337.41,0,78.15,3.245,220.6063444,6.623,2012,7,13,28,3,Friday,28,July,2012-07,306578.89,300714.435,7230.467824153505
36,2012-07-20,303289.55,0,81.76,3.301,220.6148749,6.623,2012,7,20,29,3,Friday,29,July,2012-07,298337.41,299934.07,6546.840644363178
36,2012-07-27,279643.43,0,84.0,3.392,220.6234054,6.623,2012,7,27,30,3,Friday,30,July,2012-07,303289.55,296962.32,12032.554195155424
36,2012-08-03,304989.97,0,85.56,3.404,220.6319358,6.623,2012,8,3,31,3,Friday,31,August,2012-08,279643.43,296565.08999999997,11628.709596569694
36,2012-08-10,298947.51,0,84.41,3.49,220.6404663,6.623,2012,8,10,32,3,Friday,32,August,2012-08,304989.97,296717.615,11663.653115777468
36,2012-08-17,314607.22,0,85.89,3.571,220.7199609,6.623,2012,8,17,33,3,Friday,33,August,2012-08,298947.51,299547.0325,14752.939095539894
36,2012-08-24,282545.55,0,81.26,3.574,220.8526787,6.623,2012,8,24,34,3,Friday,34,August,2012-08,314607.22,300272.5625,13462.776774825312
36,2012-08-31,282647.48,0,84.79,3.608,220.9853964,6.623,2012,8,31,35,3,Friday,35,August,2012-08,282545.55,294686.94,15355.042171081312
36,2012-09-07,293728.57,1,84.19,3.697,221.1181142,6.623,2012,9,7,36,3,Friday,36,September,2012-09,282647.48,293382.205,15091.815031976294
36,2012-09-14,301893.63,0,78.16,3.692,221.2601207,6.623,2012,9,14,37,3,Friday,37,September,2012-09,293728.57,290203.8075,9395.440276831718
36,2012-09-21,293804.45,0,75.98,3.709,221.4578604,6.623,2012,9,21,38,3,Friday,38,September,2012-09,301893.63,293018.5325,7904.595818478684
36,2012-09-28,270677.98,0,79.49,3.66,221.6556,6.623,2012,9,28,39,3,Friday,39,September,2012-09,293804.45,290026.1575,13455.757486983484
36,2012-10-05,277137.86,0,73.57,3.611,221.8533396,6.228,2012,10,5,40,4,Friday,40,October,2012-10,270677.98,285878.48,14454.061346185326
36,2012-10-12,300236.85,0,71.28,3.576,222.0510793,6.228,2012,10,12,41,4,Friday,41,October,2012-10,277137.86,285464.28500000003,13853.413511239338
36,2012-10-19,287360.05,0,74.06,3.57,222.0951719,6.228,2012,10,19,42,4,Friday,42,October,2012-10,300236.85,283853.185,12902.25041879862
36,2012-10-26,272489.41,0,74.39,3.494,222.1136566,6.228,2012,10,26,43,4,Friday,43,October,2012-10,287360.05,284306.0425,12303.56633129248
37,2010-02-26,513615.82,0,50.87,2.561,210.0771885,8.554,2010,2,26,8,1,Friday,8,February,2010-02,510382.5,522464.4375,12413.048971944472
37,2010-03-05,519255.68,0,51.33,2.625,210.1092746,8.554,2010,3,5,9,1,Friday,9,March,2010-03,513615.82,518276.675,8544.089065006694
37,2010-03-12,513015.35,0,61.96,2.667,210.1413607,8.554,2010,3,12,10,1,Friday,10,March,2010-03,519255.68,514067.3375,3733.0716151572683
37,2010-03-19,460020.74,0,59.56,2.72,209.9803208,8.554,2010,3,19,11,1,Friday,11,March,2010-03,513015.35,501476.89749999996,27780.013363345006
37,2010-03-26,515777.97,0,55.76,2.732,209.7870932,8.554,2010,3,26,12,1,Friday,12,March,2010-03,460020.74,502017.43499999994,28113.97007086516
37,2010-04-02,540189.7,0,63.43,2.719,209.5938656,8.464,2010,4,2,13,2,Friday,13,April,2010-04,515777.97,507250.93999999994,33771.74541756567
37,2010-04-09,513327.55,0,68.54,2.77,209.400638,8.464,2010,4,9,14,2,Friday,14,April,2010-04,540189.7,507328.98999999993,33789.86418479464
37,2010-04-16,524544.83,0,66.74,2.808,209.2691428,8.464,2010,4,16,15,2,Friday,15,April,2010-04,513327.55,523460.01249999995,12148.24879206432
37,2010-04-23,527019.78,0,68.03,2.795,209.2199574,8.464,2010,4,23,16,2,Friday,16,April,2010-04,524544.83,526270.4650000001,11027.291006179483
37,2010-04-30,517850.83,0,70.9,2.78,209.170772,8.464,2010,4,30,17,2,Friday,17,April,2010-04,527019.78,520685.7475,6250.128348913634
37,2010-05-07,543234.77,0,75.56,2.835,209.1215867,8.464,2010,5,7,18,2,Friday,18,May,2010-05,517850.83,528162.5525,10768.738805110455
37,2010-05-14,505196.08,0,77.53,2.854,209.118536,8.464,2010,5,14,19,2,Friday,19,May,2010-05,543234.77,523325.36500000005,16007.025725429708
37,2010-05-21,510494.7,0,77.34,2.826,209.3922937,8.464,2010,5,21,20,2,Friday,20,May,2010-05,505196.08,519194.09500000003,16846.189604992876
37,2010-05-28,532241.22,0,80.87,2.759,209.6660514,8.464,2010,5,28,21,2,Friday,21,May,2010-05,510494.7,522791.6925,17963.24572972528
37,2010-06-04,479195.02,0,79.93,2.705,209.9398091,8.464,2010,6,4,22,2,Friday,22,June,2010-06,532241.22,506781.755,21798.414558748063
37,2010-06-11,481915.11,0,82.3,2.668,210.2135668,8.464,2010,6,11,23,2,Friday,23,June,2010-06,479195.02,500961.51249999995,25204.81044787746
37,2010-06-18,505761.62,0,84.37,2.637,210.2108417,8.464,2010,6,18,24,2,Friday,24,June,2010-06,481915.11,499778.2425,24714.410544390892
37,2010-06-25,485419.39,0,84.14,2.653,210.0975233,8.464,2010,6,25,25,2,Friday,25,June,2010-06,505761.62,488072.78500000003,12064.646168096962
37,2010-07-02,498292.53,0,81.85,2.669,209.984205,8.36,2010,7,2,26,3,Friday,26,July,2010-07,485419.39,492847.1625,11122.302158334918
37,2010-07-09,502456.04,0,81.74,2.642,209.8708867,8.36,2010,7,9,27,3,Friday,27,July,2010-07,498292.53,497982.395,8915.438286757186
37,2010-07-16,485150.01,0,84.43,2.623,209.8630532,8.36,2010,7,16,28,3,Friday,28,July,2010-07,502456.04,492829.4925,8876.922627887492
37,2010-07-23,491998.12,0,82.6,2.608,209.9958663,8.36,2010,7,23,29,3,Friday,29,July,2010-07,485150.01,494474.17500000005,7557.797410501029
37,2010-07-30,487912.95,0,81.88,2.64,210.1286794,8.36,2010,7,30,30,3,Friday,30,July,2010-07,491998.12,491879.27999999997,7591.592354814355
37,2010-08-06,508576.62,0,85.49,2.627,210.2614925,8.36,2010,8,6,31,3,Friday,31,August,2010-08,487912.95,493409.42500000005,10495.471397050691
37,2010-08-13,491815.83,0,86.06,2.692,210.3943056,8.36,2010,8,13,32,3,Friday,32,August,2010-08,508576.62,495075.88,9195.616335200664
37,2010-08-20,486930.72,0,85.54,2.664,210.3617581,8.36,2010,8,20,33,3,Friday,33,August,2010-08,491815.83,493809.02999999997,10068.589250247987
37,2010-08-27,512157.25,0,84.62,2.619,210.3292106,8.36,2010,8,27,34,3,Friday,34,August,2010-08,486930.72,499870.105,12370.34580020744
37,2010-09-03,510427.53,0,82.29,2.577,210.2966631,8.36,2010,9,3,35,3,Friday,35,September,2010-09,512157.25,500332.83249999996,12830.636745416621
37,2010-09-10,510296.07,1,80.58,2.565,210.2641156,8.36,2010,9,10,36,3,Friday,36,September,2010-09,510427.53,504952.8925,12044.676142878894
37,2010-09-17,501251.4,0,82.1,2.582,210.2924504,8.36,2010,9,17,37,3,Friday,37,September,2010-09,510296.07,508533.0625,4927.9659885429255
37,2010-09-24,494265.48,0,79.17,2.624,210.3664469,8.36,2010,9,24,38,3,Friday,38,September,2010-09,501251.4,504060.12,7815.686433462538
37,2010-10-01,529877.93,0,74.66,2.603,210.4404433,8.476,2010,10,1,39,4,Friday,39,October,2010-10,494265.48,508922.72000000003,15434.709276245263
37,2010-10-08,524483.65,0,66.34,2.633,210.5144398,8.476,2010,10,8,40,4,Friday,40,October,2010-10,529877.93,512469.615,17364.958460502534
37,2010-10-15,498925.86,0,71.57,2.72,210.5805944,8.476,2010,10,15,41,4,Friday,41,October,2010-10,524483.65,511888.23000000004,17896.538442259687
37,2010-10-22,510425.4,0,72.24,2.725,210.6271444,8.476,2010,10,22,42,4,Friday,42,October,2010-10,498925.86,515928.20999999996,13989.889981585937
37,2010-10-29,514485.9,0,76.22,2.716,210.6736944,8.476,2010,10,29,43,4,Friday,43,October,2010-10,510425.4,512080.2025,10573.67782543217
37,2010-11-05,539683.42,0,62.72,2.689,210.7202444,8.476,2010,11,5,44,4,Friday,44,November,2010-11,514485.9,515880.145,17182.761154928277
37,2010-11-12,517546.69,0,61.97,2.728,210.7667944,8.476,2010,11,12,45,4,Friday,45,November,2010-11,539683.42,520535.35250000004,13094.370388650636
37,2010-11-19,518124.16,0,56.73,2.771,210.65429,8.476,2010,11,19,46,4,Friday,46,November,2010-11,517546.69,522460.04250000004,11592.707347882017
37,2010-11-26,518220.72,1,67.73,2.735,210.5152765,8.476,2010,11,26,47,4,Friday,47,November,2010-11,518124.16,523393.7475,10863.858699092047
37,2010-12-03,508213.14,0,54.44,2.708,210.376263,8.476,2010,12,3,48,4,Friday,48,December,2010-12,518220.72,515526.1775,4884.433115988922
37,2010-12-10,511207.52,0,51.83,2.843,210.2372494,8.476,2010,12,10,49,4,Friday,49,December,2010-12,508213.14,513941.385,5036.371821100698
37,2010-12-17,534285.21,0,56.73,2.869,210.1787224,8.476,2010,12,17,50,4,Friday,50,December,2010-12,511207.52,517981.64749999996,11650.11942736366
37,2010-12-24,576809.92,0,59.1,2.886,210.1805602,8.476,2010,12,24,51,4,Friday,51,December,2010-12,534285.21,532628.9475,31673.915390688726
37,2010-12-31,460331.7,1,52.88,2.943,210.182398,8.476,2010,12,31,52,4,Friday,52,December,2010-12,576809.92,520658.58749999997,48536.28544573742
37,2011-01-07,542464.02,0,54.11,2.976,210.1842358,8.395,2011,1,7,1,1,Friday,1,January,2011-01,460331.7,528472.7125,49021.16898568861
37,2011-01-14,525616.9,0,42.87,2.983,210.2379731,8.395,2011,1,14,2,1,Friday,2,January,2011-01,542464.02,526305.635,48869.93167055431
37,2011-01-21,526486.82,0,51.18,3.016,210.6031072,8.395,2011,1,21,3,1,Friday,3,January,2011-01,525616.9,513724.86,36428.2724025101
37,2011-01-28,513672.36,0,48.74,3.01,210.9682412,8.395,2011,1,28,4,1,Friday,4,January,2011-01,526486.82,527060.025,11816.990731568665
37,2011-02-04,583835.18,0,46.68,2.989,211.3333753,8.395,2011,2,4,5,1,Friday,5,February,2011-02,513672.36,537402.815,31502.199675723965
37,2011-02-11,522514.32,1,41.16,3.022,211.6985093,8.395,2011,2,11,6,1,Friday,6,February,2011-02,583835.18,536627.17,31924.487693833864
37,2011-02-18,536840.69,0,57.48,3.045,212.0063522,8.395,2011,2,18,7,1,Friday,7,February,2011-02,522514.32,539215.6375,31240.662499456936
37,2011-02-25,514758.19,0,67.73,3.065,212.2912786,8.395,2011,2,25,8,1,Friday,8,February,2011-02,536840.69,539487.0950000001,30948.07444893758
37,2011-03-04,527572.25,0,64.55,3.288,212.576205,8.395,2011,3,4,9,1,Friday,9,March,2011-03,514758.19,525421.3625,9258.896648656606
37,2011-03-11,505610.4,0,59.15,3.459,212.8611313,8.395,2011,3,11,10,1,Friday,10,March,2011-03,527572.25,521195.38249999995,13781.25795769398
37,2011-03-18,478503.06,0,64.9,3.488,213.1096787,8.395,2011,3,18,11,1,Friday,11,March,2011-03,505610.4,506610.975,20791.089420388205
37,2011-03-25,522105.93,0,71.07,3.473,213.3436744,8.395,2011,3,25,12,1,Friday,12,March,2011-03,478503.06,508447.91000000003,22038.05341735544
37,2011-04-01,534578.78,0,67.31,3.524,213.5776701,8.3,2011,4,1,13,2,Friday,13,April,2011-04,522105.93,510199.5425,24233.836648645574
37,2011-04-08,543703.16,0,69.39,3.622,213.8116658,8.3,2011,4,8,14,2,Friday,14,April,2011-04,534578.78,519722.73250000004,28870.42363005385
37,2011-04-15,543775.87,0,73.25,3.743,214.026217,8.3,2011,4,15,15,2,Friday,15,April,2011-04,543703.16,536040.935,10244.692495774634
37,2011-04-22,526434.37,0,74.57,3.807,214.1921572,8.3,2011,4,22,16,2,Friday,16,April,2011-04,543775.87,537123.0449999999,8332.247626736013
37,2011-04-29,502918.18,0,76.1,3.81,214.3580974,8.3,2011,4,29,17,2,Friday,17,April,2011-04,526434.37,529207.895,19332.012817498144
37,2011-05-06,547513.3,0,69.56,3.906,214.5240376,8.3,2011,5,6,18,2,Friday,18,May,2011-05,502918.18,530160.4299999999,20351.298171669856
37,2011-05-13,511871.63,0,76.73,3.899,214.6899778,8.3,2011,5,13,19,2,Friday,19,May,2011-05,547513.3,522184.37,19469.256777191367
37,2011-05-20,533564.42,0,73.02,3.907,214.465412,8.3,2011,5,20,20,2,Friday,20,May,2011-05,511871.63,523966.8825,20296.87589359926
37,2011-05-27,507086.75,0,81.28,3.786,214.2408462,8.3,2011,5,27,21,2,Friday,21,May,2011-05,533564.42,525009.025,18915.9215604504
37,2011-06-03,500381.23,0,82.96,3.699,214.0162805,8.3,2011,6,3,22,2,Friday,22,June,2011-06,507086.75,513226.0075,14354.606149345838
37,2011-06-10,509647.25,0,82.41,3.648,213.7917147,8.3,2011,6,10,23,2,Friday,23,June,2011-06,500381.23,512669.9125,14467.20836171365
37,2011-06-17,525132.36,0,84.43,3.637,213.7481256,8.3,2011,6,17,24,2,Friday,24,June,2011-06,509647.25,510561.89749999996,10469.918789966954
37,2011-06-24,509276.22,0,83.95,3.594,213.8402689,8.3,2011,6,24,25,2,Friday,25,June,2011-06,525132.36,511109.265,10283.246409776348
37,2011-07-01,517021.3,0,85.33,3.524,213.9324122,8.177,2011,7,1,26,3,Friday,26,July,2011-07,509276.22,515269.2825,7480.506013439427
37,2011-07-08,489059.93,0,84.71,3.48,214.0245556,8.177,2011,7,8,27,3,Friday,27,July,2011-07,517021.3,510122.4525,15462.183798910906
37,2011-07-15,498749.62,0,85.63,3.575,214.1083654,8.177,2011,7,15,28,3,Friday,28,July,2011-07,489059.93,503526.7675,12210.229822181991
37,2011-07-22,505543.53,0,83.31,3.651,214.1713416,8.177,2011,7,22,29,3,Friday,29,July,2011-07,498749.62,502593.59500000003,11758.64249823837
37,2011-07-29,504974.95,0,84.99,3.682,214.2343177,8.177,2011,7,29,30,3,Friday,30,July,2011-07,505543.53,499582.0075,7660.081879294923
37,2011-08-05,510787.46,0,86.71,3.684,214.2972939,8.177,2011,8,5,31,3,Friday,31,August,2011-08,504974.95,505013.89,4928.056548344108
37,2011-08-12,502504.39,0,87.64,3.638,214.3602701,8.177,2011,8,12,32,3,Friday,32,August,2011-08,510787.46,505952.5825,3482.7748137515487
37,2011-08-19,506897.98,0,87.24,3.554,214.4239935,8.177,2011,8,19,33,3,Friday,33,August,2011-08,502504.39,506291.195,3495.5676694223007
37,2011-08-26,527947.21,0,86.02,3.523,214.4878416,8.177,2011,8,26,34,3,Friday,34,August,2011-08,506897.98,512034.26,11135.173736076586
37,2011-09-02,530367.83,0,87.5,3.533,214.5516896,8.177,2011,9,2,35,3,Friday,35,September,2011-09,527947.21,516929.35250000004,14267.607119725246
37,2011-09-09,506273.74,1,77.94,3.546,214.6155376,8.177,2011,9,9,36,3,Friday,36,September,2011-09,530367.83,517871.68999999994,13071.653472771135
37,2011-09-16,513341.94,0,82.06,3.526,214.7934111,8.177,2011,9,16,37,3,Friday,37,September,2011-09,506273.74,519482.68,11580.436697503095
37,2011-09-23,516556.94,0,78.35,3.467,215.1233185,8.177,2011,9,23,38,3,Friday,38,September,2011-09,513341.94,516635.1125,10112.643341762883
37,2011-09-30,516402.1,0,81.52,3.355,215.4532259,8.177,2011,9,30,39,3,Friday,39,September,2011-09,516556.94,513143.68000000005,4813.281186994582
37,2011-10-07,522816.85,0,71.2,3.285,215.7831333,7.716,2011,10,7,40,4,Friday,40,October,2011-10,516402.1,517279.45749999996,3977.3754949088734
37,2011-10-14,513636.01,0,74.16,3.274,216.0885258,7.716,2011,10,14,41,4,Friday,41,October,2011-10,522816.85,517352.975,3881.906482375634
37,2011-10-21,522784.33,0,67.89,3.353,216.2468287,7.716,2011,10,21,42,4,Friday,42,October,2011-10,513636.01,518909.8225,4632.437899404093
37,2011-10-28,517355.44,0,71.31,3.372,216.4051315,7.716,2011,10,28,43,4,Friday,43,October,2011-10,522784.33,519148.1575,4482.509014897286
37,2011-11-04,555925.6,0,58.97,3.332,216.5634344,7.716,2011,11,4,44,4,Friday,44,November,2011-11,517355.44,527425.345,19367.94862435129
37,2011-11-11,501268.78,0,63.5,3.297,216.7217373,7.716,2011,11,11,45,4,Friday,45,November,2011-11,555925.6,524333.5375,22957.463130285876
37,2011-11-18,527495.09,0,66.28,3.308,216.9395861,7.716,2011,11,18,46,4,Friday,46,November,2011-11,501268.78,525511.2275,22972.323170307256
37,2011-11-25,522554.04,1,66.41,3.236,217.1812533,7.716,2011,11,25,47,4,Friday,47,November,2011-11,527495.09,526810.8775,22499.293494078935
37,2011-12-02,527117.81,0,53.57,3.172,217.4229206,7.716,2011,12,2,48,4,Friday,48,December,2011-12,522554.04,519608.93,12431.27203647629
37,2011-12-09,537224.52,0,50.64,3.158,217.6645878,7.716,2011,12,9,49,4,Friday,49,December,2011-12,527117.81,528597.865,6173.968810614935
37,2011-12-16,533905.67,0,58.31,3.159,217.8781339,7.716,2011,12,16,50,4,Friday,50,December,2011-12,537224.52,530200.51,6608.99563364556
37,2011-12-23,605791.46,0,55.41,3.112,218.0541851,7.716,2011,12,23,51,4,Friday,51,December,2011-12,533905.67,551009.865,36762.49296150508
37,2011-12-30,451327.61,1,48.26,3.129,218.2302364,7.716,2011,12,30,52,4,Friday,52,December,2011-12,605791.46,532062.315,63203.70699040294
37,2012-01-06,558343.57,0,57.18,3.157,218.4062876,7.244,2012,1,6,1,1,Friday,1,January,2012-01,451327.61,537342.0775,64644.35568986541
37,2012-01-13,546221.4,0,56.28,3.261,218.5823389,7.244,2012,1,13,2,1,Friday,2,January,2012-01,558343.57,540421.01,64719.37457945709
37,2012-01-20,543894.07,0,58.9,3.268,218.6755292,7.244,2012,1,20,3,1,Friday,3,January,2012-01,546221.4,524946.6625,49486.4864659242
37,2012-01-27,514116.58,0,62.73,3.29,218.7687195,7.244,2012,1,27,4,1,Friday,4,January,2012-01,543894.07,540643.905,18785.181533770494
37,2012-02-03,555424.24,0,61.33,3.36,218.8619099,7.244,2012,2,3,5,1,Friday,5,February,2012-02,514116.58,539914.0725,17904.363299280914
37,2012-02-10,527041.46,1,54.49,3.409,218.9551002,7.244,2012,2,10,6,1,Friday,6,February,2012-02,555424.24,535119.0874999999,18217.692163022024
37,2012-02-17,541071.29,0,54.38,3.51,219.1148297,7.244,2012,2,17,7,1,Friday,7,February,2012-02,527041.46,534413.3925000001,17814.687743858078
37,2012-02-24,518696.89,0,62.21,3.555,219.3244636,7.244,2012,2,24,8,1,Friday,8,February,2012-02,541071.29,535558.47,16144.063320426587
37,2012-03-02,525559.17,0,64.54,3.63,219.5340975,7.244,2012,3,2,9,1,Friday,9,March,2012-03,518696.89,528092.2025,9385.25302007868
37,2012-03-09,535937.25,0,63.19,3.669,219.7437314,7.244,2012,3,9,10,1,Friday,10,March,2012-03,525559.17,530316.15,10081.432823060062
37,2012-03-16,484588.34,0,67.48,3.734,219.8956335,7.244,2012,3,16,11,1,Friday,11,March,2012-03,535937.25,516195.41250000003,22231.243210839224
37,2012-03-23,520887.23,0,69.18,3.787,219.9705599,7.244,2012,3,23,12,1,Friday,12,March,2012-03,484588.34,516742.99750000006,22340.105106734663
37,2012-03-30,533734.94,0,70.48,3.845,220.0454862,7.244,2012,3,30,13,1,Friday,13,March,2012-03,520887.23,518786.94,23745.394621134325
37,2012-04-06,564848.78,0,73.95,3.891,220.1204125,6.989,2012,4,6,14,2,Friday,14,April,2012-04,533734.94,526014.8225,33217.074557595035
37,2012-04-13,506973.17,0,72.54,3.891,220.1953389,6.989,2012,4,13,15,2,Friday,15,April,2012-04,564848.78,531611.03,24706.8347532299
37,2012-04-20,523483.19,0,70.87,3.877,220.2483937,6.989,2012,4,20,16,2,Friday,16,April,2012-04,506973.17,532260.02,24362.951347728977
37,2012-04-27,528807.45,0,70.06,3.814,220.3014485,6.989,2012,4,27,17,2,Friday,17,April,2012-04,523483.19,531028.1475,24388.077731334895
37,2012-05-04,535311.64,0,77.17,3.749,220.3545033,6.989,2012,5,4,18,2,Friday,18,May,2012-05,528807.45,523643.8625,12120.74628810007
37,2012-05-11,527983.04,0,76.55,3.688,220.4075581,6.989,2012,5,11,19,2,Friday,19,May,2012-05,535311.64,528896.3300000001,4875.116591228598
37,2012-05-18,534847.96,0,73.7,3.63,220.4252149,6.989,2012,5,18,20,2,Friday,20,May,2012-05,527983.04,531737.5225,3878.599448396311
37,2012-05-25,540625.79,0,78.94,3.561,220.4287124,6.989,2012,5,25,21,2,Friday,21,May,2012-05,534847.96,534692.1074999999,5184.2159564943
37,2012-06-01,531811.85,0,80.74,3.501,220.4322099,6.989,2012,6,1,22,2,Friday,22,June,2012-06,540625.79,533817.16,5337.858980509958
37,2012-06-08,528940.78,0,81.5,3.452,220.4357073,6.989,2012,6,8,23,2,Friday,23,June,2012-06,531811.85,534056.595,4999.700815733338
37,2012-06-15,508573.16,0,82.15,3.393,220.4494148,6.989,2012,6,15,24,2,Friday,24,June,2012-06,528940.78,527487.895,13554.568071521331
37,2012-06-22,484032.75,0,80.4,3.346,220.4886472,6.989,2012,6,22,25,2,Friday,25,June,2012-06,508573.16,513339.635,22107.549575096717
37,2012-06-29,508309.81,0,86.68,3.286,220.5278796,6.989,2012,6,29,26,2,Friday,26,June,2012-06,484032.75,507464.125,18368.643445920392
37,2012-07-06,519498.32,0,81.52,3.227,220.567112,6.623,2012,7,6,27,3,Friday,27,July,2012-07,508309.81,505103.51,14983.394283073896
37,2012-07-13,506005.47,0,78.15,3.256,220.6063444,6.623,2012,7,13,28,3,Friday,28,July,2012-07,519498.32,504461.58749999997,14839.509374877458
37,2012-07-20,503744.56,0,81.76,3.311,220.6148749,6.623,2012,7,20,29,3,Friday,29,July,2012-07,506005.47,509389.54,6992.161776507704
37,2012-07-27,514489.17,0,84.0,3.407,220.6234054,6.623,2012,7,27,30,3,Friday,30,July,2012-07,503744.56,510934.38,7347.681395927326
37,2012-08-03,521959.28,0,85.56,3.417,220.6319358,6.623,2012,8,3,31,3,Friday,31,August,2012-08,514489.17,511549.62,8339.83485736122
37,2012-08-10,500964.59,0,84.41,3.494,220.6404663,6.623,2012,8,10,32,3,Friday,32,August,2012-08,521959.28,510289.4,9723.017011692209
37,2012-08-17,509633.71,0,85.89,3.571,220.7199609,6.623,2012,8,17,33,3,Friday,33,August,2012-08,500964.59,511761.6875,8804.083451233417
37,2012-08-24,522665.04,0,81.26,3.62,220.8526787,6.623,2012,8,24,34,3,Friday,34,August,2012-08,509633.71,513805.655,10444.589965401166
37,2012-08-31,538344.1,0,84.79,3.638,220.9853964,6.623,2012,8,31,35,3,Friday,35,August,2012-08,522665.04,517901.86,16287.07544246241
37,2012-09-07,526838.14,1,84.19,3.73,221.1181142,6.623,2012,9,7,36,3,Friday,36,September,2012-09,538344.1,524370.2475,11852.317877251993
37,2012-09-14,514651.74,0,78.16,3.717,221.2601207,6.623,2012,9,14,37,3,Friday,37,September,2012-09,526838.14,525624.755,9872.875492288811
37,2012-09-21,521320.98,0,75.98,3.721,221.4578604,6.623,2012,9,21,38,3,Friday,38,September,2012-09,514651.74,525288.74,10028.824349630251
37,2012-09-28,527953.14,0,79.49,3.666,221.6556,6.623,2012,9,28,39,3,Friday,39,September,2012-09,521320.98,522691.0,6093.590723243591
37,2012-10-05,546122.37,0,73.57,3.617,221.8533396,6.228,2012,10,5,40,4,Friday,40,October,2012-10,527953.14,527512.0575,13543.20853086267
37,2012-10-12,521810.75,0,71.28,3.601,222.0510793,6.228,2012,10,12,41,4,Friday,41,October,2012-10,546122.37,529301.81,11612.63359298866
37,2012-10-19,551969.1,0,74.06,3.594,222.0951719,6.228,2012,10,19,42,4,Friday,42,October,2012-10,521810.75,536963.84,14374.112731651187
37,2012-10-26,534738.43,0,74.39,3.506,222.1136566,6.228,2012,10,26,43,4,Friday,43,October,2012-10,551969.1,538660.1625,13317.845741069015
38,2010-02-26,334222.73,0,50.23,2.825,126.5522857,13.975,2010,2,26,8,1,Friday,8,February,2010-02,327237.92,340542.9225,13442.240043049318
38,2010-03-05,372239.89,0,53.77,2.987,126.5782857,13.975,2010,3,5,9,1,Friday,9,March,2010-03,334222.73,343978.86,19809.412882120803
38,2010-03-12,342023.92,0,50.11,2.925,126.6042857,13.975,2010,3,12,10,1,Friday,10,March,2010-03,372239.89,343931.115,19815.31085957608
38,2010-03-19,333025.47,0,59.57,3.054,126.6066452,13.975,2010,3,19,11,1,Friday,11,March,2010-03,342023.92,345378.0025,18346.989155283543
38,2010-03-26,335858.11,0,60.06,3.083,126.6050645,13.975,2010,3,26,12,1,Friday,12,March,2010-03,333025.47,345786.84750000003,18031.044200844975
38,2010-04-02,368929.55,0,59.84,3.086,126.6034839,14.099,2010,4,2,13,2,Friday,13,April,2010-04,335858.11,344959.26249999995,16415.818577277554
38,2010-04-09,341630.46,0,59.25,3.09,126.6019032,14.099,2010,4,9,14,2,Friday,14,April,2010-04,368929.55,344860.89749999996,16440.430717036907
38,2010-04-16,337723.49,0,64.95,3.109,126.5621,14.099,2010,4,16,15,2,Friday,15,April,2010-04,341630.46,346035.40249999997,15451.113015122588
38,2010-04-23,335121.82,0,64.55,3.05,126.4713333,14.099,2010,4,23,16,2,Friday,16,April,2010-04,337723.49,345851.33,15616.275162267902
38,2010-04-30,337979.65,0,67.38,3.105,126.3805667,14.099,2010,4,30,17,2,Friday,17,April,2010-04,335121.82,338113.855,2676.3893577289746
38,2010-05-07,383657.44,0,70.15,3.127,126.2898,14.099,2010,5,7,18,2,Friday,18,May,2010-05,337979.65,348620.6,23393.546417253598
38,2010-05-14,346174.3,0,68.44,3.145,126.2085484,14.099,2010,5,14,19,2,Friday,19,May,2010-05,383657.44,350733.3025,22443.687842037543
38,2010-05-21,340497.08,0,76.2,3.12,126.1843871,14.099,2010,5,21,20,2,Friday,20,May,2010-05,346174.3,352077.1175,21330.69683232181
38,2010-05-28,326469.43,0,67.84,3.058,126.1602258,14.099,2010,5,28,21,2,Friday,21,May,2010-05,340497.08,349199.5625,24419.184125937216
38,2010-06-04,376184.88,0,81.39,2.941,126.1360645,14.099,2010,6,4,22,2,Friday,22,June,2010-06,326469.43,347331.4225,20942.714808588953
38,2010-06-11,354828.65,0,90.84,2.949,126.1119032,14.099,2010,6,11,23,2,Friday,23,June,2010-06,376184.88,349495.01,21228.41613567216
38,2010-06-18,335691.85,0,81.06,3.043,126.114,14.099,2010,6,18,24,2,Friday,24,June,2010-06,354828.65,348293.70249999996,22028.230960521807
38,2010-06-25,322046.76,0,87.27,3.084,126.1266,14.099,2010,6,25,25,2,Friday,25,June,2010-06,335691.85,347188.035,23547.413132600497
38,2010-07-02,361181.48,0,91.98,3.105,126.1392,14.18,2010,7,2,26,3,Friday,26,July,2010-07,322046.76,343437.185,17908.712738367496
38,2010-07-09,343850.34,0,90.37,3.1,126.1518,14.18,2010,7,9,27,3,Friday,27,July,2010-07,361181.48,340692.6075,16354.819630411444
38,2010-07-16,338277.71,0,97.18,3.094,126.1498065,14.18,2010,7,16,28,3,Friday,28,July,2010-07,343850.34,341339.0725,16140.971282285278
38,2010-07-23,328336.85,0,99.22,3.112,126.1283548,14.18,2010,7,23,29,3,Friday,29,July,2010-07,338277.71,342911.59500000003,13766.699218240368
38,2010-07-30,336378.38,0,96.31,3.017,126.1069032,14.18,2010,7,30,30,3,Friday,30,July,2010-07,328336.85,336710.82,6420.326575728202
38,2010-08-06,378574.44,0,92.95,3.123,126.0854516,14.18,2010,8,6,31,3,Friday,31,August,2010-08,336378.38,345391.845,22537.457217474635
38,2010-08-13,341400.72,0,87.01,3.159,126.064,14.18,2010,8,13,32,3,Friday,32,August,2010-08,378574.44,346172.59750000003,22261.257808061022
38,2010-08-20,329139.73,0,92.81,3.041,126.0766452,14.18,2010,8,20,33,3,Friday,33,August,2010-08,341400.72,346373.3175,22049.44693112939
38,2010-08-27,322868.56,0,93.19,3.129,126.0892903,14.18,2010,8,27,34,3,Friday,34,August,2010-08,329139.73,342995.8625,24936.45504278744
38,2010-09-03,377096.55,0,83.12,3.087,126.1019355,14.18,2010,9,3,35,3,Friday,35,September,2010-09,322868.56,342626.39,24234.658663705875
38,2010-09-10,336227.69,1,83.63,3.044,126.1145806,14.18,2010,9,10,36,3,Friday,36,September,2010-09,377096.55,341333.1325,24458.85713148292
38,2010-09-17,336253.19,0,82.45,3.028,126.1454667,14.18,2010,9,17,37,3,Friday,37,September,2010-09,336227.69,343111.4975,23517.252528858306
38,2010-09-24,330604.9,0,81.77,2.939,126.1900333,14.18,2010,9,24,38,3,Friday,38,September,2010-09,336253.19,345045.5825,21531.830877157005
38,2010-10-01,360256.58,0,85.2,3.001,126.2346,14.313,2010,10,1,39,4,Friday,39,October,2010-10,330604.9,340835.59,13217.072326177287
38,2010-10-08,351271.36,0,71.82,3.013,126.2791667,14.313,2010,10,8,40,4,Friday,40,October,2010-10,360256.58,344596.5075,13603.523488933264
38,2010-10-15,337743.26,0,75.0,2.976,126.3266774,14.313,2010,10,15,41,4,Friday,41,October,2010-10,351271.36,344969.025,13316.262378273936
38,2010-10-22,339042.18,0,68.85,3.014,126.3815484,14.313,2010,10,22,42,4,Friday,42,October,2010-10,337743.26,347078.34500000003,10692.224782053889
38,2010-10-29,341219.63,0,61.09,3.016,126.4364194,14.313,2010,10,29,43,4,Friday,43,October,2010-10,339042.18,342319.10750000004,6138.086286465229
38,2010-11-05,380870.09,0,65.49,3.129,126.4912903,14.313,2010,11,5,44,4,Friday,44,November,2010-11,341219.63,349718.79,20817.0005225585
38,2010-11-12,340147.2,0,57.79,3.13,126.5461613,14.313,2010,11,12,45,4,Friday,45,November,2010-11,380870.09,350319.775,20386.268391042882
38,2010-11-19,348593.99,0,58.18,3.161,126.6072,14.313,2010,11,19,46,4,Friday,46,November,2010-11,340147.2,352707.72750000004,19146.668405130582
38,2010-11-26,360857.98,1,47.66,3.162,126.6692667,14.313,2010,11,26,47,4,Friday,47,November,2010-11,348593.99,357617.31500000006,17680.674638445413
38,2010-12-03,351925.36,0,43.33,3.041,126.7313333,14.313,2010,12,3,48,4,Friday,48,December,2010-12,360857.98,350381.1325,8564.971781231534
38,2010-12-10,355965.23,0,50.01,3.203,126.7934,14.313,2010,12,10,49,4,Friday,49,December,2010-12,351925.36,354335.64,5290.63565949627
38,2010-12-17,334441.15,0,52.77,3.236,126.8794839,14.313,2010,12,17,50,4,Friday,50,December,2010-12,355965.23,350797.42999999993,11499.578900490244
38,2010-12-24,369106.72,0,52.02,3.236,126.9835806,14.313,2010,12,24,51,4,Friday,51,December,2010-12,334441.15,352859.615,14302.982798126408
38,2010-12-31,303908.81,1,45.64,3.148,127.0876774,14.313,2010,12,31,52,4,Friday,52,December,2010-12,369106.72,340855.47750000004,28475.93814689798
38,2011-01-07,386344.54,0,37.64,3.287,127.1917742,14.021,2011,1,7,1,1,Friday,1,January,2011-01,303908.81,348450.305,36709.95200004353
38,2011-01-14,356138.79,0,43.15,3.312,127.3009355,14.021,2011,1,14,2,1,Friday,2,January,2011-01,386344.54,353874.71499999997,35534.12073826741
38,2011-01-21,341098.08,0,53.53,3.223,127.4404839,14.021,2011,1,21,3,1,Friday,3,January,2011-01,356138.79,346872.555,34269.1730124228
38,2011-01-28,357557.16,0,50.74,3.342,127.5800323,14.021,2011,1,28,4,1,Friday,4,January,2011-01,341098.08,360284.64249999996,18902.113568033164
38,2011-02-04,402341.76,0,45.14,3.348,127.7195806,14.021,2011,2,4,5,1,Friday,5,February,2011-02,357557.16,364283.94749999995,26442.23140346182
38,2011-02-11,377672.46,1,51.3,3.381,127.859129,14.021,2011,2,11,6,1,Friday,6,February,2011-02,402341.76,369667.365,26423.214194645127
38,2011-02-18,364606.7,0,53.35,3.43,127.99525,14.021,2011,2,18,7,1,Friday,7,February,2011-02,377672.46,375544.52,19712.95028133522
38,2011-02-25,354232.34,0,48.45,3.53,128.13,14.021,2011,2,25,8,1,Friday,8,February,2011-02,364606.7,374713.31500000006,20766.170534131412
38,2011-03-04,405429.43,0,51.72,3.674,128.26475,14.021,2011,3,4,9,1,Friday,9,March,2011-03,354232.34,375485.23250000004,22146.9850244968
38,2011-03-11,357897.18,0,57.75,3.818,128.3995,14.021,2011,3,11,10,1,Friday,10,March,2011-03,405429.43,370541.41250000003,23652.04035499025
38,2011-03-18,349459.95,0,64.21,3.692,128.5121935,14.021,2011,3,18,11,1,Friday,11,March,2011-03,357897.18,366754.725,26013.51109617777
38,2011-03-25,351541.62,0,54.4,3.909,128.6160645,14.021,2011,3,25,12,1,Friday,12,March,2011-03,349459.95,366082.04500000004,26475.943311970925
38,2011-04-01,382098.13,0,63.63,3.772,128.7199355,13.736,2011,4,1,13,2,Friday,13,April,2011-04,351541.62,360249.22,15001.528869225303
38,2011-04-08,392152.3,0,64.47,4.003,128.8238065,13.736,2011,4,8,14,2,Friday,14,April,2011-04,382098.13,368813.0,21556.58225085619
38,2011-04-15,362758.94,0,57.63,3.868,128.9107333,13.736,2011,4,15,15,2,Friday,15,April,2011-04,392152.3,372137.7475,18366.219257465174
38,2011-04-22,362952.34,0,72.12,4.134,128.9553,13.736,2011,4,22,16,2,Friday,16,April,2011-04,362758.94,374990.4275,14601.074614048648
38,2011-04-29,344225.99,0,68.27,4.151,128.9998667,13.736,2011,4,29,17,2,Friday,17,April,2011-04,362952.34,365522.3925,19806.821825430638
38,2011-05-06,422186.65,0,68.4,4.193,129.0444333,13.736,2011,5,6,18,2,Friday,18,May,2011-05,344225.99,373030.98,33926.88772473429
38,2011-05-13,366977.79,0,70.93,4.202,129.089,13.736,2011,5,13,19,2,Friday,19,May,2011-05,422186.65,374085.6925,33564.75215482283
38,2011-05-20,365730.76,0,66.59,4.169,129.0756774,13.736,2011,5,20,20,2,Friday,20,May,2011-05,366977.79,374780.2975,33285.137906730735
38,2011-05-27,356886.1,0,76.67,4.087,129.0623548,13.736,2011,5,27,21,2,Friday,21,May,2011-05,365730.76,377945.325,29834.366187735406
38,2011-06-03,396826.06,0,71.81,4.031,129.0490323,13.736,2011,6,3,22,2,Friday,22,June,2011-06,356886.1,371605.1775,17403.693598096273
38,2011-06-10,381763.02,0,78.72,3.981,129.0357097,13.736,2011,6,10,23,2,Friday,23,June,2011-06,396826.06,375301.485,17661.48299936589
38,2011-06-17,356797.0,0,86.84,3.935,129.0432,13.736,2011,6,17,24,2,Friday,24,June,2011-06,381763.02,373068.04500000004,19720.109164385773
38,2011-06-24,354078.95,0,88.95,3.898,129.0663,13.736,2011,6,24,25,2,Friday,25,June,2011-06,356797.0,372366.2575,20521.602264615783
38,2011-07-01,387334.04,0,89.85,3.842,129.0894,13.503,2011,7,1,26,3,Friday,26,July,2011-07,354078.95,369993.25250000006,16996.435334401296
38,2011-07-08,399699.17,0,89.9,3.705,129.1125,13.503,2011,7,8,27,3,Friday,27,July,2011-07,387334.04,374477.29000000004,22584.09603044119
38,2011-07-15,367181.71,0,88.1,3.692,129.1338387,13.503,2011,7,15,28,3,Friday,28,July,2011-07,399699.17,377073.4675,20361.699856534877
38,2011-07-22,365562.67,0,91.17,3.794,129.1507742,13.503,2011,7,22,29,3,Friday,29,July,2011-07,367181.71,379944.39749999996,16478.047324763458
38,2011-07-29,355131.33,0,93.29,3.805,129.1677097,13.503,2011,7,29,30,3,Friday,30,July,2011-07,365562.67,371893.72,19290.809561007496
38,2011-08-05,437631.44,0,90.61,3.803,129.1846452,13.503,2011,8,5,31,3,Friday,31,August,2011-08,355131.33,381376.7875,37881.3784719917
38,2011-08-12,387844.05,0,91.04,3.701,129.2015806,13.503,2011,8,12,32,3,Friday,32,August,2011-08,437631.44,386542.3725,36690.546876358676
38,2011-08-19,362224.7,0,91.74,3.743,129.2405806,13.503,2011,8,19,33,3,Friday,33,August,2011-08,387844.05,385707.88,37358.64227617373
38,2011-08-26,365672.55,0,94.61,3.74,129.2832581,13.503,2011,8,26,34,3,Friday,34,August,2011-08,362224.7,388343.185,34764.513356254734
38,2011-09-02,416953.51,0,93.66,3.798,129.3259355,13.503,2011,9,2,35,3,Friday,35,September,2011-09,365672.55,383173.7025,25219.295424211898
38,2011-09-09,397771.68,1,88.0,3.913,129.3686129,13.503,2011,9,9,36,3,Friday,36,September,2011-09,416953.51,385655.61,26297.57864041571
38,2011-09-16,408188.88,0,76.36,3.918,129.4306,13.503,2011,9,16,37,3,Friday,37,September,2011-09,397771.68,397146.655,22399.793003085444
38,2011-09-23,394665.28,0,82.95,3.789,129.5183333,13.503,2011,9,23,38,3,Friday,38,September,2011-09,408188.88,404394.8375,10175.878633146602
38,2011-09-30,366819.84,0,83.26,3.877,129.6060667,13.503,2011,9,30,39,3,Friday,39,September,2011-09,394665.28,391861.42000000004,17667.856718865944
38,2011-10-07,449516.29,0,70.44,3.827,129.6938,12.89,2011,10,7,40,4,Friday,40,October,2011-10,366819.84,404797.5725,34429.81352719078
38,2011-10-14,400430.78,0,67.31,3.805,129.7706452,12.89,2011,10,14,41,4,Friday,41,October,2011-10,449516.29,402858.0475,34393.58980889409
38,2011-10-21,402709.17,0,73.05,3.842,129.7821613,12.89,2011,10,21,42,4,Friday,42,October,2011-10,400430.78,404869.02,33987.65336336767
38,2011-10-28,378539.17,0,67.41,3.727,129.7936774,12.89,2011,10,28,43,4,Friday,43,October,2011-10,402709.17,407798.85250000004,29870.090792648472
38,2011-11-04,436970.1,0,59.77,3.828,129.8051935,12.89,2011,11,4,44,4,Friday,44,November,2011-11,378539.17,404662.305,24138.022151397145
38,2011-11-11,411116.95,0,48.76,3.824,129.8167097,12.89,2011,11,11,45,4,Friday,45,November,2011-11,436970.1,407333.84750000003,24104.912508153397
38,2011-11-18,392003.13,0,54.2,3.813,129.8268333,12.89,2011,11,18,46,4,Friday,46,November,2011-11,411116.95,404657.3375,25351.718252369617
38,2011-11-25,393715.71,1,53.25,3.622,129.8364,12.89,2011,11,25,47,4,Friday,47,November,2011-11,392003.13,408451.4725,20881.471469865228
38,2011-12-02,411252.02,0,52.5,3.701,129.8459667,12.89,2011,12,2,48,4,Friday,48,December,2011-12,393715.71,402021.9525,10603.200685560256
38,2011-12-09,435401.64,0,42.17,3.644,129.8555333,12.89,2011,12,9,49,4,Friday,49,December,2011-12,411252.02,408093.125,20176.980367970624
38,2011-12-16,404283.84,0,43.29,3.6,129.8980645,12.89,2011,12,16,50,4,Friday,50,December,2011-12,435401.64,411163.3025,17694.16442308582
38,2011-12-23,419717.41,0,45.4,3.541,129.9845484,12.89,2011,12,23,51,4,Friday,51,December,2011-12,404283.84,417663.72750000004,13403.76233558552
38,2011-12-30,342667.35,1,44.64,3.428,130.0710323,12.89,2011,12,30,52,4,Friday,52,December,2011-12,419717.41,400517.56,40605.27445029492
38,2012-01-06,478483.2,0,50.43,3.599,130.1575161,12.187,2012,1,6,1,1,Friday,1,January,2012-01,342667.35,411287.94999999995,55809.50253527953
38,2012-01-13,423260.82,0,48.07,3.657,130.244,12.187,2012,1,13,2,1,Friday,2,January,2012-01,478483.2,416032.195,55822.22477463856
38,2012-01-20,405215.91,0,46.2,3.66,130.2792258,12.187,2012,1,20,3,1,Friday,3,January,2012-01,423260.82,412406.81999999995,55973.80390984493
38,2012-01-27,412882.31,0,50.43,3.675,130.3144516,12.187,2012,1,27,4,1,Friday,4,January,2012-01,405215.91,429960.56,33182.814002241685
38,2012-02-03,457711.68,0,50.58,3.702,130.3496774,12.187,2012,2,3,5,1,Friday,5,February,2012-02,412882.31,424767.68000000005,23174.06231996814
38,2012-02-10,469787.38,1,52.27,3.722,130.3849032,12.187,2012,2,10,6,1,Friday,6,February,2012-02,457711.68,436399.32,32116.631506128284
38,2012-02-17,415513.97,0,51.8,3.781,130.4546207,12.187,2012,2,17,7,1,Friday,7,February,2012-02,469787.38,438973.835,29050.03920453347
38,2012-02-24,409411.61,0,53.13,3.95,130.5502069,12.187,2012,2,24,8,1,Friday,8,February,2012-02,415513.97,438106.16000000003,30121.201635267345
38,2012-03-02,471115.38,0,52.27,4.178,130.6457931,12.187,2012,3,2,9,1,Friday,9,March,2012-03,409411.61,441457.08499999996,33576.66730023889
38,2012-03-09,452792.53,0,54.54,4.25,130.7413793,12.187,2012,3,9,10,1,Friday,10,March,2012-03,471115.38,437208.3725,29641.514962988276
38,2012-03-16,428465.11,0,64.44,4.273,130.8261935,12.187,2012,3,16,11,1,Friday,11,March,2012-03,452792.53,440446.1575,27078.421669847325
38,2012-03-23,412456.48,0,56.26,4.038,130.8966452,12.187,2012,3,23,12,1,Friday,12,March,2012-03,428465.11,441207.375,25933.786586132483
38,2012-03-30,408679.36,0,64.36,4.294,130.9670968,12.187,2012,3,30,13,1,Friday,13,March,2012-03,412456.48,425598.37,20055.778124066088
38,2012-04-06,499267.66,0,64.05,4.121,131.0375484,11.627,2012,4,6,14,2,Friday,14,April,2012-04,408679.36,437217.15249999997,42246.73649074196
38,2012-04-13,435790.74,0,64.28,4.254,131.108,11.627,2012,4,13,15,2,Friday,15,April,2012-04,499267.66,439048.56,41898.21166958755
38,2012-04-20,401615.8,0,66.73,4.222,131.1173333,11.627,2012,4,20,16,2,Friday,16,April,2012-04,435790.74,436338.38999999996,44463.742308028486
38,2012-04-27,419964.77,0,77.99,4.193,131.1266667,11.627,2012,4,27,17,2,Friday,17,April,2012-04,401615.8,439159.7425,42435.46673774489
38,2012-05-04,491755.69,0,76.03,4.171,131.136,11.627,2012,5,4,18,2,Friday,18,May,2012-05,419964.77,437281.75,38908.31545940829
38,2012-05-11,429914.6,0,77.27,4.186,131.1453333,11.627,2012,5,11,19,2,Friday,19,May,2012-05,491755.69,435812.715,39093.863834980504
38,2012-05-18,412314.71,0,84.51,4.11,131.0983226,11.627,2012,5,18,20,2,Friday,20,May,2012-05,429914.6,438487.4425,36235.807075827455
38,2012-05-25,422810.12,0,83.84,4.293,131.0287742,11.627,2012,5,25,21,2,Friday,21,May,2012-05,412314.71,439198.78,35775.99839455164
38,2012-06-01,435579.7,0,78.11,4.277,130.9592258,11.627,2012,6,1,22,2,Friday,22,June,2012-06,422810.12,425154.78250000003,10028.287849198803
38,2012-06-08,448110.25,0,84.83,4.103,130.8896774,11.627,2012,6,8,23,2,Friday,23,June,2012-06,435579.7,429703.695,15526.61024755876
38,2012-06-15,430222.07,0,85.94,4.144,130.8295333,11.627,2012,6,15,24,2,Friday,24,June,2012-06,448110.25,434180.53500000003,10660.681734091722
38,2012-06-22,405938.35,0,91.61,4.014,130.7929,11.627,2012,6,22,25,2,Friday,25,June,2012-06,430222.07,429962.59249999997,17683.522704065177
38,2012-06-29,404634.36,0,90.47,3.875,130.7562667,11.627,2012,6,29,26,2,Friday,26,June,2012-06,405938.35,422226.25749999995,20886.078885661
38,2012-07-06,471086.22,0,89.13,3.765,130.7196333,10.926,2012,7,6,27,3,Friday,27,July,2012-07,404634.36,427970.25,31059.22268857399
38,2012-07-13,416036.75,0,95.61,3.723,130.683,10.926,2012,7,13,28,3,Friday,28,July,2012-07,471086.22,424423.92000000004,31522.78459102921
38,2012-07-20,441683.74,0,85.53,3.726,130.7012903,10.926,2012,7,20,29,3,Friday,29,July,2012-07,416036.75,433360.26749999996,29539.858421923
38,2012-07-27,407186.47,0,93.47,3.769,130.7195806,10.926,2012,7,27,30,3,Friday,30,July,2012-07,441683.74,433998.29500000004,28729.02889802805
38,2012-08-03,469311.17,0,88.16,3.76,130.737871,10.926,2012,8,3,31,3,Friday,31,August,2012-08,407186.47,433554.5325,27968.843162857524
38,2012-08-10,436690.13,0,95.91,3.811,130.7561613,10.926,2012,8,10,32,3,Friday,32,August,2012-08,469311.17,438717.87749999994,25449.86774827568
38,2012-08-17,411866.46,0,94.87,4.002,130.7909677,10.926,2012,8,17,33,3,Friday,33,August,2012-08,436690.13,431263.5575,28478.190719419912
38,2012-08-24,397428.22,0,85.32,4.055,130.8381613,10.926,2012,8,24,34,3,Friday,34,August,2012-08,411866.46,428823.995,31487.24662698422
38,2012-08-31,424904.95,0,89.78,4.093,130.8853548,10.926,2012,8,31,35,3,Friday,35,August,2012-08,397428.22,417722.44,16906.700653930908
38,2012-09-07,490274.82,1,88.52,4.124,130.9325484,10.926,2012,9,7,36,3,Friday,36,September,2012-09,424904.95,431118.61250000005,41003.06659317962
38,2012-09-14,430944.39,0,83.64,4.133,130.9776667,10.926,2012,9,14,37,3,Friday,37,September,2012-09,490274.82,435888.09500000003,39081.74140805906
38,2012-09-21,409600.98,0,82.97,4.125,131.0103333,10.926,2012,9,21,38,3,Friday,38,September,2012-09,430944.39,438931.28500000003,35388.10507765943
38,2012-09-28,398468.08,0,81.22,3.966,131.043,10.926,2012,9,28,39,3,Friday,39,September,2012-09,409600.98,432322.0675,40917.64006087093
38,2012-10-05,458479.01,0,81.61,3.966,131.0756667,10.199,2012,10,5,40,4,Friday,40,October,2012-10,398468.08,424373.11500000005,26430.28906189509
38,2012-10-12,437320.66,0,71.74,4.468,131.1083333,10.199,2012,10,12,41,4,Friday,41,October,2012-10,458479.01,425967.1825,27141.441875903645
38,2012-10-19,428806.46,0,68.66,4.449,131.1499677,10.199,2012,10,19,42,4,Friday,42,October,2012-10,437320.66,430768.5525,24886.207011465656
38,2012-10-26,417290.38,0,65.95,4.301,131.1930968,10.199,2012,10,26,43,4,Friday,43,October,2012-10,428806.46,435474.1275,17394.834138775885
39,2010-02-26,1168582.02,0,49.79,2.561,210.0771885,8.554,2010,2,26,8,1,Friday,8,February,2010-02,1230591.97,1223999.965,40584.96724593679
39,2010-03-05,1266254.21,0,50.93,2.625,210.1092746,8.554,2010,3,5,9,1,Friday,9,March,2010-03,1168582.02,1232914.3175000001,46063.21368723299
39,2010-03-12,1244391.83,0,61.88,2.667,210.1413607,8.554,2010,3,12,10,1,Friday,10,March,2010-03,1266254.21,1227455.0075,41905.06437943613
39,2010-03-19,1301590.13,0,58.62,2.72,209.9803208,8.554,2010,3,19,11,1,Friday,11,March,2010-03,1244391.83,1245204.5475,56255.64989536983
39,2010-03-26,1235094.66,0,54.83,2.732,209.7870932,8.554,2010,3,26,12,1,Friday,12,March,2010-03,1301590.13,1261832.7075,29548.32042763908
39,2010-04-02,1463942.62,0,63.31,2.719,209.5938656,8.464,2010,4,2,13,2,Friday,13,April,2010-04,1235094.66,1311254.81,105952.81953870074
39,2010-04-09,1327035.27,0,68.15,2.77,209.400638,8.464,2010,4,9,14,2,Friday,14,April,2010-04,1463942.62,1331915.67,96174.97974035704
39,2010-04-16,1242874.98,0,66.33,2.808,209.2691428,8.464,2010,4,16,15,2,Friday,15,April,2010-04,1327035.27,1317236.8824999998,106294.58919072998
39,2010-04-23,1280231.85,0,67.64,2.795,209.2199574,8.464,2010,4,23,16,2,Friday,16,April,2010-04,1242874.98,1328521.1800000002,96623.50526052248
39,2010-04-30,1263836.59,0,70.03,2.78,209.170772,8.464,2010,4,30,17,2,Friday,17,April,2010-04,1280231.85,1278494.6725,35790.26528585177
39,2010-05-07,1355704.21,0,74.86,2.835,209.1215867,8.464,2010,5,7,18,2,Friday,18,May,2010-05,1263836.59,1285661.9075,49134.086310900086
39,2010-05-14,1226997.7,0,77.49,2.854,209.118536,8.464,2010,5,14,19,2,Friday,19,May,2010-05,1355704.21,1281692.5875,54130.15605767311
39,2010-05-21,1350673.98,0,76.67,2.826,209.3922937,8.464,2010,5,21,20,2,Friday,20,May,2010-05,1226997.7,1299303.12,64046.849316067266
39,2010-05-28,1365541.59,0,80.22,2.759,209.6660514,8.464,2010,5,28,21,2,Friday,21,May,2010-05,1350673.98,1324729.37,65446.36512288803
39,2010-06-04,1512207.95,0,79.83,2.705,209.9398091,8.464,2010,6,4,22,2,Friday,22,June,2010-06,1365541.59,1363855.3050000002,116783.42092764295
39,2010-06-11,1371405.33,0,81.78,2.668,210.2135668,8.464,2010,6,11,23,2,Friday,23,June,2010-06,1512207.95,1399957.2125,75340.80377701389
39,2010-06-18,1368312.45,0,83.96,2.637,210.2108417,8.464,2010,6,18,24,2,Friday,24,June,2010-06,1371405.33,1404366.8299999998,71933.96328890052
39,2010-06-25,1280414.8,0,83.24,2.653,210.0975233,8.464,2010,6,25,25,2,Friday,25,June,2010-06,1368312.45,1383085.1324999998,95861.96518863969
39,2010-07-02,1352547.7,0,81.35,2.669,209.984205,8.36,2010,7,2,26,3,Friday,26,July,2010-07,1280414.8,1343170.07,42644.00323813416
39,2010-07-09,1330473.47,0,81.1,2.642,209.8708867,8.36,2010,7,9,27,3,Friday,27,July,2010-07,1352547.7,1332937.105,38299.923803446705
39,2010-07-16,1339811.68,0,83.86,2.623,209.8630532,8.36,2010,7,16,28,3,Friday,28,July,2010-07,1330473.47,1325811.9124999999,31588.097784676407
39,2010-07-23,1314651.83,0,82.2,2.608,209.9958663,8.36,2010,7,23,29,3,Friday,29,July,2010-07,1339811.68,1334371.17,15958.590447642773
39,2010-07-30,1308222.24,0,80.99,2.64,210.1286794,8.36,2010,7,30,30,3,Friday,30,July,2010-07,1314651.83,1323289.805,14447.877854294504
39,2010-08-06,1409989.67,0,84.92,2.627,210.2614925,8.36,2010,8,6,31,3,Friday,31,August,2010-08,1308222.24,1343168.855,46586.04424808611
39,2010-08-13,1371465.66,0,85.66,2.692,210.3943056,8.36,2010,8,13,32,3,Friday,32,August,2010-08,1409989.67,1351082.35,48475.84791357871
39,2010-08-20,1471816.52,0,85.73,2.664,210.3617581,8.36,2010,8,20,33,3,Friday,33,August,2010-08,1371465.66,1390373.5225,68615.09932281898
39,2010-08-27,1417515.93,0,84.31,2.619,210.3292106,8.36,2010,8,27,34,3,Friday,34,August,2010-08,1471816.52,1417696.9449999998,41334.79150097945
39,2010-09-03,1345167.61,0,82.13,2.577,210.2966631,8.36,2010,9,3,35,3,Friday,35,September,2010-09,1417515.93,1401491.43,55606.721557871366
39,2010-09-10,1279666.47,1,79.94,2.565,210.2641156,8.36,2010,9,10,36,3,Friday,36,September,2010-09,1345167.61,1378541.6324999998,83883.4978625881
39,2010-09-17,1252915.43,0,81.83,2.582,210.2924504,8.36,2010,9,17,37,3,Friday,37,September,2010-09,1279666.47,1323816.36,73511.08750074038
39,2010-09-24,1199449.54,0,78.5,2.624,210.3664469,8.36,2010,9,24,38,3,Friday,38,September,2010-09,1252915.43,1269299.7625,60582.99773435822
39,2010-10-01,1219583.91,0,72.74,2.603,210.4404433,8.476,2010,10,1,39,4,Friday,39,October,2010-10,1199449.54,1237903.8375,35514.401410036524
39,2010-10-08,1286598.59,0,64.8,2.633,210.5144398,8.476,2010,10,8,40,4,Friday,40,October,2010-10,1219583.91,1239636.8675,38292.14888338614
39,2010-10-15,1238742.0,0,69.96,2.72,210.5805944,8.476,2010,10,15,41,4,Friday,41,October,2010-10,1286598.59,1236093.51,37296.67114103323
39,2010-10-22,1261109.01,0,71.73,2.725,210.6271444,8.476,2010,10,22,42,4,Friday,42,October,2010-10,1238742.0,1251508.3775,28900.099061687783
39,2010-10-29,1294769.08,0,75.14,2.716,210.6736944,8.476,2010,10,29,43,4,Friday,43,October,2010-10,1261109.01,1270304.67,25460.829300312154
39,2010-11-05,1293707.19,0,61.62,2.689,210.7202444,8.476,2010,11,5,44,4,Friday,44,November,2010-11,1294769.08,1272081.82,27168.08514214737
39,2010-11-12,1291398.71,0,62.21,2.728,210.7667944,8.476,2010,11,12,45,4,Friday,45,November,2010-11,1293707.19,1285245.9975,16152.718197532
39,2010-11-19,1370659.54,0,55.5,2.771,210.65429,8.476,2010,11,19,46,4,Friday,46,November,2010-11,1291398.71,1312633.63,38709.5179359922
39,2010-11-26,2149355.2,1,67.75,2.735,210.5152765,8.476,2010,11,26,47,4,Friday,47,November,2010-11,1370659.54,1526280.1600000001,417013.09522560186
39,2010-12-03,1431910.98,0,53.55,2.708,210.376263,8.476,2010,12,3,48,4,Friday,48,December,2010-12,2149355.2,1560831.1075000002,396543.4186549107
39,2010-12-10,1630564.48,0,50.81,2.843,210.2372494,8.476,2010,12,10,49,4,Friday,49,December,2010-12,1431910.98,1645622.5500000003,353671.514340767
39,2010-12-17,1842172.46,0,55.31,2.869,210.1787224,8.476,2010,12,17,50,4,Friday,50,December,2010-12,1630564.48,1763500.7799999998,306972.70344950375
39,2010-12-24,2495489.25,0,58.86,2.886,210.1805602,8.476,2010,12,24,51,4,Friday,51,December,2010-12,1842172.46,1850034.2925,461760.4045484862
39,2010-12-31,1230012.16,1,52.45,2.943,210.182398,8.476,2010,12,31,52,4,Friday,52,December,2010-12,2495489.25,1799559.5875,528859.6444492217
39,2011-01-07,1224475.12,0,52.74,2.976,210.1842358,8.395,2011,1,7,1,1,Friday,1,January,2011-01,1230012.16,1698037.2474999998,605533.7113944443
39,2011-01-14,1193199.39,0,41.74,2.983,210.2379731,8.395,2011,1,14,2,1,Friday,2,January,2011-01,1224475.12,1535793.98,640002.0881194723
39,2011-01-21,1243370.74,0,50.25,3.016,210.6031072,8.395,2011,1,21,3,1,Friday,3,January,2011-01,1193199.39,1222764.3525,21245.922372873116
39,2011-01-28,1158698.44,0,47.94,3.01,210.9682412,8.395,2011,1,28,4,1,Friday,4,January,2011-01,1243370.74,1204935.9224999999,37124.41433101845
39,2011-02-04,1343773.94,0,45.96,2.989,211.3333753,8.395,2011,2,4,5,1,Friday,5,February,2011-02,1158698.44,1234760.6275,80562.25164285843
39,2011-02-11,1227893.89,1,40.34,3.022,211.6985093,8.395,2011,2,11,6,1,Friday,6,February,2011-02,1343773.94,1243434.2525,76353.82048529462
39,2011-02-18,1335233.74,0,58.2,3.045,212.0063522,8.395,2011,2,18,7,1,Friday,7,February,2011-02,1227893.89,1266400.0025,89082.6524213645
39,2011-02-25,1240921.19,0,67.77,3.065,212.2912786,8.395,2011,2,25,8,1,Friday,8,February,2011-02,1335233.74,1286955.69,61009.71249004857
39,2011-03-04,1316385.43,0,63.56,3.288,212.576205,8.395,2011,3,4,9,1,Friday,9,March,2011-03,1240921.19,1280108.5625,53593.58947285645
39,2011-03-11,1283716.81,0,58.35,3.459,212.8611313,8.395,2011,3,11,10,1,Friday,10,March,2011-03,1316385.43,1294064.2925,41329.63555030335
39,2011-03-18,1348410.05,0,65.28,3.488,213.1096787,8.395,2011,3,18,11,1,Friday,11,March,2011-03,1283716.81,1297358.3699999999,45969.375634409196
39,2011-03-25,1284334.79,0,71.17,3.473,213.3436744,8.395,2011,3,25,12,1,Friday,12,March,2011-03,1348410.05,1308211.77,30837.33490471304
39,2011-04-01,1316849.36,0,66.57,3.524,213.5776701,8.3,2011,4,1,13,2,Friday,13,April,2011-04,1284334.79,1308327.7525,30879.16831526598
39,2011-04-08,1350646.16,0,69.45,3.622,213.8116658,8.3,2011,4,8,14,2,Friday,14,April,2011-04,1316849.36,1325060.09,31229.439941983346
39,2011-04-15,1348031.55,0,73.19,3.743,214.026217,8.3,2011,4,15,15,2,Friday,15,April,2011-04,1350646.16,1324965.465,31135.538559858647
39,2011-04-22,1563140.85,0,74.98,3.807,214.1921572,8.3,2011,4,22,16,2,Friday,16,April,2011-04,1348031.55,1394666.98,113360.37341152289
39,2011-04-29,1379651.87,0,76.47,3.81,214.3580974,8.3,2011,4,29,17,2,Friday,17,April,2011-04,1563140.85,1410367.6075,102851.92513231917
39,2011-05-06,1370920.87,0,68.75,3.906,214.5240376,8.3,2011,5,6,18,2,Friday,18,May,2011-05,1379651.87,1415436.2850000001,99368.31042771335
39,2011-05-13,1325022.77,0,77.39,3.899,214.6899778,8.3,2011,5,13,19,2,Friday,19,May,2011-05,1370920.87,1409684.09,105073.05039310837
39,2011-05-20,1373907.21,0,73.31,3.907,214.465412,8.3,2011,5,20,20,2,Friday,20,May,2011-05,1325022.77,1362375.6800000002,25164.148324300015
39,2011-05-27,1406124.14,0,82.1,3.786,214.2408462,8.3,2011,5,27,21,2,Friday,21,May,2011-05,1373907.21,1368993.7475,33366.49429382426
39,2011-06-03,1541745.59,0,83.59,3.699,214.0162805,8.3,2011,6,3,22,2,Friday,22,June,2011-06,1406124.14,1411699.9275,92887.35627921409
39,2011-06-10,1442092.08,0,82.75,3.648,213.7917147,8.3,2011,6,10,23,2,Friday,23,June,2011-06,1541745.59,1440967.255,72729.2475211076
39,2011-06-17,1451392.67,0,85.21,3.637,213.7481256,8.3,2011,6,17,24,2,Friday,24,June,2011-06,1442092.08,1460338.62,57675.155973281566
39,2011-06-24,1363167.95,0,84.06,3.594,213.8402689,8.3,2011,6,24,25,2,Friday,25,June,2011-06,1451392.67,1449599.5725,73077.33700534076
39,2011-07-01,1429829.36,0,84.93,3.524,213.9324122,8.177,2011,7,1,26,3,Friday,26,July,2011-07,1363167.95,1421620.5150000001,39956.44995161518
39,2011-07-08,1414564.53,0,84.33,3.48,214.0245556,8.177,2011,7,8,27,3,Friday,27,July,2011-07,1429829.36,1414738.6275,37553.58006337118
39,2011-07-15,1380257.12,0,85.96,3.575,214.1083654,8.177,2011,7,15,28,3,Friday,28,July,2011-07,1414564.53,1396954.74,30611.561193760543
39,2011-07-22,1416005.59,0,84.6,3.651,214.1713416,8.177,2011,7,22,29,3,Friday,29,July,2011-07,1380257.12,1410164.15,21092.152515285226
39,2011-07-29,1426418.53,0,86.24,3.682,214.2343177,8.177,2011,7,29,30,3,Friday,30,July,2011-07,1416005.59,1409311.4425000001,20076.625195337852
39,2011-08-05,1518790.89,0,87.73,3.684,214.2972939,8.177,2011,8,5,31,3,Friday,31,August,2011-08,1426418.53,1435368.0325000002,59024.242490162855
39,2011-08-12,1514055.97,0,88.27,3.638,214.3602701,8.177,2011,8,12,32,3,Friday,32,August,2011-08,1518790.89,1468817.745,55168.31630173127
39,2011-08-19,1629066.9,0,87.93,3.554,214.4239935,8.177,2011,8,19,33,3,Friday,33,August,2011-08,1514055.97,1522083.0725,83011.0773299666
39,2011-08-26,1573898.63,0,86.49,3.523,214.4878416,8.177,2011,8,26,34,3,Friday,34,August,2011-08,1629066.9,1558953.0975,54061.90652620516
39,2011-09-02,1465089.85,0,88.65,3.533,214.5516896,8.177,2011,9,2,35,3,Friday,35,September,2011-09,1573898.63,1545527.8375000001,71284.46559956587
39,2011-09-09,1429345.86,1,79.15,3.546,214.6155376,8.177,2011,9,9,36,3,Friday,36,September,2011-09,1465089.85,1524350.31,93020.15529849207
39,2011-09-16,1372500.63,0,83.11,3.526,214.7934111,8.177,2011,9,16,37,3,Friday,37,September,2011-09,1429345.86,1460208.7425000002,84841.90443546977
39,2011-09-23,1338657.95,0,78.75,3.467,215.1233185,8.177,2011,9,23,38,3,Friday,38,September,2011-09,1372500.63,1401398.5725,56595.36641990909
39,2011-09-30,1311775.83,0,81.51,3.355,215.4532259,8.177,2011,9,30,39,3,Friday,39,September,2011-09,1338657.95,1363070.0675,50690.12547531681
39,2011-10-07,1443884.39,0,71.68,3.285,215.7831333,7.716,2011,10,7,40,4,Friday,40,October,2011-10,1311775.83,1366704.7,57137.548360953304
39,2011-10-14,1384721.84,0,73.79,3.274,216.0885258,7.716,2011,10,14,41,4,Friday,41,October,2011-10,1443884.39,1369760.0025,57872.801135621405
39,2011-10-21,1465283.29,0,67.65,3.353,216.2468287,7.716,2011,10,21,42,4,Friday,42,October,2011-10,1384721.84,1401416.3375,68791.10876757237
39,2011-10-28,1472663.1,0,71.05,3.372,216.4051315,7.716,2011,10,28,43,4,Friday,43,October,2011-10,1465283.29,1441638.155,39858.71760053265
39,2011-11-04,1553629.59,0,58.04,3.332,216.5634344,7.716,2011,11,4,44,4,Friday,44,November,2011-11,1472663.1,1469074.455,69022.1843979681
39,2011-11-11,1456957.38,0,63.11,3.297,216.7217373,7.716,2011,11,11,45,4,Friday,45,November,2011-11,1553629.59,1487133.34,44792.67930010459
39,2011-11-18,1510397.27,0,66.09,3.308,216.9395861,7.716,2011,11,18,46,4,Friday,46,November,2011-11,1456957.38,1498411.835,43104.98931998658
39,2011-11-25,2338832.4,1,66.36,3.236,217.1812533,7.716,2011,11,25,47,4,Friday,47,November,2011-11,1510397.27,1714954.16,417794.02220393525
39,2011-12-02,1632894.58,0,53.14,3.172,217.4229206,7.716,2011,12,2,48,4,Friday,48,December,2011-12,2338832.4,1734770.4075,409386.92296823295
39,2011-12-09,1781528.77,0,49.36,3.158,217.6645878,7.716,2011,12,9,49,4,Friday,49,December,2011-12,1632894.58,1815913.255,365815.3347913521
39,2011-12-16,1991824.05,0,58.58,3.159,217.8781339,7.716,2011,12,16,50,4,Friday,50,December,2011-12,1781528.77,1936269.9500000002,306117.75081235653
39,2011-12-23,2554482.84,0,54.62,3.112,218.0541851,7.716,2011,12,23,51,4,Friday,51,December,2011-12,1991824.05,1990182.56,403991.99877858534
39,2011-12-30,1537139.56,1,47.6,3.129,218.2302364,7.716,2011,12,30,52,4,Friday,52,December,2011-12,2554482.84,1966243.8050000002,433946.8509944771
39,2012-01-06,1478537.93,0,55.83,3.157,218.4062876,7.244,2012,1,6,1,1,Friday,1,January,2012-01,1537139.56,1890496.0950000002,498569.99593422393
39,2012-01-13,1369125.37,0,54.66,3.261,218.5823389,7.244,2012,1,13,2,1,Friday,2,January,2012-01,1478537.93,1734821.425,550859.2649796202
39,2012-01-20,1394841.03,0,58.04,3.268,218.6755292,7.244,2012,1,20,3,1,Friday,3,January,2012-01,1369125.37,1444910.9725000001,77216.88354065928
39,2012-01-27,1320301.61,0,60.65,3.29,218.7687195,7.244,2012,1,27,4,1,Friday,4,January,2012-01,1394841.03,1390701.4849999999,66216.93650810537
39,2012-02-03,1396150.15,0,60.69,3.36,218.8619099,7.244,2012,2,3,5,1,Friday,5,February,2012-02,1320301.61,1370104.54,35456.8204452839
39,2012-02-10,1442988.44,1,52.89,3.409,218.9551002,7.244,2012,2,10,6,1,Friday,6,February,2012-02,1396150.15,1388570.3074999999,50723.84112733161
39,2012-02-17,1511041.69,0,52.75,3.51,219.1148297,7.244,2012,2,17,7,1,Friday,7,February,2012-02,1442988.44,1417620.4725,80214.28260356332
39,2012-02-24,1412065.04,0,61.1,3.555,219.3244636,7.244,2012,2,24,8,1,Friday,8,February,2012-02,1511041.69,1440561.3299999998,50851.95329398239
39,2012-03-02,1453047.02,0,64.05,3.63,219.5340975,7.244,2012,3,2,9,1,Friday,9,March,2012-03,1412065.04,1454785.5475,41360.16422144496
39,2012-03-09,1470764.35,0,61.64,3.669,219.7437314,7.244,2012,3,9,10,1,Friday,10,March,2012-03,1453047.02,1461729.525,41049.82599703345
39,2012-03-16,1522421.07,0,65.81,3.734,219.8956335,7.244,2012,3,16,11,1,Friday,11,March,2012-03,1470764.35,1464574.37,45733.525588871555
39,2012-03-23,1469593.37,0,67.91,3.787,219.9705599,7.244,2012,3,23,12,1,Friday,12,March,2012-03,1522421.07,1478956.4525000001,30084.600291887473
39,2012-03-30,1499727.02,0,69.11,3.845,220.0454862,7.244,2012,3,30,13,1,Friday,13,March,2012-03,1469593.37,1490626.4525000001,25368.0357009105
39,2012-04-06,1764847.94,0,73.49,3.891,220.1204125,6.989,2012,4,6,14,2,Friday,14,April,2012-04,1499727.02,1564147.35,135538.7316355719
39,2012-04-13,1580732.73,0,71.59,3.891,220.1953389,6.989,2012,4,13,15,2,Friday,15,April,2012-04,1764847.94,1578725.2650000001,132660.18403456753
39,2012-04-20,1433391.04,0,70.04,3.877,220.2483937,6.989,2012,4,20,16,2,Friday,16,April,2012-04,1580732.73,1569674.6825,143388.50204945335
39,2012-04-27,1456997.2,0,69.11,3.814,220.3014485,6.989,2012,4,27,17,2,Friday,17,April,2012-04,1433391.04,1558992.2275,151688.13154404878
39,2012-05-04,1512227.34,0,77.15,3.749,220.3545033,6.989,2012,5,4,18,2,Friday,18,May,2012-05,1456997.2,1495837.0775000001,65533.594951719984
39,2012-05-11,1470792.41,0,75.52,3.688,220.4075581,6.989,2012,5,11,19,2,Friday,19,May,2012-05,1512227.34,1468351.9974999998,33076.684982261155
39,2012-05-18,1522978.54,0,72.36,3.63,220.4252149,6.989,2012,5,18,20,2,Friday,20,May,2012-05,1470792.41,1490748.8724999998,31819.867092601464
39,2012-05-25,1596036.66,0,78.31,3.561,220.4287124,6.989,2012,5,25,21,2,Friday,21,May,2012-05,1522978.54,1525508.7375,52124.40812197235
39,2012-06-01,1640476.77,0,80.33,3.501,220.4322099,6.989,2012,6,1,22,2,Friday,22,June,2012-06,1596036.66,1557571.0949999997,75454.4800298718
39,2012-06-08,1623442.24,0,81.12,3.452,220.4357073,6.989,2012,6,8,23,2,Friday,23,June,2012-06,1640476.77,1595733.5525,51843.066374266724
39,2012-06-15,1587499.82,0,81.33,3.393,220.4494148,6.989,2012,6,15,24,2,Friday,24,June,2012-06,1623442.24,1611863.8725,24473.55175869679
39,2012-06-22,1532316.79,0,79.84,3.346,220.4886472,6.989,2012,6,22,25,2,Friday,25,June,2012-06,1587499.82,1595933.905,47815.779918328575
39,2012-06-29,1492388.98,0,85.72,3.286,220.5278796,6.989,2012,6,29,26,2,Friday,26,June,2012-06,1532316.79,1558911.9575,58063.277871847546
39,2012-07-06,1659221.99,0,81.05,3.227,220.567112,6.623,2012,7,6,27,3,Friday,27,July,2012-07,1492388.98,1567856.895,72323.18748685386
39,2012-07-13,1471261.76,0,78.16,3.256,220.6063444,6.623,2012,7,13,28,3,Friday,28,July,2012-07,1659221.99,1538797.38,84180.13284963637
39,2012-07-20,1582168.27,0,80.32,3.311,220.6148749,6.623,2012,7,20,29,3,Friday,29,July,2012-07,1471261.76,1551260.25,86557.5489445101
39,2012-07-27,1487797.54,0,82.89,3.407,220.6234054,6.623,2012,7,27,30,3,Friday,30,July,2012-07,1582168.27,1550112.39,87622.38419615652
39,2012-08-03,1608277.74,0,84.05,3.417,220.6319358,6.623,2012,8,3,31,3,Friday,31,August,2012-08,1487797.54,1537376.3275000001,67976.76223804566
39,2012-08-10,1641867.92,0,83.47,3.494,220.6404663,6.623,2012,8,10,32,3,Friday,32,August,2012-08,1608277.74,1580027.8675000002,66164.59784278202
39,2012-08-17,1720221.91,0,84.72,3.571,220.7199609,6.623,2012,8,17,33,3,Friday,33,August,2012-08,1641867.92,1614541.2774999999,96640.82707532537
39,2012-08-24,1724669.75,0,80.49,3.62,220.8526787,6.623,2012,8,24,34,3,Friday,34,August,2012-08,1720221.91,1673759.33,57895.14333561029
39,2012-08-31,1710923.94,0,83.72,3.638,220.9853964,6.623,2012,8,31,35,3,Friday,35,August,2012-08,1724669.75,1699420.88,38793.69312773562
39,2012-09-07,1609811.75,1,83.71,3.73,221.1181142,6.623,2012,9,7,36,3,Friday,36,September,2012-09,1710923.94,1691406.8375,54697.36540058324
39,2012-09-14,1447614.08,0,76.71,3.717,221.2601207,6.623,2012,9,14,37,3,Friday,37,September,2012-09,1609811.75,1623254.88,127803.55799330017
39,2012-09-21,1555672.51,0,73.58,3.721,221.4578604,6.623,2012,9,21,38,3,Friday,38,September,2012-09,1447614.08,1581005.5699999998,109762.82370492566
39,2012-09-28,1495607.07,0,78.04,3.666,221.6556,6.623,2012,9,28,39,3,Friday,39,September,2012-09,1555672.51,1527176.3525,70633.83210893386
39,2012-10-05,1574408.67,0,72.05,3.617,221.8533396,6.228,2012,10,5,40,4,Friday,40,October,2012-10,1495607.07,1518325.5825,57897.47574591165
39,2012-10-12,1494417.07,0,69.88,3.601,222.0510793,6.228,2012,10,12,41,4,Friday,41,October,2012-10,1574408.67,1530026.33,41151.0368810861
39,2012-10-19,1577486.33,0,71.45,3.594,222.0951719,6.228,2012,10,19,42,4,Friday,42,October,2012-10,1494417.07,1535479.7850000001,46747.5057260637
39,2012-10-26,1569502.0,0,72.9,3.506,222.1136566,6.228,2012,10,26,43,4,Friday,43,October,2012-10,1577486.33,1553953.5175,39826.91894072823
40,2010-02-26,863917.41,0,33.32,2.753,131.686,5.892,2010,2,26,8,1,Friday,8,February,2010-02,916289.2,934372.175,58584.32776602091
40,2010-03-05,990152.28,0,34.78,2.766,131.735,5.892,2010,3,5,9,1,Friday,9,March,2010-03,863917.41,931424.295,54182.11882802451
40,2010-03-12,899352.4,0,35.1,2.805,131.784,5.892,2010,3,12,10,1,Friday,10,March,2010-03,990152.28,917427.8225,53167.12118198765
40,2010-03-19,894865.3,0,40.54,2.834,131.8242903,5.892,2010,3,19,11,1,Friday,11,March,2010-03,899352.4,912071.8475,54385.21064867874
40,2010-03-26,873354.58,0,39.51,2.831,131.863129,5.892,2010,3,26,12,1,Friday,12,March,2010-03,894865.3,914431.14,51740.26581308607
40,2010-04-02,1041202.13,0,41.39,2.826,131.9019677,5.435,2010,4,2,13,2,Friday,13,April,2010-04,873354.58,927193.6025,76847.98064068063
40,2010-04-09,919839.19,0,54.31,2.849,131.9408065,5.435,2010,4,9,14,2,Friday,14,April,2010-04,1041202.13,932315.2999999999,75035.24520983323
40,2010-04-16,882636.96,0,43.3,2.885,131.9809,5.435,2010,4,16,15,2,Friday,15,April,2010-04,919839.19,929258.215,77285.00493081029
40,2010-04-23,844958.49,0,45.85,2.895,132.0226667,5.435,2010,4,23,16,2,Friday,16,April,2010-04,882636.96,922159.1924999999,85046.18100088621
40,2010-04-30,816838.31,0,46.5,2.935,132.0644333,5.435,2010,4,30,17,2,Friday,17,April,2010-04,844958.49,866068.2375,44851.77476684856
40,2010-05-07,1009797.06,0,60.05,2.981,132.1062,5.435,2010,5,7,18,2,Friday,18,May,2010-05,816838.31,888557.7050000001,85202.89429738358
40,2010-05-14,907262.47,0,45.5,2.983,132.152129,5.435,2010,5,14,19,2,Friday,19,May,2010-05,1009797.06,894714.0825,85521.5541381499
40,2010-05-21,885613.91,0,56.75,2.961,132.2230323,5.435,2010,5,21,20,2,Friday,20,May,2010-05,907262.47,904877.9375,79866.11093422351
40,2010-05-28,1008483.07,0,67.88,2.906,132.2939355,5.435,2010,5,28,21,2,Friday,21,May,2010-05,885613.91,952789.1275000001,65668.1200898691
40,2010-06-04,1052429.03,0,65.7,2.857,132.3648387,5.435,2010,6,4,22,2,Friday,22,June,2010-06,1008483.07,963447.1200000001,79918.16767622808
40,2010-06-11,1007574.67,0,59.42,2.83,132.4357419,5.435,2010,6,11,23,2,Friday,23,June,2010-06,1052429.03,988525.17,71730.1237982739
40,2010-06-18,973105.3,0,60.97,2.805,132.4733333,5.435,2010,6,18,24,2,Friday,24,June,2010-06,1007574.67,1010398.0175,32501.236414139446
40,2010-06-25,940405.03,0,69.72,2.81,132.4976,5.435,2010,6,25,25,2,Friday,25,June,2010-06,973105.3,993378.5075000001,47978.076583756374
40,2010-07-02,1087578.78,0,65.47,2.815,132.5218667,5.326,2010,7,2,26,3,Friday,26,July,2010-07,940405.03,1002165.945,63202.1581865577
40,2010-07-09,1058250.91,0,76.67,2.806,132.5461333,5.326,2010,7,9,27,3,Friday,27,July,2010-07,1087578.78,1014835.0049999999,69420.90719206323
40,2010-07-16,959229.09,0,74.25,2.796,132.5667742,5.326,2010,7,16,28,3,Friday,28,July,2010-07,1058250.91,1011365.9525,72480.57042802656
40,2010-07-23,922341.82,0,71.79,2.784,132.5825806,5.326,2010,7,23,29,3,Friday,29,July,2010-07,959229.09,1006850.1499999999,78673.5301211424
40,2010-07-30,953393.02,0,71.35,2.792,132.5983871,5.326,2010,7,30,30,3,Friday,30,July,2010-07,922341.82,973303.71,58900.1175002578
40,2010-08-06,1057295.87,0,69.16,2.792,132.6141935,5.326,2010,8,6,31,3,Friday,31,August,2010-08,953393.02,973064.95,58441.137488666755
40,2010-08-13,924011.76,0,67.47,2.81,132.63,5.326,2010,8,13,32,3,Friday,32,August,2010-08,1057295.87,964260.6174999999,63641.7551535207
40,2010-08-20,932397.0,0,67.05,2.796,132.6616129,5.326,2010,8,20,33,3,Friday,33,August,2010-08,924011.76,966774.4125000001,61599.91036842567
40,2010-08-27,922328.02,0,62.57,2.77,132.6932258,5.326,2010,8,27,34,3,Friday,34,August,2010-08,932397.0,959008.1625000001,65672.94840589298
40,2010-09-03,976453.34,0,70.66,2.735,132.7248387,5.326,2010,9,3,35,3,Friday,35,September,2010-09,922328.02,938797.53,25487.19001884391
40,2010-09-10,967310.82,1,62.75,2.717,132.7564516,5.326,2010,9,10,36,3,Friday,36,September,2010-09,976453.34,949622.295,26296.242621841404
40,2010-09-17,855046.95,0,55.34,2.716,132.7670667,5.326,2010,9,17,37,3,Friday,37,September,2010-09,967310.82,930284.7825,55457.204711866725
40,2010-09-24,844373.31,0,55.63,2.718,132.7619333,5.326,2010,9,24,38,3,Friday,38,September,2010-09,855046.95,910796.105,70768.9703617872
40,2010-10-01,891152.33,0,62.01,2.717,132.7568,5.287,2010,10,1,39,4,Friday,39,October,2010-10,844373.31,889470.8524999999,55619.78457902962
40,2010-10-08,972405.38,0,52.02,2.776,132.7516667,5.287,2010,10,8,40,4,Friday,40,October,2010-10,891152.33,890744.4924999999,58003.643522632236
40,2010-10-15,917883.17,0,44.56,2.878,132.7633548,5.287,2010,10,15,41,4,Friday,41,October,2010-10,972405.38,906453.5475,53442.69088047916
40,2010-10-22,882180.91,0,41.25,2.919,132.8170968,5.287,2010,10,22,42,4,Friday,42,October,2010-10,917883.17,915905.4475,40604.65906908276
40,2010-10-29,875038.84,0,47.1,2.938,132.8708387,5.287,2010,10,29,43,4,Friday,43,October,2010-10,882180.91,911877.0750000001,44492.1965328175
40,2010-11-05,968270.66,0,36.45,2.938,132.9245806,5.287,2010,11,5,44,4,Friday,44,November,2010-11,875038.84,910843.395,42626.1007777871
40,2010-11-12,935481.32,0,38.5,2.961,132.9783226,5.287,2010,11,12,45,4,Friday,45,November,2010-11,968270.66,915242.9325,44463.462895406396
40,2010-11-19,852452.93,0,40.52,3.03,132.9172,5.287,2010,11,19,46,4,Friday,46,November,2010-11,935481.32,907810.9375,53415.18972911782
40,2010-11-26,1166142.85,1,32.94,3.07,132.8369333,5.287,2010,11,26,47,4,Friday,47,November,2010-11,852452.93,980586.94,132960.55550830468
40,2010-12-03,1000582.06,0,33.6,3.065,132.7566667,5.287,2010,12,3,48,4,Friday,48,December,2010-12,1166142.85,988664.79,132944.39362820945
40,2010-12-10,1111215.72,0,21.64,3.132,132.6764,5.287,2010,12,10,49,4,Friday,49,December,2010-12,1000582.06,1032598.39,138434.38821128797
40,2010-12-17,1179036.3,0,23.01,3.139,132.6804516,5.287,2010,12,17,50,4,Friday,50,December,2010-12,1111215.72,1114244.2325,81280.87076042309
40,2010-12-24,1648829.18,0,24.18,3.15,132.7477419,5.287,2010,12,24,51,4,Friday,51,December,2010-12,1179036.3,1234915.815,285575.9187779825
40,2010-12-31,811318.3,1,19.29,3.177,132.8150323,5.287,2010,12,31,52,4,Friday,52,December,2010-12,1648829.18,1187599.875,346519.9221916433
40,2011-01-07,894280.19,0,24.05,3.193,132.8823226,5.114,2011,1,7,1,1,Friday,1,January,2011-01,811318.3,1133365.9925,378005.64892447833
40,2011-01-14,771315.62,0,18.55,3.215,132.9510645,5.114,2011,1,14,2,1,Friday,2,January,2011-01,894280.19,1031435.8225,414769.2004282932
40,2011-01-21,764014.75,0,14.64,3.232,133.0285161,5.114,2011,1,21,3,1,Friday,3,January,2011-01,771315.62,810232.215,59765.645426252486
40,2011-01-28,775910.43,0,9.51,3.243,133.1059677,5.114,2011,1,28,4,1,Friday,4,January,2011-01,764014.75,801380.2474999999,62126.68012516692
40,2011-02-04,904261.65,0,13.29,3.24,133.1834194,5.114,2011,2,4,5,1,Friday,5,February,2011-02,775910.43,803875.6124999999,67103.02881404394
40,2011-02-11,931939.52,1,16.87,3.255,133.260871,5.114,2011,2,11,6,1,Friday,6,February,2011-02,904261.65,844031.5875,86407.27478598278
40,2011-02-18,968694.45,0,21.82,3.263,133.3701429,5.114,2011,2,18,7,1,Friday,7,February,2011-02,931939.52,895201.5125000001,83792.0869632901
40,2011-02-25,888869.27,0,16.5,3.281,133.4921429,5.114,2011,2,25,8,1,Friday,8,February,2011-02,968694.45,923441.2225,35038.795453569175
40,2011-03-04,977070.62,0,18.49,3.437,133.6141429,5.114,2011,3,4,9,1,Friday,9,March,2011-03,888869.27,941643.4650000001,40274.56313574826
40,2011-03-11,860255.58,0,30.53,3.6,133.7361429,5.114,2011,3,11,10,1,Friday,10,March,2011-03,977070.62,923722.48,58055.42113663319
40,2011-03-18,871024.26,0,35.76,3.634,133.8492258,5.114,2011,3,18,11,1,Friday,11,March,2011-03,860255.58,899304.9325,53169.70807983338
40,2011-03-25,834621.39,0,28.89,3.624,133.9587419,5.114,2011,3,25,12,1,Friday,12,March,2011-03,871024.26,885742.9624999999,62770.489534748616
40,2011-04-01,841889.08,0,28.6,3.638,134.0682581,4.781,2011,4,1,13,2,Friday,13,April,2011-04,834621.39,851947.5774999999,16676.45911646842
40,2011-04-08,947753.32,0,34.77,3.72,134.1777742,4.781,2011,4,8,14,2,Friday,14,April,2011-04,841889.08,873822.0125,51736.72657519358
40,2011-04-15,874446.32,0,43.69,3.823,134.2784667,4.781,2011,4,15,15,2,Friday,15,April,2011-04,947753.32,874677.5275,51703.32467482602
40,2011-04-22,965056.4,0,39.32,3.919,134.3571,4.781,2011,4,22,16,2,Friday,16,April,2011-04,874446.32,907286.2799999999,58680.56132377118
40,2011-04-29,847246.5,0,52.68,3.988,134.4357333,4.781,2011,4,29,17,2,Friday,17,April,2011-04,965056.4,908625.635,56718.69403516181
40,2011-05-06,1016752.55,0,50.81,4.078,134.5143667,4.781,2011,5,6,18,2,Friday,18,May,2011-05,847246.5,925875.4424999999,78785.0690972442
40,2011-05-13,903864.02,0,54.09,4.095,134.593,4.781,2011,5,13,19,2,Friday,19,May,2011-05,1016752.55,933229.8674999999,73585.45859294845
40,2011-05-20,907110.83,0,56.38,4.101,134.6803871,4.781,2011,5,20,20,2,Friday,20,May,2011-05,903864.02,918743.475,70885.61872787333
40,2011-05-27,972373.81,0,63.11,4.034,134.7677742,4.781,2011,5,27,21,2,Friday,21,May,2011-05,907110.83,950025.3025,54542.02446555229
40,2011-06-03,1075687.74,0,66.16,3.973,134.8551613,4.781,2011,6,3,22,2,Friday,22,June,2011-06,972373.81,964759.1000000001,80404.5620240414
40,2011-06-10,984336.04,0,64.19,3.924,134.9425484,4.781,2011,6,10,23,2,Friday,23,June,2011-06,1075687.74,984877.105,69404.10673168837
40,2011-06-17,971422.67,0,59.16,3.873,135.0837333,4.781,2011,6,17,24,2,Friday,24,June,2011-06,984336.04,1000955.0650000001,50167.10474809128
40,2011-06-24,977103.64,0,62.59,3.851,135.2652667,4.781,2011,6,24,25,2,Friday,25,June,2011-06,971422.67,1002137.5225000001,49317.42325864245
40,2011-07-01,1048866.3,0,65.25,3.815,135.4468,4.584,2011,7,1,26,3,Friday,26,July,2011-07,977103.64,995432.1625000001,36012.59711103465
40,2011-07-08,1107366.06,0,67.86,3.784,135.6283333,4.584,2011,7,8,27,3,Friday,27,July,2011-07,1048866.3,1026189.6675,64582.50142711607
40,2011-07-15,953252.14,0,68.9,3.827,135.7837419,4.584,2011,7,15,28,3,Friday,28,July,2011-07,1107366.06,1021647.035,70120.40914093982
40,2011-07-22,980642.1,0,73.34,3.882,135.8738387,4.584,2011,7,22,29,3,Friday,29,July,2011-07,953252.14,1022531.65,69389.66257234981
40,2011-07-29,929096.9,0,67.45,3.898,135.9639355,4.584,2011,7,29,30,3,Friday,30,July,2011-07,980642.1,992589.2999999999,79362.32783582699
40,2011-08-05,1063818.2,0,68.1,3.903,136.0540323,4.584,2011,8,5,31,3,Friday,31,August,2011-08,929096.9,981702.335,58654.027341213216
40,2011-08-12,955506.95,0,68.3,3.88,136.144129,4.584,2011,8,12,32,3,Friday,32,August,2011-08,1063818.2,982266.0375000001,58299.22334461966
40,2011-08-19,943237.12,0,64.05,3.82,136.183129,4.584,2011,8,19,33,3,Friday,33,August,2011-08,955506.95,972914.7925,61555.488311428926
40,2011-08-26,969611.3,0,65.01,3.796,136.2136129,4.584,2011,8,26,34,3,Friday,34,August,2011-08,943237.12,983043.3925000001,54917.470297078005
40,2011-09-02,957298.26,0,63.79,3.784,136.2440968,4.584,2011,9,2,35,3,Friday,35,September,2011-09,969611.3,956413.4075,10792.027116828549
40,2011-09-09,1021391.99,1,64.83,3.809,136.2745806,4.584,2011,9,9,36,3,Friday,36,September,2011-09,957298.26,972884.6675,34086.108814934174
40,2011-09-16,890661.79,0,58.28,3.809,136.3145,4.584,2011,9,16,37,3,Friday,37,September,2011-09,1021391.99,959740.8350000001,53777.850530039126
40,2011-09-23,876583.98,0,54.09,3.758,136.367,4.584,2011,9,23,38,3,Friday,38,September,2011-09,890661.79,936484.005,66659.05167460507
40,2011-09-30,912857.1,0,63.45,3.684,136.4195,4.584,2011,9,30,39,3,Friday,39,September,2011-09,876583.98,925373.7150000001,65730.588423784
40,2011-10-07,1070389.98,0,50.21,3.633,136.472,4.42,2011,10,7,40,4,Friday,40,October,2011-10,912857.1,937623.2124999999,89761.79214672421
40,2011-10-14,936751.68,0,53.9,3.583,136.5150968,4.42,2011,10,14,41,4,Friday,41,October,2011-10,1070389.98,949145.6849999999,84529.78343715532
40,2011-10-21,942319.65,0,51.61,3.618,136.5017742,4.42,2011,10,21,42,4,Friday,42,October,2011-10,936751.68,965579.6025,71032.74364104679
40,2011-10-28,941675.95,0,42.09,3.604,136.4884516,4.42,2011,10,28,43,4,Friday,43,October,2011-10,942319.65,972784.3150000001,65117.9514718525
40,2011-11-04,1011321.18,0,35.4,3.586,136.475129,4.42,2011,11,4,44,4,Friday,44,November,2011-11,941675.95,958017.1150000001,35622.96147265925
40,2011-11-11,1037687.07,0,40.75,3.57,136.4618065,4.42,2011,11,11,45,4,Friday,45,November,2011-11,1011321.18,983250.9625,48836.73793910119
40,2011-11-18,905399.99,0,41.85,3.571,136.4666667,4.42,2011,11,18,46,4,Friday,46,November,2011-11,1037687.07,974021.0475000001,61100.23777965621
40,2011-11-25,1230011.95,1,32.76,3.536,136.4788,4.42,2011,11,25,47,4,Friday,47,November,2011-11,905399.99,1046105.0475,135278.0368681125
40,2011-12-02,1059676.62,0,38.51,3.501,136.4909333,4.42,2011,12,2,48,4,Friday,48,December,2011-12,1230011.95,1058193.9075,133279.34295323485
40,2011-12-09,1158708.98,0,34.48,3.47,136.5030667,4.42,2011,12,9,49,4,Friday,49,December,2011-12,1059676.62,1088449.385,140607.40084191234
40,2011-12-16,1198670.19,0,29.53,3.445,136.5335161,4.42,2011,12,16,50,4,Friday,50,December,2011-12,1158708.98,1161766.935,74051.81926085315
40,2011-12-23,1601585.7,0,24.46,3.413,136.5883871,4.42,2011,12,23,51,4,Friday,51,December,2011-12,1198670.19,1254660.3725,238549.37773902982
40,2011-12-30,908853.15,1,18.75,3.402,136.6432581,4.42,2011,12,30,52,4,Friday,52,December,2011-12,1601585.7,1216954.505,286702.2023386568
40,2012-01-06,954576.86,0,23.29,3.439,136.698129,4.261,2012,1,6,1,1,Friday,1,January,2012-01,908853.15,1165921.475,317083.8297605253
40,2012-01-13,780607.52,0,25.9,3.523,136.753,4.261,2012,1,13,2,1,Friday,2,January,2012-01,954576.86,1061405.8075,367571.6401186371
40,2012-01-20,811365.42,0,14.02,3.542,136.8564194,4.261,2012,1,20,3,1,Friday,3,January,2012-01,780607.52,863850.7374999999,81528.29416330461
40,2012-01-27,770157.29,0,22.91,3.568,136.9598387,4.261,2012,1,27,4,1,Friday,4,January,2012-01,811365.42,829176.7725,85410.18250354272
40,2012-02-03,979552.34,0,27.86,3.633,137.0632581,4.261,2012,2,3,5,1,Friday,5,February,2012-02,770157.29,835420.6425000001,97666.75232902472
40,2012-02-10,999785.48,1,23.92,3.655,137.1666774,4.261,2012,2,10,6,1,Friday,6,February,2012-02,979552.34,890215.1325000001,116358.58427329686
40,2012-02-17,975500.87,0,25.56,3.703,137.2583103,4.261,2012,2,17,7,1,Friday,7,February,2012-02,999785.48,931248.995,107918.53219777737
40,2012-02-24,919301.81,0,29.88,3.751,137.3411034,4.261,2012,2,24,8,1,Friday,8,February,2012-02,975500.87,968535.125,34498.331473070306
40,2012-03-02,927732.02,0,23.79,3.827,137.4238966,4.261,2012,3,2,9,1,Friday,9,March,2012-03,919301.81,955580.045,38481.95500636971
40,2012-03-09,954233.87,0,30.58,3.876,137.5066897,4.261,2012,3,9,10,1,Friday,10,March,2012-03,927732.02,944192.1425000001,25635.50268364977
40,2012-03-16,891154.18,0,37.13,3.867,137.5843871,4.261,2012,3,16,11,1,Friday,11,March,2012-03,954233.87,923105.4700000001,25985.47679970177
40,2012-03-23,844490.86,0,52.27,3.889,137.6552903,4.261,2012,3,23,12,1,Friday,12,March,2012-03,891154.18,904402.7325,47582.75082984212
40,2012-03-30,871945.64,0,36.25,3.921,137.7261935,4.261,2012,3,30,13,1,Friday,13,March,2012-03,844490.86,890456.1375000001,46631.64762091806
40,2012-04-06,1132064.23,0,36.54,3.957,137.7970968,4.125,2012,4,6,14,2,Friday,14,April,2012-04,871945.64,934913.7275,132821.30055546903
40,2012-04-13,857811.17,0,40.65,4.025,137.868,4.125,2012,4,13,15,2,Friday,15,April,2012-04,1132064.23,926577.975,137448.73097560144
40,2012-04-20,896979.93,0,55.3,4.046,137.9230667,4.125,2012,4,20,16,2,Friday,16,April,2012-04,857811.17,939700.2425,129261.27951020015
40,2012-04-27,875372.91,0,47.51,4.023,137.9781333,4.125,2012,4,27,17,2,Friday,17,April,2012-04,896979.93,940557.06,128672.47587519974
40,2012-05-04,993311.59,0,44.47,3.991,138.0332,4.125,2012,5,4,18,2,Friday,18,May,2012-05,875372.91,905868.9,60456.01332354907
40,2012-05-11,967729.35,0,52.06,3.947,138.0882667,4.125,2012,5,11,19,2,Friday,19,May,2012-05,993311.59,933348.4450000001,56158.87264049123
40,2012-05-18,896295.41,0,57.59,3.899,138.1065806,4.125,2012,5,18,20,2,Friday,20,May,2012-05,967729.35,933177.315,56307.48412733765
40,2012-05-25,991054.49,0,65.25,3.85,138.1101935,4.125,2012,5,25,21,2,Friday,21,May,2012-05,896295.41,962097.71,45366.872888351216
40,2012-06-01,1037464.27,0,64.75,3.798,138.1138065,4.125,2012,6,1,22,2,Friday,22,June,2012-06,991054.49,973135.88,58858.32351442734
40,2012-06-08,1079386.88,0,55.78,3.746,138.1174194,4.125,2012,6,8,23,2,Friday,23,June,2012-06,1037464.27,1001050.2625,78604.70760652237
40,2012-06-15,977950.28,0,63.39,3.683,138.1295333,4.125,2012,6,15,24,2,Friday,24,June,2012-06,1079386.88,1021463.98,46293.450919990886
40,2012-06-22,1033552.18,0,69.32,3.629,138.1629,4.125,2012,6,22,25,2,Friday,25,June,2012-06,977950.28,1032088.4025,41629.816548521296
40,2012-06-29,988764.84,0,64.42,3.577,138.1962667,4.125,2012,6,29,26,2,Friday,26,June,2012-06,1033552.18,1019913.5449999999,46383.35683311175
40,2012-07-06,1182901.56,0,69.08,3.538,138.2296333,4.156,2012,7,6,27,3,Friday,27,July,2012-07,988764.84,1045792.2150000001,94522.3793378506
40,2012-07-13,979848.71,0,67.48,3.561,138.263,4.156,2012,7,13,28,3,Friday,28,July,2012-07,1182901.56,1046266.8225,94071.88259533266
40,2012-07-20,968502.38,0,70.45,3.61,138.2331935,4.156,2012,7,20,29,3,Friday,29,July,2012-07,979848.71,1030004.3725,102268.16798416682
40,2012-07-27,954396.85,0,67.88,3.701,138.2033871,4.156,2012,7,27,30,3,Friday,30,July,2012-07,968502.38,1021412.375,108161.67417670455
40,2012-08-03,1068346.76,0,70.15,3.698,138.1735806,4.156,2012,8,3,31,3,Friday,31,August,2012-08,954396.85,992773.6749999999,51446.484670082216
40,2012-08-10,1007906.43,0,70.09,3.772,138.1437742,4.156,2012,8,10,32,3,Friday,32,August,2012-08,1068346.76,999788.1050000001,51007.70855294377
40,2012-08-17,969387.48,0,69.41,3.84,138.1857097,4.156,2012,8,17,33,3,Friday,33,August,2012-08,1007906.43,1000009.38,50828.3534934937
40,2012-08-24,945318.47,0,63.91,3.874,138.2814516,4.156,2012,8,24,34,3,Friday,34,August,2012-08,969387.48,997739.7849999999,53667.34902573376
40,2012-08-31,987264.67,0,66.11,3.884,138.3771935,4.156,2012,8,31,35,3,Friday,35,August,2012-08,945318.47,977469.2625,26591.727035994543
40,2012-09-07,1088248.4,1,65.06,3.921,138.4729355,4.156,2012,9,7,36,3,Friday,36,September,2012-09,987264.67,997554.7549999999,62857.637945389375
40,2012-09-14,901709.82,0,59.38,3.988,138.5673,4.156,2012,9,14,37,3,Friday,37,September,2012-09,1088248.4,980635.34,79793.56221458974
40,2012-09-21,899768.4,0,54.12,4.056,138.6534,4.156,2012,9,21,38,3,Friday,38,September,2012-09,901709.82,969247.8225,89208.58735158549
40,2012-09-28,919595.44,0,50.98,4.018,138.7395,4.156,2012,9,28,39,3,Friday,39,September,2012-09,899768.4,952330.515,91050.32911104047
40,2012-10-05,1069112.0,0,57.21,4.027,138.8256,4.145,2012,10,5,40,4,Friday,40,October,2012-10,919595.44,947546.415,81533.59352311662
40,2012-10-12,982523.26,0,47.35,4.029,138.9117,4.145,2012,10,12,41,4,Friday,41,October,2012-10,1069112.0,967749.7749999999,76229.6176958795
40,2012-10-19,918170.5,0,46.33,4.0,138.8336129,4.145,2012,10,19,42,4,Friday,42,October,2012-10,982523.26,972350.3,71145.02016705573
40,2012-10-26,921264.52,0,49.65,3.917,138.7281613,4.145,2012,10,26,43,4,Friday,43,October,2012-10,918170.5,972767.5700000001,70736.19274291742
41,2010-02-26,991941.73,0,21.84,2.586,189.6018023,7.541,2010,2,26,8,1,Friday,8,February,2010-02,1052034.74,1051541.4975,42262.351437966165
41,2010-03-05,1063557.49,0,32.49,2.62,189.6695049,7.541,2010,3,5,9,1,Friday,9,March,2010-03,991941.73,1045797.5750000001,37176.67143085707
41,2010-03-12,1023997.71,0,33.4,2.684,189.7372075,7.541,2010,3,12,10,1,Friday,10,March,2010-03,1063557.49,1032882.9175,31952.305338621456
41,2010-03-19,1006597.69,0,36.7,2.692,189.734262,7.541,2010,3,19,11,1,Friday,11,March,2010-03,1023997.71,1021523.6549999999,30934.54892099946
41,2010-03-26,1015196.46,0,32.3,2.717,189.7195417,7.541,2010,3,26,12,1,Friday,12,March,2010-03,1006597.69,1027337.3374999999,25169.99830390869
41,2010-04-02,1168826.39,0,41.31,2.725,189.7048215,7.363,2010,4,2,13,2,Friday,13,April,2010-04,1015196.46,1053654.5625,77109.12969568578
41,2010-04-09,1082158.21,0,37.3,2.75,189.6901012,7.363,2010,4,9,14,2,Friday,14,April,2010-04,1168826.39,1068194.6875,75110.41145720806
41,2010-04-16,1043388.79,0,46.79,2.765,189.6628845,7.363,2010,4,16,15,2,Friday,15,April,2010-04,1082158.21,1077392.4625,66851.74621946749
41,2010-04-23,1067340.74,0,45.29,2.776,189.6190057,7.363,2010,4,23,16,2,Friday,16,April,2010-04,1043388.79,1090428.5325,54651.64173146633
41,2010-04-30,1063960.11,0,40.2,2.766,189.575127,7.363,2010,4,30,17,2,Friday,17,April,2010-04,1067340.74,1064211.9625000001,15974.197847593983
41,2010-05-07,1175738.22,0,41.5,2.771,189.5312483,7.363,2010,5,7,18,2,Friday,18,May,2010-05,1063960.11,1087606.965,59699.968552049984
41,2010-05-14,1116439.02,0,40.23,2.788,189.4904116,7.363,2010,5,14,19,2,Friday,19,May,2010-05,1175738.22,1105869.5225,52390.25069856818
41,2010-05-21,1163234.33,0,50.59,2.776,189.467827,7.363,2010,5,21,20,2,Friday,20,May,2010-05,1116439.02,1129842.92,50798.864858000554
41,2010-05-28,1246654.24,0,56.97,2.737,189.4452425,7.363,2010,5,28,21,2,Friday,21,May,2010-05,1163234.33,1175516.4525,53856.68499241404
41,2010-06-04,1305068.1,0,60.13,2.7,189.422658,7.363,2010,6,4,22,2,Friday,22,June,2010-06,1246654.24,1207848.9225,84268.72349623159
41,2010-06-11,1217199.39,0,63.36,2.684,189.4000734,7.363,2010,6,11,23,2,Friday,23,June,2010-06,1305068.1,1233039.0150000001,59152.7717181758
41,2010-06-18,1202963.06,0,54.9,2.674,189.4185259,7.363,2010,6,18,24,2,Friday,24,June,2010-06,1217199.39,1242971.1975,45219.5651983646
41,2010-06-25,1174209.52,0,66.0,2.715,189.4533931,7.363,2010,6,25,25,2,Friday,25,June,2010-06,1202963.06,1224860.0175,56382.536766789206
41,2010-07-02,1273279.79,0,69.39,2.728,189.4882603,7.335,2010,7,2,26,3,Friday,26,July,2010-07,1174209.52,1216912.94,41615.2418561433
41,2010-07-09,1176079.59,0,60.93,2.711,189.5231276,7.335,2010,7,9,27,3,Friday,27,July,2010-07,1273279.79,1206632.99,46332.33570213462
41,2010-07-16,1179788.38,0,69.06,2.699,189.6125456,7.335,2010,7,16,28,3,Friday,28,July,2010-07,1176079.59,1200839.32,48349.264890714745
41,2010-07-23,1192213.87,0,70.77,2.691,189.774698,7.335,2010,7,23,29,3,Friday,29,July,2010-07,1179788.38,1205340.4075,45815.45311118428
41,2010-07-30,1211136.63,0,70.07,2.69,189.9368504,7.335,2010,7,30,30,3,Friday,30,July,2010-07,1192213.87,1189804.6175,15806.75645034104
41,2010-08-06,1338132.72,0,69.21,2.69,190.0990028,7.335,2010,8,6,31,3,Friday,31,August,2010-08,1211136.63,1230317.9,73023.06946921331
41,2010-08-13,1285976.53,0,70.24,2.723,190.2611552,7.335,2010,8,13,32,3,Friday,32,August,2010-08,1338132.72,1256864.9375,67633.26579442373
41,2010-08-20,1353838.39,0,66.19,2.732,190.2948237,7.335,2010,8,20,33,3,Friday,33,August,2010-08,1285976.53,1297271.0675,64333.10324819855
41,2010-08-27,1173131.63,0,70.59,2.731,190.3284922,7.335,2010,8,27,34,3,Friday,34,August,2010-08,1353838.39,1287769.8175,81744.74118407685
41,2010-09-03,1223355.5,0,64.13,2.773,190.3621607,7.335,2010,9,3,35,3,Friday,35,September,2010-09,1173131.63,1259075.5125,78243.07834517866
41,2010-09-10,1172672.27,1,63.3,2.78,190.3958293,7.335,2010,9,10,36,3,Friday,36,September,2010-09,1223355.5,1230749.4474999998,85436.77909275146
41,2010-09-17,1111170.91,0,62.4,2.8,190.4688287,7.335,2010,9,17,37,3,Friday,37,September,2010-09,1172672.27,1170082.5775,45915.11032225231
41,2010-09-24,1110941.78,0,60.11,2.793,190.5713264,7.335,2010,9,24,38,3,Friday,38,September,2010-09,1111170.91,1154535.115,54301.733903398264
41,2010-10-01,1109216.35,0,62.67,2.759,190.6738241,7.508,2010,10,1,39,4,Friday,39,October,2010-10,1110941.78,1126000.3275000001,31126.856537095522
41,2010-10-08,1162042.24,0,57.1,2.745,190.7763218,7.508,2010,10,8,40,4,Friday,40,October,2010-10,1109216.35,1123342.82,25814.359370493148
41,2010-10-15,1133913.33,0,49.91,2.762,190.8623087,7.508,2010,10,15,41,4,Friday,41,October,2010-10,1162042.24,1129028.425,24721.24134474109
41,2010-10-22,1156003.7,0,48.09,2.762,190.9070184,7.508,2010,10,22,42,4,Friday,42,October,2010-10,1133913.33,1140293.905,23988.288089001722
41,2010-10-29,1144854.56,0,42.16,2.748,190.951728,7.508,2010,10,29,43,4,Friday,43,October,2010-10,1156003.7,1149203.4575,12433.537208866785
41,2010-11-05,1163878.49,0,46.74,2.729,190.9964377,7.508,2010,11,5,44,4,Friday,44,November,2010-11,1144854.56,1149662.52,13082.53074206147
41,2010-11-12,1175326.23,0,38.99,2.737,191.0411474,7.508,2010,11,12,45,4,Friday,45,November,2010-11,1163878.49,1160015.7449999999,12848.9919910275
41,2010-11-19,1172155.28,0,31.34,2.758,191.0312172,7.508,2010,11,19,46,4,Friday,46,November,2010-11,1175326.23,1164053.6400000001,13678.976647475853
41,2010-11-26,1866681.57,1,25.3,2.742,191.0121805,7.508,2010,11,26,47,4,Friday,47,November,2010-11,1172155.28,1344510.3925,348147.56854827143
41,2010-12-03,1220115.75,0,33.0,2.712,190.9931437,7.508,2010,12,3,48,4,Friday,48,December,2010-12,1866681.57,1358569.7075,339448.41237271804
41,2010-12-10,1434908.13,0,33.9,2.728,190.9741069,7.508,2010,12,10,49,4,Friday,49,December,2010-12,1220115.75,1423465.1825,316796.131073108
41,2010-12-17,1627904.68,0,31.51,2.778,191.0303376,7.508,2010,12,17,50,4,Friday,50,December,2010-12,1434908.13,1537402.5325,275554.79075982474
41,2010-12-24,2225016.73,0,29.81,2.781,191.1430189,7.508,2010,12,24,51,4,Friday,51,December,2010-12,1627904.68,1626986.3224999998,432079.8176555108
41,2010-12-31,1001790.16,1,25.19,2.829,191.2557002,7.508,2010,12,31,52,4,Friday,52,December,2010-12,2225016.73,1572404.9249999998,507769.2945625651
41,2011-01-07,1153596.53,0,23.76,2.882,191.3683815,7.241,2011,1,7,1,1,Friday,1,January,2011-01,1001790.16,1502077.025,550817.5797591732
41,2011-01-14,1052609.16,0,22.44,2.911,191.4784939,7.241,2011,1,14,2,1,Friday,2,January,2011-01,1153596.53,1358253.145,581276.6259384315
41,2011-01-21,1088025.8,0,32.7,2.973,191.5731924,7.241,2011,1,21,3,1,Friday,3,January,2011-01,1052609.16,1074005.4125,63781.29183711368
41,2011-01-28,1026439.93,0,32.23,3.008,191.667891,7.241,2011,1,28,4,1,Friday,4,January,2011-01,1088025.8,1080167.855,55074.764961789224
41,2011-02-04,1179420.5,0,14.56,3.011,191.7625895,7.241,2011,2,4,5,1,Friday,5,February,2011-02,1026439.93,1086623.8475000001,66813.88846986115
41,2011-02-11,1150003.36,1,16.81,3.037,191.8572881,7.241,2011,2,11,6,1,Friday,6,February,2011-02,1179420.5,1110972.3975,68021.67097818671
41,2011-02-18,1203399.64,0,39.39,3.051,191.9178331,7.241,2011,2,18,7,1,Friday,7,February,2011-02,1150003.36,1139815.8575,78675.09400107585
41,2011-02-25,1099714.93,0,26.1,3.101,191.9647167,7.241,2011,2,25,8,1,Friday,8,February,2011-02,1203399.64,1158134.6075,44650.45088185679
41,2011-03-04,1229257.7,0,34.99,3.232,192.0116004,7.241,2011,3,4,9,1,Friday,9,March,2011-03,1099714.93,1170593.9075,57635.22283332554
41,2011-03-11,1159089.6,0,31.6,3.372,192.058484,7.241,2011,3,11,10,1,Friday,10,March,2011-03,1229257.7,1172865.4674999998,56725.05395476106
41,2011-03-18,1115504.26,0,40.19,3.406,192.1237981,7.241,2011,3,18,11,1,Friday,11,March,2011-03,1159089.6,1150891.6225,57964.84054371212
41,2011-03-25,1140578.16,0,41.11,3.414,192.1964844,7.241,2011,3,25,12,1,Friday,12,March,2011-03,1115504.26,1161107.4300000002,48818.13522235705
41,2011-04-01,1179125.48,0,38.16,3.461,192.2691707,6.934,2011,4,1,13,2,Friday,13,April,2011-04,1140578.16,1148574.375,27089.431727536325
41,2011-04-08,1206252.12,0,42.87,3.532,192.3418571,6.934,2011,4,8,14,2,Friday,14,April,2011-04,1179125.48,1160365.005,40255.8005023679
41,2011-04-15,1192982.07,0,39.94,3.611,192.4225954,6.934,2011,4,15,15,2,Friday,15,April,2011-04,1206252.12,1179734.4575,28356.49337112197
41,2011-04-22,1304481.75,0,42.86,3.636,192.5234638,6.934,2011,4,22,16,2,Friday,16,April,2011-04,1192982.07,1220710.355,56935.187706049626
41,2011-04-29,1178841.05,0,39.81,3.663,192.6243322,6.934,2011,4,29,17,2,Friday,17,April,2011-04,1304481.75,1220639.2475,57004.57129236942
41,2011-05-06,1244956.91,0,41.2,3.735,192.7252006,6.934,2011,5,6,18,2,Friday,18,May,2011-05,1178841.05,1230315.445,57033.34558018691
41,2011-05-13,1270025.74,0,50.29,3.767,192.826069,6.934,2011,5,13,19,2,Friday,19,May,2011-05,1244956.91,1249576.3624999998,53096.146729419735
41,2011-05-20,1244542.33,0,41.11,3.828,192.831317,6.934,2011,5,20,20,2,Friday,20,May,2011-05,1270025.74,1234591.5074999998,39030.581094564164
41,2011-05-27,1278304.33,0,50.56,3.795,192.8365651,6.934,2011,5,27,21,2,Friday,21,May,2011-05,1244542.33,1259457.3275000001,17316.85213990126
41,2011-06-03,1297584.95,0,54.81,3.763,192.8418131,6.934,2011,6,3,22,2,Friday,22,June,2011-06,1278304.33,1272614.3375,21989.73961778072
41,2011-06-10,1311690.11,0,61.1,3.735,192.8470612,6.934,2011,6,10,23,2,Friday,23,June,2011-06,1297584.95,1283030.4300000002,29079.66742676574
41,2011-06-17,1289151.84,0,62.3,3.697,192.9034759,6.934,2011,6,17,24,2,Friday,24,June,2011-06,1311690.11,1294182.8075,14089.202675831442
41,2011-06-24,1244381.98,0,59.54,3.661,192.9982655,6.934,2011,6,24,25,2,Friday,25,June,2011-06,1289151.84,1285702.22,29073.652509377574
41,2011-07-01,1333347.78,0,67.01,3.597,193.0930552,6.901,2011,7,1,26,3,Friday,26,July,2011-07,1244381.98,1294642.9275,38056.91756552096
41,2011-07-08,1338862.58,0,68.49,3.54,193.1878448,6.901,2011,7,8,27,3,Friday,27,July,2011-07,1333347.78,1301436.045,44064.99887788409
41,2011-07-15,1245772.7,0,68.18,3.532,193.3125484,6.901,2011,7,15,28,3,Friday,28,July,2011-07,1338862.58,1290591.26,52606.21387772206
41,2011-07-22,1292830.93,0,74.11,3.545,193.5120367,6.901,2011,7,22,29,3,Friday,29,July,2011-07,1245772.7,1302703.4975,43147.55531974266
41,2011-07-29,1248330.1,0,71.3,3.547,193.711525,6.901,2011,7,29,30,3,Friday,30,July,2011-07,1292830.93,1281449.0775000001,43952.729978991454
41,2011-08-05,1402233.69,0,72.19,3.554,193.9110133,6.901,2011,8,5,31,3,Friday,31,August,2011-08,1248330.1,1297291.855,73221.50269244217
41,2011-08-12,1356689.88,0,67.65,3.542,194.1105017,6.901,2011,8,12,32,3,Friday,32,August,2011-08,1402233.69,1325021.15,68025.5153277463
41,2011-08-19,1412959.97,0,70.55,3.499,194.2500634,6.901,2011,8,19,33,3,Friday,33,August,2011-08,1356689.88,1355053.41,75214.56295897721
41,2011-08-26,1328740.71,0,71.61,3.485,194.3796374,6.901,2011,8,26,34,3,Friday,34,August,2011-08,1412959.97,1375156.0625,39402.69947233178
41,2011-09-02,1283849.38,0,70.37,3.511,194.5092113,6.901,2011,9,2,35,3,Friday,35,September,2011-09,1328740.71,1345559.9849999999,54029.98957894842
41,2011-09-09,1280958.97,1,58.31,3.566,194.6387853,6.901,2011,9,9,36,3,Friday,36,September,2011-09,1283849.38,1326627.2574999998,61572.026158167144
41,2011-09-16,1197019.39,0,54.82,3.596,194.7419707,6.901,2011,9,16,37,3,Friday,37,September,2011-09,1280958.97,1272642.1125,54956.41231397841
41,2011-09-23,1173059.79,0,55.06,3.581,194.8099713,6.901,2011,9,23,38,3,Friday,38,September,2011-09,1197019.39,1233721.8825,57070.3392411139
41,2011-09-30,1160619.61,0,61.77,3.538,194.8779718,6.901,2011,9,30,39,3,Friday,39,September,2011-09,1173059.79,1202914.44,54178.26454946694
41,2011-10-07,1277882.77,0,58.74,3.498,194.9459724,6.759,2011,10,7,40,4,Friday,40,October,2011-10,1160619.61,1202145.3900000001,52702.9067422095
41,2011-10-14,1247130.22,0,47.43,3.491,195.0261012,6.759,2011,10,14,41,4,Friday,41,October,2011-10,1277882.77,1214673.0975000001,56869.3660082495
41,2011-10-21,1214944.29,0,45.62,3.548,195.1789994,6.759,2011,10,21,42,4,Friday,42,October,2011-10,1247130.22,1225144.2225000001,50107.22742200205
41,2011-10-28,1274463.02,0,37.02,3.55,195.3318977,6.759,2011,10,28,43,4,Friday,43,October,2011-10,1214944.29,1253605.075,29217.805006676168
41,2011-11-04,1315684.86,0,35.04,3.527,195.4847959,6.759,2011,11,4,44,4,Friday,44,November,2011-11,1274463.02,1263055.5975000001,42693.80953278673
41,2011-11-11,1302499.23,0,32.87,3.505,195.6376941,6.759,2011,11,11,45,4,Friday,45,November,2011-11,1315684.86,1276897.85,44736.39382146672
41,2011-11-18,1230118.02,0,36.64,3.479,195.7184713,6.759,2011,11,18,46,4,Friday,46,November,2011-11,1302499.23,1280691.2825000002,37844.344245321336
41,2011-11-25,1906713.35,1,36.37,3.424,195.7704,6.759,2011,11,25,47,4,Friday,47,November,2011-11,1230118.02,1438753.865,314232.5577079304
41,2011-12-02,1292436.23,0,34.53,3.378,195.8223287,6.759,2011,12,2,48,4,Friday,48,December,2011-12,1906713.35,1432941.7075,317466.033139551
41,2011-12-09,1548661.45,0,17.05,3.331,195.8742575,6.759,2011,12,9,49,4,Friday,49,December,2011-12,1292436.23,1494482.2625,307452.38429236674
41,2011-12-16,1682368.32,0,25.01,3.266,195.9841685,6.759,2011,12,16,50,4,Friday,50,December,2011-12,1548661.45,1607544.8375,256814.48573432362
41,2011-12-23,2263722.68,0,25.59,3.173,196.1713893,6.759,2011,12,23,51,4,Friday,51,December,2011-12,1682368.32,1696797.17,411122.32037788344
41,2011-12-30,1264014.16,1,34.12,3.119,196.3586101,6.759,2011,12,30,52,4,Friday,52,December,2011-12,2263722.68,1689691.6524999999,420577.41949605837
41,2012-01-06,1208191.61,0,37.21,3.095,196.5458309,6.589,2012,1,6,1,1,Friday,1,January,2012-01,1264014.16,1604574.1925000001,487725.6545411552
41,2012-01-13,1134767.28,0,27.49,3.077,196.7330517,6.589,2012,1,13,2,1,Friday,2,January,2012-01,1208191.61,1467673.9325,533331.924883501
41,2012-01-20,1116295.24,0,31.56,3.055,196.7796652,6.589,2012,1,20,3,1,Friday,3,January,2012-01,1134767.28,1180817.0725,68202.56820744631
41,2012-01-27,1079398.81,0,33.15,3.038,196.8262786,6.589,2012,1,27,4,1,Friday,4,January,2012-01,1116295.24,1134663.2349999999,54154.01698367611
41,2012-02-03,1208825.6,0,31.65,3.031,196.8728921,6.589,2012,2,3,5,1,Friday,5,February,2012-02,1079398.81,1134821.7325,54441.11997631757
41,2012-02-10,1238844.56,1,22.0,3.103,196.9195056,6.589,2012,2,10,6,1,Friday,6,February,2012-02,1208825.6,1160841.0525,75286.63505961237
41,2012-02-17,1330451.46,0,22.52,3.113,196.9432711,6.589,2012,2,17,7,1,Friday,7,February,2012-02,1238844.56,1214380.1075,103797.67424442686
41,2012-02-24,1224915.66,0,27.89,3.129,196.9499007,6.589,2012,2,24,8,1,Friday,8,February,2012-02,1330451.46,1250759.32,54525.621863709064
41,2012-03-02,1239813.26,0,27.39,3.191,196.9565303,6.589,2012,3,2,9,1,Friday,9,March,2012-03,1224915.66,1258506.2349999999,48443.956992552645
41,2012-03-09,1243814.77,0,35.3,3.286,196.9631599,6.589,2012,3,9,10,1,Friday,10,March,2012-03,1239813.26,1259748.7875,47831.415201268595
41,2012-03-16,1201511.62,0,47.76,3.486,197.0457208,6.589,2012,3,16,11,1,Friday,11,March,2012-03,1243814.77,1227513.8275000001,19147.341290136334
41,2012-03-23,1215354.38,0,44.04,3.664,197.2295234,6.589,2012,3,23,12,1,Friday,12,March,2012-03,1201511.62,1225123.5074999998,20150.34495801071
41,2012-03-30,1239423.19,0,51.56,3.75,197.4133259,6.589,2012,3,30,13,1,Friday,13,March,2012-03,1215354.38,1225025.99,20056.281295551005
41,2012-04-06,1460234.31,0,48.48,3.854,197.5971285,6.547,2012,4,6,14,2,Friday,14,April,2012-04,1239423.19,1279130.875,121747.47701437862
41,2012-04-13,1323004.73,0,46.84,3.901,197.780931,6.547,2012,4,13,15,2,Friday,15,April,2012-04,1460234.31,1309504.1524999999,110570.2897701095
41,2012-04-20,1220815.33,0,43.57,3.936,197.7227385,6.547,2012,4,20,16,2,Friday,16,April,2012-04,1323004.73,1310869.3900000001,109043.47607024615
41,2012-04-27,1248950.65,0,57.66,3.927,197.664546,6.547,2012,4,27,17,2,Friday,17,April,2012-04,1220815.33,1313251.255,107048.45750979903
41,2012-05-04,1359770.73,0,52.86,3.903,197.6063534,6.547,2012,5,4,18,2,Friday,18,May,2012-05,1248950.65,1288135.3599999999,64329.69023247921
41,2012-05-11,1353285.1,0,50.22,3.87,197.5481609,6.547,2012,5,11,19,2,Friday,19,May,2012-05,1359770.73,1295705.4525000001,71214.03792384543
41,2012-05-18,1331514.44,0,55.24,3.837,197.5553137,6.547,2012,5,18,20,2,Friday,20,May,2012-05,1353285.1,1323380.23,51070.20491855257
41,2012-05-25,1424500.47,0,54.89,3.804,197.5886046,6.547,2012,5,25,21,2,Friday,21,May,2012-05,1331514.44,1367267.685,40023.33995908738
41,2012-06-01,1374891.36,0,57.29,3.764,197.6218954,6.547,2012,6,1,22,2,Friday,22,June,2012-06,1424500.47,1371047.8425,39792.633102859756
41,2012-06-08,1436383.84,0,65.11,3.741,197.6551863,6.547,2012,6,8,23,2,Friday,23,June,2012-06,1374891.36,1391822.5275,48226.16284610913
41,2012-06-15,1384584.59,0,64.92,3.723,197.692292,6.547,2012,6,15,24,2,Friday,24,June,2012-06,1436383.84,1405090.065,29936.045523019915
41,2012-06-22,1386407.17,0,66.88,3.735,197.7389345,6.547,2012,6,22,25,2,Friday,25,June,2012-06,1384584.59,1395566.74,27676.779266883917
41,2012-06-29,1355600.01,0,76.54,3.693,197.785577,6.547,2012,6,29,26,2,Friday,26,June,2012-06,1386407.17,1390743.9024999999,33540.23183335858
41,2012-07-06,1456300.89,0,74.47,3.646,197.8322195,6.432,2012,7,6,27,3,Friday,27,July,2012-07,1355600.01,1395723.165,42779.99512701364
41,2012-07-13,1332594.07,0,67.24,3.613,197.8788621,6.432,2012,7,13,28,3,Friday,28,July,2012-07,1456300.89,1382725.535,53776.83884729154
41,2012-07-20,1347175.93,0,74.06,3.585,197.9290378,6.432,2012,7,20,29,3,Friday,29,July,2012-07,1332594.07,1372917.725,56395.30896750507
41,2012-07-27,1344723.97,0,73.31,3.57,197.9792136,6.432,2012,7,27,30,3,Friday,30,July,2012-07,1347175.93,1370198.715,57754.37971063167
41,2012-08-03,1439607.35,0,73.16,3.528,198.0293893,6.432,2012,8,3,31,3,Friday,31,August,2012-08,1344723.97,1366025.33,49467.196641408045
41,2012-08-10,1504545.94,0,71.73,3.509,198.0795651,6.432,2012,8,10,32,3,Friday,32,August,2012-08,1439607.35,1409013.2974999999,77501.5257508728
41,2012-08-17,1560590.05,0,65.77,3.545,198.1001057,6.432,2012,8,17,33,3,Friday,33,August,2012-08,1504545.94,1462366.8275000001,92708.70995832831
41,2012-08-24,1464462.85,0,69.07,3.558,198.0984199,6.432,2012,8,24,34,3,Friday,34,August,2012-08,1560590.05,1492301.5475,52804.40717103703
41,2012-08-31,1360517.52,0,71.56,3.556,198.0967341,6.432,2012,8,31,35,3,Friday,35,August,2012-08,1464462.85,1472529.0899999999,84442.22364364185
41,2012-09-07,1392143.82,1,67.41,3.596,198.0950484,6.432,2012,9,7,36,3,Friday,36,September,2012-09,1360517.52,1444428.56,88824.96121694469
41,2012-09-14,1306644.25,0,59.39,3.659,198.1267184,6.432,2012,9,14,37,3,Friday,37,September,2012-09,1392143.82,1380942.1099999999,65925.53423957711
41,2012-09-21,1276609.36,0,59.81,3.765,198.358523,6.432,2012,9,21,38,3,Friday,38,September,2012-09,1306644.25,1333978.7375,52044.54335932078
41,2012-09-28,1307928.01,0,56.08,3.789,198.5903276,6.432,2012,9,28,39,3,Friday,39,September,2012-09,1276609.36,1320831.36,49695.14653239134
41,2012-10-05,1400160.95,0,50.14,3.779,198.8221322,6.195,2012,10,5,40,4,Friday,40,October,2012-10,1307928.01,1322835.6425,53542.72770907613
41,2012-10-12,1409544.97,0,39.38,3.76,199.0539368,6.195,2012,10,12,41,4,Friday,41,October,2012-10,1400160.95,1348560.8225,66356.807768981
41,2012-10-19,1326197.24,0,49.56,3.75,199.1481963,6.195,2012,10,19,42,4,Friday,42,October,2012-10,1409544.97,1360957.7925,51374.62154764212
41,2012-10-26,1316542.59,0,41.8,3.686,199.2195317,6.195,2012,10,26,43,4,Friday,43,October,2012-10,1326197.24,1363111.4375,48511.355548520674
42,2010-02-26,491510.58,0,52.77,2.825,126.5522857,9.765,2010,2,26,8,1,Friday,8,February,2010-02,508794.87,529849.855,37414.50246027999
42,2010-03-05,554972.42,0,55.92,2.877,126.5782857,9.765,2010,3,5,9,1,Friday,9,March,2010-03,491510.58,532746.9575,39217.0545047435
42,2010-03-12,588363.62,0,52.33,3.034,126.6042857,9.765,2010,3,12,10,1,Friday,10,March,2010-03,554972.42,535910.3725,44050.33816767308
42,2010-03-19,519914.1,0,61.46,3.054,126.6066452,9.765,2010,3,19,11,1,Friday,11,March,2010-03,588363.62,538690.1799999999,42075.39984827869
42,2010-03-26,478021.68,0,60.05,2.98,126.6050645,9.765,2010,3,26,12,1,Friday,12,March,2010-03,519914.1,535317.9550000001,47329.632886332765
42,2010-04-02,505907.41,0,63.66,3.086,126.6034839,9.524,2010,4,2,13,2,Friday,13,April,2010-04,478021.68,523051.7025,46893.92572125193
42,2010-04-09,582552.26,0,65.29,3.004,126.6019032,9.524,2010,4,9,14,2,Friday,14,April,2010-04,505907.41,521598.86249999993,44209.152927391566
42,2010-04-16,549528.16,0,69.74,3.109,126.5621,9.524,2010,4,16,15,2,Friday,15,April,2010-04,582552.26,529002.3775,46264.84159853888
42,2010-04-23,492364.77,0,66.42,3.05,126.4713333,9.524,2010,4,23,16,2,Friday,16,April,2010-04,549528.16,532588.15,41284.21172177164
42,2010-04-30,477615.87,0,69.76,3.105,126.3805667,9.524,2010,4,30,17,2,Friday,17,April,2010-04,492364.77,525515.265,49068.47353451467
42,2010-05-07,582846.22,0,71.06,3.127,126.2898,9.524,2010,5,7,18,2,Friday,18,May,2010-05,477615.87,525588.755,49182.46057448968
42,2010-05-14,564345.55,0,73.88,3.145,126.2085484,9.524,2010,5,14,19,2,Friday,19,May,2010-05,582846.22,529293.1025,52060.377030900934
42,2010-05-21,504403.16,0,78.32,3.12,126.1843871,9.524,2010,5,21,20,2,Friday,20,May,2010-05,564345.55,532302.7,49498.90691646096
42,2010-05-28,484097.03,0,76.67,3.058,126.1602258,9.524,2010,5,28,21,2,Friday,21,May,2010-05,504403.16,533922.99,47163.05490436696
42,2010-06-04,556046.12,0,82.82,2.941,126.1360645,9.524,2010,6,4,22,2,Friday,22,June,2010-06,484097.03,527222.9650000001,39112.872352967155
42,2010-06-11,607218.6,0,89.67,3.057,126.1119032,9.524,2010,6,11,23,2,Friday,23,June,2010-06,556046.12,537941.2274999999,55230.24850265137
42,2010-06-18,529418.64,0,83.49,2.935,126.114,9.524,2010,6,18,24,2,Friday,24,June,2010-06,607218.6,544195.0974999999,51453.96005215688
42,2010-06-25,484327.56,0,90.32,3.084,126.1266,9.524,2010,6,25,25,2,Friday,25,June,2010-06,529418.64,544252.73,51364.25818993204
42,2010-07-02,507168.8,0,92.89,2.978,126.1392,9.199,2010,7,2,26,3,Friday,26,July,2010-07,484327.56,532033.4,53397.08722443953
42,2010-07-09,570069.48,0,91.03,3.1,126.1518,9.199,2010,7,9,27,3,Friday,27,July,2010-07,507168.8,522746.12,36526.98352221279
42,2010-07-16,558837.27,0,91.8,2.971,126.1498065,9.199,2010,7,16,28,3,Friday,28,July,2010-07,570069.48,530100.7775,41005.47204580909
42,2010-07-23,491115.86,0,88.44,3.112,126.1283548,9.199,2010,7,23,29,3,Friday,29,July,2010-07,558837.27,531797.8525,38546.34574576381
42,2010-07-30,469598.57,0,85.03,3.017,126.1069032,9.199,2010,7,30,30,3,Friday,30,July,2010-07,491115.86,522405.29500000004,49553.816812161276
42,2010-08-06,579544.21,0,86.13,3.123,126.0854516,9.199,2010,8,6,31,3,Friday,31,August,2010-08,469598.57,524773.9775,52717.108957401055
42,2010-08-13,583079.97,0,88.37,3.049,126.064,9.199,2010,8,13,32,3,Friday,32,August,2010-08,579544.21,530834.6525000001,58962.23217768722
42,2010-08-20,500945.63,0,89.88,3.041,126.0766452,9.199,2010,8,20,33,3,Friday,33,August,2010-08,583079.97,533292.095,56924.65653215282
42,2010-08-27,465993.51,0,84.99,3.022,126.0892903,9.199,2010,8,27,34,3,Friday,34,August,2010-08,500945.63,532390.83,58281.600485877796
42,2010-09-03,524658.06,0,83.8,3.087,126.1019355,9.199,2010,9,3,35,3,Friday,35,September,2010-09,465993.51,518669.2925,49239.10027129288
42,2010-09-10,589091.04,1,84.04,2.961,126.1145806,9.199,2010,9,10,36,3,Friday,36,September,2010-09,524658.06,520172.06000000006,51881.02058520642
42,2010-09-17,536871.58,0,85.52,3.028,126.1454667,9.199,2010,9,17,37,3,Friday,37,September,2010-09,589091.04,529153.5475000001,50535.36971838867
42,2010-09-24,492262.96,0,85.75,2.939,126.1900333,9.199,2010,9,24,38,3,Friday,38,September,2010-09,536871.58,535720.91,40252.01811085923
42,2010-10-01,481523.93,0,86.01,3.001,126.2346,9.003,2010,10,1,39,4,Friday,39,October,2010-10,492262.96,524937.3775,49025.37636868789
42,2010-10-08,599759.45,0,77.04,2.924,126.2791667,9.003,2010,10,8,40,4,Friday,40,October,2010-10,481523.93,527604.48,53742.15900117836
42,2010-10-15,559285.35,0,75.48,3.08,126.3266774,9.003,2010,10,15,41,4,Friday,41,October,2010-10,599759.45,533207.9225,56145.23747231365
42,2010-10-22,522467.51,0,68.12,3.014,126.3815484,9.003,2010,10,22,42,4,Friday,42,October,2010-10,559285.35,540759.06,50555.74767467296
42,2010-10-29,476967.65,0,68.76,3.13,126.4364194,9.003,2010,10,29,43,4,Friday,43,October,2010-10,522467.51,539619.99,52354.57417344159
42,2010-11-05,565390.4,0,71.04,3.009,126.4912903,9.003,2010,11,5,44,4,Friday,44,November,2010-11,476967.65,531027.7275,40722.86742379549
42,2010-11-12,588592.61,0,61.24,3.13,126.5461613,9.003,2010,11,12,45,4,Friday,45,November,2010-11,565390.4,538354.5425,49246.148375135104
42,2010-11-19,524316.21,0,58.83,3.047,126.6072,9.003,2010,11,19,46,4,Friday,46,November,2010-11,588592.61,538816.7175,49055.65527765195
42,2010-11-26,522296.71,1,55.33,3.162,126.6692667,9.003,2010,11,26,47,4,Friday,47,November,2010-11,524316.21,550148.9825,32420.644252384755
42,2010-12-03,500250.8,0,51.17,3.041,126.7313333,9.003,2010,12,3,48,4,Friday,48,December,2010-12,522296.71,533864.0825,38078.99884263883
42,2010-12-10,585175.24,0,60.51,3.091,126.7934,9.003,2010,12,10,49,4,Friday,49,December,2010-12,500250.8,533009.74,36445.091191249136
42,2010-12-17,537455.65,0,59.15,3.125,126.8794839,9.003,2010,12,17,50,4,Friday,50,December,2010-12,585175.24,536294.6000000001,35989.63483562174
42,2010-12-24,555075.27,0,57.06,3.236,126.9835806,9.003,2010,12,24,51,4,Friday,51,December,2010-12,537455.65,544489.24,35467.94604090943
42,2010-12-31,428953.6,1,49.67,3.148,127.0876774,9.003,2010,12,31,52,4,Friday,52,December,2010-12,555075.27,526664.9400000001,68055.24090447559
42,2011-01-07,592947.75,0,43.43,3.287,127.1917742,8.744,2011,1,7,1,1,Friday,1,January,2011-01,428953.6,528608.0675,70354.81542671096
42,2011-01-14,613899.15,0,49.98,3.312,127.3009355,8.744,2011,1,14,2,1,Friday,2,January,2011-01,592947.75,547718.9425,82834.74920193957
42,2011-01-21,533414.62,0,56.75,3.336,127.4404839,8.744,2011,1,21,3,1,Friday,3,January,2011-01,613899.15,542303.78,82901.52627130538
42,2011-01-28,499081.79,0,53.03,3.231,127.5800323,8.744,2011,1,28,4,1,Friday,4,January,2011-01,533414.62,559835.8275,52941.40008756367
42,2011-02-04,586886.16,0,44.88,3.348,127.7195806,8.744,2011,2,4,5,1,Friday,5,February,2011-02,499081.79,558320.4299999999,51751.04149701397
42,2011-02-11,628063.88,1,51.51,3.381,127.859129,8.744,2011,2,11,6,1,Friday,6,February,2011-02,586886.16,561861.6125,57036.55463866384
42,2011-02-18,556485.1,0,61.77,3.43,127.99525,8.744,2011,2,18,7,1,Friday,7,February,2011-02,628063.88,567629.2324999999,54301.9933263898
42,2011-02-25,526904.08,0,53.59,3.398,128.13,8.744,2011,2,25,8,1,Friday,8,February,2011-02,556485.1,574584.805,43252.69030285578
42,2011-03-04,570879.04,0,56.96,3.674,128.26475,8.744,2011,3,4,9,1,Friday,9,March,2011-03,526904.08,570583.025,42468.56893448718
42,2011-03-11,607294.56,0,64.22,3.63,128.3995,8.744,2011,3,11,10,1,Friday,10,March,2011-03,570879.04,565390.6950000001,33399.52589104361
42,2011-03-18,558239.32,0,70.12,3.892,128.5121935,8.744,2011,3,18,11,1,Friday,11,March,2011-03,607294.56,565829.25,33254.81523716517
42,2011-03-25,522673.62,0,62.53,3.716,128.6160645,8.744,2011,3,25,12,1,Friday,12,March,2011-03,558239.32,564771.635,34930.471666770056
42,2011-04-01,508432.17,0,67.64,3.772,128.7199355,8.494,2011,4,1,13,2,Friday,13,April,2011-04,522673.62,549159.9175,44054.305805608
42,2011-04-08,620087.35,0,73.03,3.818,128.8238065,8.494,2011,4,8,14,2,Friday,14,April,2011-04,508432.17,552358.115,49774.47717282854
42,2011-04-15,597644.02,0,61.05,4.089,128.9107333,8.494,2011,4,15,15,2,Friday,15,April,2011-04,620087.35,562209.29,54956.157548175834
42,2011-04-22,534597.69,0,75.93,3.917,128.9553,8.494,2011,4,22,16,2,Friday,16,April,2011-04,597644.02,565190.3074999999,52358.77242083266
42,2011-04-29,496010.17,0,73.38,4.151,128.9998667,8.494,2011,4,29,17,2,Friday,17,April,2011-04,534597.69,562084.8075,57009.215276420146
42,2011-05-06,612337.35,0,73.56,4.193,129.0444333,8.494,2011,5,6,18,2,Friday,18,May,2011-05,496010.17,560147.3075,54455.36198131962
42,2011-05-13,603024.75,0,74.04,4.202,129.089,8.494,2011,5,13,19,2,Friday,19,May,2011-05,612337.35,561492.49,55741.64484102699
42,2011-05-20,524559.95,0,72.62,3.99,129.0756774,8.494,2011,5,20,20,2,Friday,20,May,2011-05,603024.75,558983.0549999999,57552.54438767031
42,2011-05-27,503295.29,0,78.62,3.933,129.0623548,8.494,2011,5,27,21,2,Friday,21,May,2011-05,524559.95,560804.335,54951.98139770964
42,2011-06-03,545109.3,0,81.87,3.893,129.0490323,8.494,2011,6,3,22,2,Friday,22,June,2011-06,503295.29,543997.3225,42894.99034682683
42,2011-06-10,616701.99,0,84.57,3.981,129.0357097,8.494,2011,6,10,23,2,Friday,23,June,2011-06,545109.3,547416.6325000001,49243.96865294434
42,2011-06-17,546675.65,0,87.96,3.935,129.0432,8.494,2011,6,17,24,2,Friday,24,June,2011-06,616701.99,552945.5575,47013.29747923624
42,2011-06-24,501780.66,0,90.69,3.807,129.0663,8.494,2011,6,24,25,2,Friday,25,June,2011-06,546675.65,552566.9,47549.53405649106
42,2011-07-01,506343.83,0,95.36,3.842,129.0894,8.257,2011,7,1,26,3,Friday,26,July,2011-07,501780.66,542875.5325,53191.9184129598
42,2011-07-08,593234.27,0,88.57,3.793,129.1125,8.257,2011,7,8,27,3,Friday,27,July,2011-07,506343.83,537008.6025,42568.038473514935
42,2011-07-15,591703.82,0,86.01,3.779,129.1338387,8.257,2011,7,15,28,3,Friday,28,July,2011-07,593234.27,548265.645,51079.49583758545
42,2011-07-22,511316.29,0,88.59,3.697,129.1507742,8.257,2011,7,22,29,3,Friday,29,July,2011-07,591703.82,550649.5525,48335.679125801376
42,2011-07-29,479256.8,0,86.75,3.694,129.1677097,8.257,2011,7,29,30,3,Friday,30,July,2011-07,511316.29,543877.7949999999,57618.03795797905
42,2011-08-05,572603.33,0,89.8,3.803,129.1846452,8.257,2011,8,5,31,3,Friday,31,August,2011-08,479256.8,538720.0599999999,52415.64877550424
42,2011-08-12,603147.26,0,85.61,3.794,129.2015806,8.257,2011,8,12,32,3,Friday,32,August,2011-08,572603.33,541580.9199999999,56430.03900410683
42,2011-08-19,526641.23,0,87.4,3.743,129.2405806,8.257,2011,8,19,33,3,Friday,33,August,2011-08,603147.26,545412.155,54165.12090442626
42,2011-08-26,503720.98,0,91.59,3.663,129.2832581,8.257,2011,8,26,34,3,Friday,34,August,2011-08,526641.23,551528.2,44771.94069097972
42,2011-09-02,537124.76,0,91.61,3.798,129.3259355,8.257,2011,9,2,35,3,Friday,35,September,2011-09,503720.98,542658.5575,42670.035414075304
42,2011-09-09,608390.94,1,89.06,3.771,129.3686129,8.257,2011,9,9,36,3,Friday,36,September,2011-09,537124.76,543969.4775,45155.969338588024
42,2011-09-16,576837.09,0,77.49,3.784,129.4306,8.257,2011,9,16,37,3,Friday,37,September,2011-09,608390.94,556518.4425,45706.6384692146
42,2011-09-23,528486.45,0,82.51,3.789,129.5183333,8.257,2011,9,23,38,3,Friday,38,September,2011-09,576837.09,562709.8099999999,37023.32072026752
42,2011-09-30,510243.79,0,82.27,3.877,129.6060667,8.257,2011,9,30,39,3,Friday,39,September,2011-09,528486.45,555989.5675,44831.6133458302
42,2011-10-07,649111.23,0,75.01,3.827,129.6938,7.874,2011,10,7,40,4,Friday,40,October,2011-10,510243.79,566169.6399999999,62023.719516620324
42,2011-10-14,613531.11,0,70.27,3.698,129.7706452,7.874,2011,10,14,41,4,Friday,41,October,2011-10,649111.23,575343.145,66667.15063944523
42,2011-10-21,537276.41,0,77.91,3.842,129.7821613,7.874,2011,10,21,42,4,Friday,42,October,2011-10,613531.11,577540.635,64724.38366176031
42,2011-10-28,515599.7,0,72.79,3.843,129.7936774,7.874,2011,10,28,43,4,Friday,43,October,2011-10,537276.41,578879.6125,62897.748131186185
42,2011-11-04,597667.21,0,68.57,3.828,129.8051935,7.874,2011,11,4,44,4,Friday,44,November,2011-11,515599.7,566018.6074999999,47000.89390865538
42,2011-11-11,643125.29,0,55.28,3.677,129.8167097,7.874,2011,11,11,45,4,Friday,45,November,2011-11,597667.21,573417.1525000001,58012.357317251015
42,2011-11-18,567673.87,0,58.97,3.669,129.8268333,7.874,2011,11,18,46,4,Friday,46,November,2011-11,643125.29,581016.5175,53516.761973310146
42,2011-11-25,577698.37,1,60.68,3.76,129.8364,7.874,2011,11,25,47,4,Friday,47,November,2011-11,567673.87,596541.185,33465.008209496445
42,2011-12-02,511883.36,0,57.29,3.701,129.8459667,7.874,2011,12,2,48,4,Friday,48,December,2011-12,577698.37,575095.2225,53807.31825879394
42,2011-12-09,619133.48,0,42.58,3.644,129.8555333,7.874,2011,12,9,49,4,Friday,49,December,2011-12,511883.36,569097.27,44170.34750984779
42,2011-12-16,598437.98,0,50.53,3.489,129.8980645,7.874,2011,12,16,50,4,Friday,50,December,2011-12,619133.48,576788.2975,46458.9509751824
42,2011-12-23,575676.13,0,48.36,3.541,129.9845484,7.874,2011,12,23,51,4,Friday,51,December,2011-12,598437.98,576282.7375,46456.74941305302
42,2011-12-30,454412.28,1,48.92,3.428,130.0710323,7.874,2011,12,30,52,4,Friday,52,December,2011-12,575676.13,561914.9675,73833.33941579018
42,2012-01-06,636372.37,0,59.85,3.443,130.1575161,7.545,2012,1,6,1,1,Friday,1,January,2012-01,454412.28,566224.6900000001,78633.61836197066
42,2012-01-13,664348.2,0,51.0,3.477,130.244,7.545,2012,1,13,2,1,Friday,2,January,2012-01,636372.37,582702.245,93191.96263103378
42,2012-01-20,579499.93,0,54.51,3.66,130.2792258,7.545,2012,1,20,3,1,Friday,3,January,2012-01,664348.2,583658.1950000001,93115.44602414787
42,2012-01-27,538978.67,0,53.59,3.675,130.3144516,7.545,2012,1,27,4,1,Friday,4,January,2012-01,579499.93,604799.7925,56318.569156357626
42,2012-02-03,588448.21,0,56.85,3.543,130.3496774,7.545,2012,2,3,5,1,Friday,5,February,2012-02,538978.67,592818.7525,52318.604141015145
42,2012-02-10,674919.45,1,55.73,3.722,130.3849032,7.545,2012,2,10,6,1,Friday,6,February,2012-02,588448.21,595461.5650000001,57177.6000909545
42,2012-02-17,606671.5,0,54.12,3.781,130.4546207,7.545,2012,2,17,7,1,Friday,7,February,2012-02,674919.45,602254.4575,56255.81200565893
42,2012-02-24,564304.15,0,56.02,3.95,130.5502069,7.545,2012,2,24,8,1,Friday,8,February,2012-02,606671.5,608585.8275,47505.104022409745
42,2012-03-02,585895.34,0,57.62,3.882,130.6457931,7.545,2012,3,2,9,1,Friday,9,March,2012-03,564304.15,607947.61,47881.48571435533
42,2012-03-09,659816.15,0,57.65,3.963,130.7413793,7.545,2012,3,9,10,1,Friday,10,March,2012-03,585895.34,604171.7849999999,40930.83879613495
42,2012-03-16,618767.26,0,62.11,4.273,130.8261935,7.545,2012,3,16,11,1,Friday,11,March,2012-03,659816.15,607195.725,41618.117675541056
42,2012-03-23,561226.38,0,56.54,4.288,130.8966452,7.545,2012,3,23,12,1,Friday,12,March,2012-03,618767.26,606426.2825,42690.07871965385
42,2012-03-30,544408.14,0,67.92,4.294,130.9670968,7.545,2012,3,30,13,1,Friday,13,March,2012-03,561226.38,596054.4825,53109.20171848053
42,2012-04-06,652312.11,0,65.99,4.282,131.0375484,7.382,2012,4,6,14,2,Friday,14,April,2012-04,544408.14,594178.4725,50156.603676187944
42,2012-04-13,639123.45,0,70.28,4.254,131.108,7.382,2012,4,13,15,2,Friday,15,April,2012-04,652312.11,599267.52,54341.216987098815
42,2012-04-20,552529.23,0,67.75,4.111,131.1173333,7.382,2012,4,20,16,2,Friday,16,April,2012-04,639123.45,597093.2325,56501.71946059326
42,2012-04-27,526625.49,0,80.11,4.088,131.1266667,7.382,2012,4,27,17,2,Friday,17,April,2012-04,552529.23,592647.57,62418.643067243655
42,2012-05-04,609274.89,0,77.02,4.058,131.136,7.382,2012,5,4,18,2,Friday,18,May,2012-05,526625.49,581888.265,51451.662971850354
42,2012-05-11,643603.69,0,76.03,4.186,131.1453333,7.382,2012,5,11,19,2,Friday,19,May,2012-05,609274.89,583008.325,53134.20119859593
42,2012-05-18,590636.38,0,85.19,4.308,131.0983226,7.382,2012,5,18,20,2,Friday,20,May,2012-05,643603.69,592535.1124999999,49111.78840774705
42,2012-05-25,535764.58,0,86.03,4.127,131.0287742,7.382,2012,5,25,21,2,Friday,21,May,2012-05,590636.38,594819.885,45069.71474858318
42,2012-06-01,521953.78,0,80.06,4.277,130.9592258,7.382,2012,6,1,22,2,Friday,22,June,2012-06,535764.58,572989.6074999999,55642.05719887617
42,2012-06-08,642671.48,0,86.87,4.103,130.8896774,7.382,2012,6,8,23,2,Friday,23,June,2012-06,521953.78,572756.5549999999,55248.26706750615
42,2012-06-15,606309.13,0,88.58,4.144,130.8295333,7.382,2012,6,15,24,2,Friday,24,June,2012-06,642671.48,576674.7425,57450.8236548059
42,2012-06-22,540031.29,0,89.92,4.014,130.7929,7.382,2012,6,22,25,2,Friday,25,June,2012-06,606309.13,577741.42,56469.28789951264
42,2012-06-29,507403.77,0,91.36,3.875,130.7562667,7.382,2012,6,29,26,2,Friday,26,June,2012-06,540031.29,574103.9175,61504.85065054364
42,2012-07-06,618702.09,0,86.87,3.666,130.7196333,7.17,2012,7,6,27,3,Friday,27,July,2012-07,507403.77,568111.5700000001,53205.24225281561
42,2012-07-13,628099.08,0,89.8,3.723,130.683,7.17,2012,7,13,28,3,Friday,28,July,2012-07,618702.09,573559.0575,59197.805970993635
42,2012-07-20,530318.39,0,84.45,3.589,130.7012903,7.17,2012,7,20,29,3,Friday,29,July,2012-07,628099.08,571130.8325,61196.94905534438
42,2012-07-27,516352.21,0,83.98,3.769,130.7195806,7.17,2012,7,27,30,3,Friday,30,July,2012-07,530318.39,573367.9425,58180.008206019345
42,2012-08-03,573084.71,0,84.76,3.595,130.737871,7.17,2012,8,3,31,3,Friday,31,August,2012-08,516352.21,561963.5974999999,50263.96660345163
42,2012-08-10,576620.31,0,90.78,3.811,130.7561613,7.17,2012,8,10,32,3,Friday,32,August,2012-08,573084.71,549093.905,30319.412108199012
42,2012-08-17,575997.78,0,88.83,4.002,130.7909677,7.17,2012,8,17,33,3,Friday,33,August,2012-08,576620.31,560513.7525,29481.333702122574
42,2012-08-24,535537.03,0,82.5,4.055,130.8381613,7.17,2012,8,24,34,3,Friday,34,August,2012-08,575997.78,565309.9575,19908.353454620454
42,2012-08-31,504760.57,0,86.97,3.886,130.8853548,7.17,2012,8,31,35,3,Friday,35,August,2012-08,535537.03,548228.9225,34774.33026111071
42,2012-09-07,617405.35,1,83.07,4.124,130.9325484,7.17,2012,9,7,36,3,Friday,36,September,2012-09,504760.57,558425.1825,48959.89685740608
42,2012-09-14,586737.66,0,78.47,3.966,130.9776667,7.17,2012,9,14,37,3,Friday,37,September,2012-09,617405.35,561110.1525,50514.61321423373
42,2012-09-21,527165.7,0,81.93,4.125,131.0103333,7.17,2012,9,21,38,3,Friday,38,September,2012-09,586737.66,559017.32,52076.54594979539
42,2012-09-28,505978.46,0,82.52,3.966,131.043,7.17,2012,9,28,39,3,Friday,39,September,2012-09,527165.7,559321.7925,51655.44453300647
42,2012-10-05,593162.53,0,80.88,4.132,131.0756667,6.943,2012,10,5,40,4,Friday,40,October,2012-10,505978.46,553261.0875,43318.28763931606
42,2012-10-12,612379.9,0,76.03,4.468,131.1083333,6.943,2012,10,12,41,4,Friday,41,October,2012-10,593162.53,559671.6475,51118.796604952535
42,2012-10-19,541406.98,0,72.71,4.449,131.1499677,6.943,2012,10,19,42,4,Friday,42,October,2012-10,612379.9,563231.9675,48530.58156468178
42,2012-10-26,514756.08,0,70.5,4.301,131.1930968,6.943,2012,10,26,43,4,Friday,43,October,2012-10,541406.98,565426.3725,45160.22562559034
43,2010-02-26,618702.79,0,48.77,2.561,203.2798724,9.521,2010,2,26,8,1,Friday,8,February,2010-02,658997.55,651912.1525000001,26697.884004742627
43,2010-03-05,658600.05,0,52.89,2.625,203.3117653,9.521,2010,3,5,9,1,Friday,9,March,2010-03,618702.79,654804.845,26619.202846273092
43,2010-03-12,645386.94,0,53.67,2.667,203.3436582,9.521,2010,3,12,10,1,Friday,10,March,2010-03,658600.05,645421.8325,18902.151303669856
43,2010-03-19,668098.49,0,56.0,2.72,203.195159,9.521,2010,3,19,11,1,Friday,11,March,2010-03,645386.94,647697.0675,21456.14041272785
43,2010-03-26,623097.93,0,54.53,2.732,203.0165945,9.521,2010,3,26,12,1,Friday,12,March,2010-03,668098.49,648795.8525,19499.72656495535
43,2010-04-02,650102.8,0,62.19,2.719,202.83803,9.593,2010,4,2,13,2,Friday,13,April,2010-04,623097.93,646671.54,18513.53574264157
43,2010-04-09,693058.34,0,64.37,2.77,202.6594654,9.593,2010,4,9,14,2,Friday,14,April,2010-04,650102.8,658589.39,29496.878025039576
43,2010-04-16,675282.2,0,69.46,2.808,202.5351571,9.593,2010,4,16,15,2,Friday,15,April,2010-04,693058.34,660385.3175,30471.423444583066
43,2010-04-23,638957.35,0,62.71,2.795,202.4831905,9.593,2010,4,23,16,2,Friday,16,April,2010-04,675282.2,664350.1725,24436.660738455117
43,2010-04-30,630740.11,0,66.91,2.78,202.4312238,9.593,2010,4,30,17,2,Friday,17,April,2010-04,638957.35,659509.5,29576.85695060801
43,2010-05-07,691498.6,0,67.16,2.835,202.3792571,9.593,2010,5,7,18,2,Friday,18,May,2010-05,630740.11,659119.565,28991.614060377826
43,2010-05-14,690851.59,0,72.14,2.854,202.3705092,9.593,2010,5,14,19,2,Friday,19,May,2010-05,691498.6,663011.9125,32693.680437724106
43,2010-05-21,672062.08,0,74.74,2.826,202.6210737,9.593,2010,5,21,20,2,Friday,20,May,2010-05,690851.59,671288.095,28495.221759156415
43,2010-05-28,630315.76,0,78.59,2.759,202.8716382,9.593,2010,5,28,21,2,Friday,21,May,2010-05,672062.08,671182.0075,28696.580045200943
43,2010-06-04,682012.53,0,82.76,2.705,203.1222028,9.593,2010,6,4,22,2,Friday,22,June,2010-06,630315.76,668810.49,26786.32128949773
43,2010-06-11,684023.95,0,88.12,2.668,203.3727673,9.593,2010,6,11,23,2,Friday,23,June,2010-06,682012.53,667103.58,25076.59023632597
43,2010-06-18,700009.77,0,84.9,2.637,203.370619,9.593,2010,6,18,24,2,Friday,24,June,2010-06,684023.95,674090.5025,30273.57707982261
43,2010-06-25,625196.14,0,88.48,2.653,203.2673857,9.593,2010,6,25,25,2,Friday,25,June,2010-06,700009.77,672810.5975,32748.263993316687
43,2010-07-02,667353.79,0,80.17,2.669,203.1641524,9.816,2010,7,2,26,3,Friday,26,July,2010-07,625196.14,669145.9125,32190.722812059183
43,2010-07-09,718748.33,0,81.52,2.642,203.060919,9.816,2010,7,9,27,3,Friday,27,July,2010-07,667353.79,677827.0075000001,41013.518445691734
43,2010-07-16,696844.36,0,84.17,2.623,203.0538548,9.816,2010,7,16,28,3,Friday,28,July,2010-07,718748.33,677035.655,40469.765977192204
43,2010-07-23,649035.55,0,86.6,2.608,203.1750161,9.816,2010,7,23,29,3,Friday,29,July,2010-07,696844.36,682995.5075000001,30919.23388461674
43,2010-07-30,622112.23,0,79.79,2.64,203.2961774,9.816,2010,7,30,30,3,Friday,30,July,2010-07,649035.55,671685.1174999999,44039.40484391481
43,2010-08-06,698536.06,0,84.66,2.627,203.4173387,9.816,2010,8,6,31,3,Friday,31,August,2010-08,622112.23,666632.05,37515.77763509912
43,2010-08-13,713479.91,0,86.31,2.692,203.5385,9.816,2010,8,13,32,3,Friday,32,August,2010-08,698536.06,670790.9375,42563.88784244022
43,2010-08-20,712869.09,0,85.26,2.664,203.5092419,9.816,2010,8,20,33,3,Friday,33,August,2010-08,713479.91,686749.3225,43641.14064387985
43,2010-08-27,655284.69,0,80.32,2.619,203.4799839,9.816,2010,8,27,34,3,Friday,34,August,2010-08,712869.09,695042.4375,27389.863185677008
43,2010-09-03,689326.91,0,80.43,2.577,203.4507258,9.816,2010,9,3,35,3,Friday,35,September,2010-09,655284.69,692740.15,27385.35838418306
43,2010-09-10,722120.04,1,81.32,2.565,203.4214677,9.816,2010,9,10,36,3,Friday,36,September,2010-09,689326.91,694900.1825,29800.73204604609
43,2010-09-17,725043.04,0,78.86,2.582,203.4499286,9.816,2010,9,17,37,3,Friday,37,September,2010-09,722120.04,697943.67,32725.677218925226
43,2010-09-24,650263.95,0,77.42,2.624,203.5216786,9.816,2010,9,24,38,3,Friday,38,September,2010-09,725043.04,696688.485,34929.33349594553
43,2010-10-01,657108.77,0,77.93,2.603,203.5934286,10.21,2010,10,1,39,4,Friday,39,October,2010-10,650263.95,688633.95,40468.23417673276
43,2010-10-08,713332.54,0,72.81,2.633,203.6651786,10.21,2010,10,8,40,4,Friday,40,October,2010-10,657108.77,686437.075,38220.54865115598
43,2010-10-15,699852.68,0,68.78,2.72,203.7299032,10.21,2010,10,15,41,4,Friday,41,October,2010-10,713332.54,680139.485,31162.74689587199
43,2010-10-22,680943.03,0,69.46,2.725,203.7770645,10.21,2010,10,22,42,4,Friday,42,October,2010-10,699852.68,687809.2550000001,24400.45756338553
43,2010-10-29,610076.32,0,65.88,2.716,203.8242258,10.21,2010,10,29,43,4,Friday,43,October,2010-10,680943.03,676051.1425000001,45945.70547264135
43,2010-11-05,605960.2,0,62.52,2.689,203.8713871,10.21,2010,11,5,44,4,Friday,44,November,2010-11,610076.32,649208.0575,48213.609163985006
43,2010-11-12,595421.23,0,59.98,2.728,203.9185484,10.21,2010,11,12,45,4,Friday,45,November,2010-11,605960.2,623100.195,39052.61157688044
43,2010-11-19,589467.35,0,54.96,2.771,203.8191286,10.21,2010,11,19,46,4,Friday,46,November,2010-11,595421.23,600231.2749999999,9464.743472756378
43,2010-11-26,633520.34,1,54.76,2.735,203.6952786,10.21,2010,11,26,47,4,Friday,47,November,2010-11,589467.35,606092.28,19515.596549916707
43,2010-12-03,557543.62,0,44.56,2.708,203.5714286,10.21,2010,12,3,48,4,Friday,48,December,2010-12,633520.34,593988.135,31163.489128799654
43,2010-12-10,598679.02,0,52.52,2.843,203.4475786,10.21,2010,12,10,49,4,Friday,49,December,2010-12,557543.62,594802.5825,31255.860815350126
43,2010-12-17,615761.77,0,56.51,2.869,203.3996521,10.21,2010,12,17,50,4,Friday,50,December,2010-12,598679.02,601376.1875,32500.052358791825
43,2010-12-24,656637.63,0,57.15,2.886,203.4086682,10.21,2010,12,24,51,4,Friday,51,December,2010-12,615761.77,607155.51,41051.74954848318
43,2010-12-31,534740.3,1,48.61,2.943,203.4176843,10.21,2010,12,31,52,4,Friday,52,December,2010-12,656637.63,601454.68,50689.78721001748
43,2011-01-07,611796.61,0,40.47,2.976,203.4267005,10.398,2011,1,7,1,1,Friday,1,January,2011-01,534740.3,604734.0775,50874.345263691386
43,2011-01-14,614940.07,0,43.45,2.983,203.4840645,10.398,2011,1,14,2,1,Friday,2,January,2011-01,611796.61,604528.6525,50816.59998248877
43,2011-01-21,601004.79,0,53.05,3.016,203.8315161,10.398,2011,1,21,3,1,Friday,3,January,2011-01,614940.07,590620.4425,37728.41259381678
43,2011-01-28,562558.27,0,44.98,3.01,204.1789677,10.398,2011,1,28,4,1,Friday,4,January,2011-01,601004.79,597574.9349999999,24095.190989192917
43,2011-02-04,651521.77,0,33.21,2.989,204.5264194,10.398,2011,2,4,5,1,Friday,5,February,2011-02,562558.27,607506.225,36766.00589707954
43,2011-02-11,635650.98,1,40.65,3.022,204.873871,10.398,2011,2,11,6,1,Friday,6,February,2011-02,651521.77,612683.9525,39517.284417248964
43,2011-02-18,626627.77,0,59.15,3.045,205.1683214,10.398,2011,2,18,7,1,Friday,7,February,2011-02,635650.98,619089.6975,39067.20806035436
43,2011-02-25,592340.01,0,58.37,3.065,205.4415714,10.398,2011,2,25,8,1,Friday,8,February,2011-02,626627.77,626535.1325000001,25011.635383663983
43,2011-03-04,616345.25,0,60.26,3.288,205.7148214,10.398,2011,3,4,9,1,Friday,9,March,2011-03,592340.01,617741.0025000001,18680.65376867953
43,2011-03-11,629026.75,0,60.24,3.459,205.9880714,10.398,2011,3,11,10,1,Friday,10,March,2011-03,616345.25,616084.9450000001,16758.392648519584
43,2011-03-18,635171.05,0,68.98,3.488,206.225924,10.398,2011,3,18,11,1,Friday,11,March,2011-03,629026.75,618220.765,18950.9235420218
43,2011-03-25,585989.1,0,65.53,3.473,206.4496175,10.398,2011,3,25,12,1,Friday,12,March,2011-03,635171.05,616633.0375,21881.466618517163
43,2011-04-01,611585.54,0,67.79,3.524,206.6733111,10.581,2011,4,1,13,2,Friday,13,April,2011-04,585989.1,615443.11,22031.238758318956
43,2011-04-08,650418.75,0,70.35,3.622,206.8970046,10.581,2011,4,8,14,2,Friday,14,April,2011-04,611585.54,620791.11,28169.144735793045
43,2011-04-15,635758.03,0,65.01,3.743,207.1015429,10.581,2011,4,15,15,2,Friday,15,April,2011-04,650418.75,620937.855,28270.373355280557
43,2011-04-22,638280.67,0,74.49,3.807,207.2581929,10.581,2011,4,22,16,2,Friday,16,April,2011-04,635758.03,634010.7475,16262.40769124566
43,2011-04-29,611464.21,0,71.34,3.81,207.4148429,10.581,2011,4,29,17,2,Friday,17,April,2011-04,638280.67,633980.415,16318.194889217846
43,2011-05-06,649148.74,0,66.77,3.906,207.5714929,10.581,2011,5,6,18,2,Friday,18,May,2011-05,611464.21,633662.9125,15898.704849880689
43,2011-05-13,684655.91,0,76.03,3.899,207.7281429,10.581,2011,5,13,19,2,Friday,19,May,2011-05,649148.74,645887.3825000001,30312.00013901798
43,2011-05-20,648330.18,0,74.21,3.907,207.5200622,10.581,2011,5,20,20,2,Friday,20,May,2011-05,684655.91,648399.76,29884.829367879433
43,2011-05-27,578209.63,0,80.89,3.786,207.3119816,10.581,2011,5,27,21,2,Friday,21,May,2011-05,648330.18,640086.115,44591.70999902745
43,2011-06-03,630972.15,0,83.49,3.699,207.1039009,10.581,2011,6,3,22,2,Friday,22,June,2011-06,578209.63,635541.9675,44285.429816271266
43,2011-06-10,643041.71,0,85.81,3.648,206.8958203,10.581,2011,6,10,23,2,Friday,23,June,2011-06,630972.15,625138.4175,32118.163403795123
43,2011-06-17,665781.74,0,88.49,3.637,206.8560238,10.581,2011,6,17,24,2,Friday,24,June,2011-06,643041.71,629501.3075,37115.18934646952
43,2011-06-24,604925.08,0,88.3,3.594,206.9424405,10.581,2011,6,24,25,2,Friday,25,June,2011-06,665781.74,636180.1699999999,25346.517189185244
43,2011-07-01,586781.78,0,91.36,3.524,207.0288571,10.641,2011,7,1,26,3,Friday,26,July,2011-07,604925.08,625132.5775,35833.95997724529
43,2011-07-08,651147.83,0,87.02,3.48,207.1152738,10.641,2011,7,8,27,3,Friday,27,July,2011-07,586781.78,627159.1075,37380.24033864707
43,2011-07-15,631827.38,0,84.67,3.575,207.1940691,10.641,2011,7,15,28,3,Friday,28,July,2011-07,651147.83,618670.5175,28482.201983442505
43,2011-07-22,597354.39,0,88.58,3.651,207.2538111,10.641,2011,7,22,29,3,Friday,29,July,2011-07,631827.38,616777.845,29915.54162548107
43,2011-07-29,533917.52,0,83.43,3.682,207.313553,10.641,2011,7,29,30,3,Friday,30,July,2011-07,597354.39,603561.78,51485.37313167101
43,2011-08-05,605956.59,0,87.47,3.684,207.3732949,10.641,2011,8,5,31,3,Friday,31,August,2011-08,533917.52,592263.97,41565.09696316281
43,2011-08-12,595626.56,0,86.64,3.638,207.4330369,10.641,2011,8,12,32,3,Friday,32,August,2011-08,605956.59,583213.765,33173.235271743215
43,2011-08-19,663396.32,0,82.08,3.554,207.4953088,10.641,2011,8,19,33,3,Friday,33,August,2011-08,595626.56,599724.2474999999,53041.78018816689
43,2011-08-26,561573.08,0,87.43,3.523,207.5580023,10.641,2011,8,26,34,3,Friday,34,August,2011-08,663396.32,606638.1375,42324.42176889855
43,2011-09-02,594224.9,0,87.84,3.533,207.6206959,10.641,2011,9,2,35,3,Friday,35,September,2011-09,561573.08,603705.215,42791.29917357602
43,2011-09-09,649128.23,1,79.29,3.546,207.6833894,10.641,2011,9,9,36,3,Friday,36,September,2011-09,594224.9,617080.6325,47524.25453306778
43,2011-09-16,618877.13,0,77.17,3.526,207.8527143,10.641,2011,9,16,37,3,Friday,37,September,2011-09,649128.23,605950.835,37140.54043708962
43,2011-09-23,586108.13,0,78.98,3.467,208.1642143,10.641,2011,9,23,38,3,Friday,38,September,2011-09,618877.13,612084.5975,28355.568912935127
43,2011-09-30,555183.72,0,78.97,3.355,208.4757143,10.641,2011,9,30,39,3,Friday,39,September,2011-09,586108.13,602324.3025,40619.38164907254
43,2011-10-07,642828.62,0,74.17,3.285,208.7872143,10.148,2011,10,7,40,4,Friday,40,October,2011-10,555183.72,600749.4,38252.98825728763
43,2011-10-14,590984.56,0,68.09,3.274,209.0752166,10.148,2011,10,14,41,4,Friday,41,October,2011-10,642828.62,593776.2575000001,36341.49130955794
43,2011-10-21,594625.96,0,70.3,3.353,209.2222327,10.148,2011,10,21,42,4,Friday,42,October,2011-10,590984.56,595905.7150000001,35990.25530062756
43,2011-10-28,572516.57,0,66.82,3.372,209.3692488,10.148,2011,10,28,43,4,Friday,43,October,2011-10,594625.96,600238.9275,29997.553981302262
43,2011-11-04,641905.37,0,59.08,3.332,209.516265,10.148,2011,11,4,44,4,Friday,44,November,2011-11,572516.57,600008.115,29560.994346740405
43,2011-11-11,615975.5,0,51.26,3.297,209.6632811,10.148,2011,11,11,45,4,Friday,45,November,2011-11,641905.37,606255.85,29658.91225631488
43,2011-11-18,628115.61,0,57.75,3.308,209.8651071,10.148,2011,11,18,46,4,Friday,46,November,2011-11,615975.5,614628.2625,30006.43725518593
43,2011-11-25,669965.22,1,55.7,3.236,210.0888571,10.148,2011,11,25,47,4,Friday,47,November,2011-11,628115.61,638990.425,23208.354843926765
43,2011-12-02,585028.26,0,47.49,3.172,210.3126071,10.148,2011,12,2,48,4,Friday,48,December,2011-12,669965.22,624771.1475,35168.87895252006
43,2011-12-09,617898.07,0,34.23,3.158,210.5363571,10.148,2011,12,9,49,4,Friday,49,December,2011-12,585028.26,625251.79,35021.430823885305
43,2011-12-16,665007.08,0,43.78,3.159,210.7365392,10.148,2011,12,16,50,4,Friday,50,December,2011-12,617898.07,634474.6575,40462.07413186669
43,2011-12-23,676290.46,0,42.63,3.112,210.9052972,10.148,2011,12,23,51,4,Friday,51,December,2011-12,665007.08,636055.9674999999,42389.13963130267
43,2011-12-30,505405.85,1,41.83,3.129,211.0740553,10.148,2011,12,30,52,4,Friday,52,December,2011-12,676290.46,616150.365,78041.03984988166
43,2012-01-06,670993.01,0,47.59,3.157,211.2428134,9.653,2012,1,6,1,1,Friday,1,January,2012-01,505405.85,629424.1,82807.21542027715
43,2012-01-13,663529.64,0,43.68,3.261,211.4115714,9.653,2012,1,13,2,1,Friday,2,January,2012-01,670993.01,629054.74,82598.62481250997
43,2012-01-20,619225.65,0,52.72,3.268,211.4997811,9.653,2012,1,20,3,1,Friday,3,January,2012-01,663529.64,614788.5375,76417.48947716755
43,2012-01-27,587685.38,0,52.1,3.29,211.5879908,9.653,2012,1,27,4,1,Friday,4,January,2012-01,619225.65,635358.42,39142.58827871487
43,2012-02-03,629176.71,0,51.92,3.36,211.6762005,9.653,2012,2,3,5,1,Friday,5,February,2012-02,587685.38,624904.345,31239.213867106537
43,2012-02-10,662198.65,1,46.54,3.409,211.7644101,9.653,2012,2,10,6,1,Friday,6,February,2012-02,629176.71,624571.5974999999,30692.965193484986
43,2012-02-17,660632.05,0,49.38,3.51,211.916835,9.653,2012,2,17,7,1,Friday,7,February,2012-02,662198.65,634923.1975,34972.98446276046
43,2012-02-24,613042.97,0,53.53,3.555,212.1174212,9.653,2012,2,24,8,1,Friday,8,February,2012-02,660632.05,641262.595,24193.043334354654
43,2012-03-02,693249.98,0,56.43,3.63,212.3180074,9.653,2012,3,2,9,1,Friday,9,March,2012-03,613042.97,657280.9125000001,33096.74524841618
43,2012-03-09,636677.67,0,54.52,3.669,212.5185936,9.653,2012,3,9,10,1,Friday,10,March,2012-03,693249.98,650900.6675,34271.77163240164
43,2012-03-16,661707.02,0,57.88,3.734,212.6651567,9.653,2012,3,16,11,1,Friday,11,March,2012-03,636677.67,651169.41,34377.56803177615
43,2012-03-23,610940.94,0,56.28,3.787,212.7396889,9.653,2012,3,23,12,1,Friday,12,March,2012-03,661707.02,650643.9025,35161.7751271428
43,2012-03-30,623258.4,0,69.88,3.845,212.8142212,9.653,2012,3,30,13,1,Friday,13,March,2012-03,610940.94,633146.0075000001,21748.822801802922
43,2012-04-06,658468.27,0,64.7,3.891,212.8887535,9.575,2012,4,6,14,2,Friday,14,April,2012-04,623258.4,638593.6575,25357.90906080172
43,2012-04-13,665687.92,0,70.18,3.891,212.9632857,9.575,2012,4,13,15,2,Friday,15,April,2012-04,658468.27,639588.8825000001,26614.408998182873
43,2012-04-20,638144.98,0,67.28,3.877,213.0130524,9.575,2012,4,20,16,2,Friday,16,April,2012-04,665687.92,646389.8925000001,19333.43904425241
43,2012-04-27,593138.59,0,78.27,3.814,213.062819,9.575,2012,4,27,17,2,Friday,17,April,2012-04,638144.98,638859.94,32635.257671693027
43,2012-05-04,637964.2,0,77.47,3.749,213.1125857,9.575,2012,5,4,18,2,Friday,18,May,2012-05,593138.59,633733.9225,30035.488193196103
43,2012-05-11,640159.04,0,67.59,3.688,213.1623524,9.575,2012,5,11,19,2,Friday,19,May,2012-05,637964.2,627351.7025,22830.424898630805
43,2012-05-18,648541.81,0,72.06,3.63,213.1753618,9.575,2012,5,18,20,2,Friday,20,May,2012-05,640159.04,629950.91,24961.217927773418
43,2012-05-25,597406.39,0,82.41,3.561,213.1736682,9.575,2012,5,25,21,2,Friday,21,May,2012-05,648541.81,631017.86,22866.515186704666
43,2012-06-01,605078.62,0,80.89,3.501,213.1719747,9.575,2012,6,1,22,2,Friday,22,June,2012-06,597406.39,622796.4650000001,25317.054461036634
43,2012-06-08,643032.51,0,85.73,3.452,213.1702811,9.575,2012,6,8,23,2,Friday,23,June,2012-06,605078.62,623514.8325,26005.345853628234
43,2012-06-15,634815.1,0,87.75,3.393,213.1786952,9.575,2012,6,15,24,2,Friday,24,June,2012-06,643032.51,620083.155,22234.169198409305
43,2012-06-22,613270.79,0,87.51,3.346,213.2123786,9.575,2012,6,22,25,2,Friday,25,June,2012-06,634815.1,624049.255,17816.91788739454
43,2012-06-29,593128.13,0,89.85,3.286,213.2460619,9.575,2012,6,29,26,2,Friday,26,June,2012-06,613270.79,621061.6325000001,22456.29173283704
43,2012-07-06,645618.59,0,82.68,3.227,213.2797452,9.285,2012,7,6,27,3,Friday,27,July,2012-07,593128.13,621708.1525,23320.290637597496
43,2012-07-13,627634.04,0,78.82,3.256,213.3134286,9.285,2012,7,13,28,3,Friday,28,July,2012-07,645618.59,619912.8875,22225.661073633288
43,2012-07-20,596554.05,0,83.83,3.311,213.3219124,9.285,2012,7,20,29,3,Friday,29,July,2012-07,627634.04,615733.7025,25255.992764589955
43,2012-07-27,572447.52,0,82.01,3.407,213.3303963,9.285,2012,7,27,30,3,Friday,30,July,2012-07,596554.05,610563.55,32503.103910511873
43,2012-08-03,614378.94,0,85.06,3.417,213.3388802,9.285,2012,8,3,31,3,Friday,31,August,2012-08,572447.52,602753.6375000001,23882.19511039197
43,2012-08-10,643558.78,0,86.36,3.494,213.3473641,9.285,2012,8,10,32,3,Friday,32,August,2012-08,614378.94,606734.8225,29964.999692635207
43,2012-08-17,640210.85,0,85.66,3.571,213.4226959,9.285,2012,8,17,33,3,Friday,33,August,2012-08,643558.78,617649.0225,32834.0314392596
43,2012-08-24,598234.64,0,81.65,3.62,213.5481636,9.285,2012,8,24,34,3,Friday,34,August,2012-08,640210.85,624095.8025,21615.73031990094
43,2012-08-31,593141.29,0,81.12,3.638,213.6736313,9.285,2012,8,31,35,3,Friday,35,August,2012-08,598234.64,618786.39,26787.58651985521
43,2012-09-07,663814.18,1,84.99,3.73,213.7990991,9.285,2012,9,7,36,3,Friday,36,September,2012-09,593141.29,623850.24,33980.31112942797
43,2012-09-14,625196.94,0,73.03,3.717,213.9332167,9.285,2012,9,14,37,3,Friday,37,September,2012-09,663814.18,620096.7625,32361.367406750403
43,2012-09-21,601990.02,0,75.87,3.721,214.1192333,9.285,2012,9,21,38,3,Friday,38,September,2012-09,625196.94,621035.6074999999,31560.261433878415
43,2012-09-28,577792.32,0,77.55,3.666,214.30525,9.285,2012,9,28,39,3,Friday,39,September,2012-09,601990.02,617198.365,36611.20752959806
43,2012-10-05,642614.89,0,74.09,3.617,214.4912667,8.839,2012,10,5,40,4,Friday,40,October,2012-10,577792.32,611898.5425,28176.55414915782
43,2012-10-12,619369.72,0,71.14,3.601,214.6772833,8.839,2012,10,12,41,4,Friday,41,October,2012-10,642614.89,610441.7375,27399.73603946864
43,2012-10-19,623919.23,0,71.25,3.594,214.7212488,8.839,2012,10,19,42,4,Friday,42,October,2012-10,619369.72,615924.04,27338.771721247143
43,2012-10-26,587603.55,0,69.17,3.506,214.7415392,8.839,2012,10,26,43,4,Friday,43,October,2012-10,623919.23,618376.8475,22848.6494337036
44,2010-02-26,273079.07,0,29.98,2.667,126.5522857,8.119,2010,2,26,8,1,Friday,8,February,2010-02,267956.3,277245.8625,8382.905065641533
44,2010-03-05,284617.27,0,40.65,2.681,126.5782857,8.119,2010,3,5,9,1,Friday,9,March,2010-03,273079.07,278127.4425,9078.610566995289
44,2010-03-12,272190.83,0,37.62,2.733,126.6042857,8.119,2010,3,12,10,1,Friday,10,March,2010-03,284617.27,274460.8675,7130.318942994436
44,2010-03-19,269624.2,0,42.49,2.782,126.6066452,8.119,2010,3,19,11,1,Friday,11,March,2010-03,272190.83,274877.8425,6656.145687194545
44,2010-03-26,276279.49,0,41.48,2.819,126.6050645,8.119,2010,3,26,12,1,Friday,12,March,2010-03,269624.2,275677.9475,6559.501693240501
44,2010-04-02,286197.5,0,42.15,2.842,126.6034839,7.972,2010,4,2,13,2,Friday,13,April,2010-04,276279.49,276073.005,7284.833645295758
44,2010-04-09,257361.3,0,38.97,2.877,126.6019032,7.972,2010,4,9,14,2,Friday,14,April,2010-04,286197.5,272365.6225,12100.747704034353
44,2010-04-16,280048.74,0,50.39,2.915,126.5621,7.972,2010,4,16,15,2,Friday,15,April,2010-04,257361.3,274971.7575,12431.564981026797
44,2010-04-23,278287.04,0,55.66,2.936,126.4713333,7.972,2010,4,23,16,2,Friday,16,April,2010-04,280048.74,275473.645,12541.993370873437
44,2010-04-30,272997.65,0,48.33,2.941,126.3805667,7.972,2010,4,30,17,2,Friday,17,April,2010-04,278287.04,272173.6825,10319.48429458369
44,2010-05-07,285379.86,0,44.42,2.948,126.2898,7.972,2010,5,7,18,2,Friday,18,May,2010-05,272997.65,279178.3225,5105.937427324889
44,2010-05-14,286515.92,0,50.15,2.962,126.2085484,7.972,2010,5,14,19,2,Friday,19,May,2010-05,285379.86,280795.1175,6346.610570345641
44,2010-05-21,267065.35,0,57.71,2.95,126.1843871,7.972,2010,5,21,20,2,Friday,20,May,2010-05,286515.92,277989.69499999995,9514.425511451867
44,2010-05-28,291891.01,0,53.11,2.908,126.1602258,7.972,2010,5,28,21,2,Friday,21,May,2010-05,267065.35,282713.03500000003,10811.400785955715
44,2010-06-04,282351.82,0,59.85,2.871,126.1360645,7.972,2010,6,4,22,2,Friday,22,June,2010-06,291891.01,281956.02499999997,10667.480567889384
44,2010-06-11,296818.2,0,65.24,2.841,126.1119032,7.972,2010,6,11,23,2,Friday,23,June,2010-06,282351.82,284531.595,13101.434845325008
44,2010-06-18,293481.36,0,58.41,2.819,126.114,7.972,2010,6,18,24,2,Friday,24,June,2010-06,296818.2,291135.59750000003,6205.373158106672
44,2010-06-25,288247.24,0,71.83,2.82,126.1266,7.972,2010,6,25,25,2,Friday,25,June,2010-06,293481.36,290224.655,6323.834916237638
44,2010-07-02,300628.19,0,78.82,2.814,126.1392,7.804,2010,7,2,26,3,Friday,26,July,2010-07,288247.24,294793.7475,5250.976055561709
44,2010-07-09,280472.78,0,71.33,2.802,126.1518,7.804,2010,7,9,27,3,Friday,27,July,2010-07,300628.19,290707.3925,8503.269215924196
44,2010-07-16,297099.95,0,77.79,2.791,126.1498065,7.804,2010,7,16,28,3,Friday,28,July,2010-07,280472.78,291612.04000000004,9070.33827700996
44,2010-07-23,292680.16,0,82.27,2.797,126.1283548,7.804,2010,7,23,29,3,Friday,29,July,2010-07,297099.95,292720.27,8788.617937252213
44,2010-07-30,275020.96,0,78.94,2.797,126.1069032,7.804,2010,7,30,30,3,Friday,30,July,2010-07,292680.16,286318.4625,10303.999780384009
44,2010-08-06,296804.49,0,81.24,2.802,126.0854516,7.804,2010,8,6,31,3,Friday,31,August,2010-08,275020.96,290401.39,10450.212364371328
44,2010-08-13,291028.09,0,74.93,2.837,126.064,7.804,2010,8,13,32,3,Friday,32,August,2010-08,296804.49,288883.425,9555.556694630286
44,2010-08-20,284740.5,0,76.34,2.85,126.0766452,7.804,2010,8,20,33,3,Friday,33,August,2010-08,291028.09,286898.51,9325.8613882648
44,2010-08-27,293155.08,0,75.31,2.854,126.0892903,7.804,2010,8,27,34,3,Friday,34,August,2010-08,284740.5,291432.04000000004,5058.720820463634
44,2010-09-03,295880.12,0,65.71,2.868,126.1019355,7.804,2010,9,3,35,3,Friday,35,September,2010-09,293155.08,291200.9475,4742.733063254157
44,2010-09-10,283455.13,1,65.74,2.87,126.1145806,7.804,2010,9,10,36,3,Friday,36,September,2010-09,295880.12,289307.7075,6140.329224763556
44,2010-09-17,279364.13,0,66.84,2.875,126.1454667,7.804,2010,9,17,37,3,Friday,37,September,2010-09,283455.13,287963.615,7829.4303650113125
44,2010-09-24,281313.78,0,68.22,2.872,126.1900333,7.804,2010,9,24,38,3,Friday,38,September,2010-09,279364.13,285003.29000000004,7441.2104700823165
44,2010-10-01,300152.45,0,68.74,2.853,126.2346,7.61,2010,10,1,39,4,Friday,39,October,2010-10,281313.78,286071.3725,9534.905291081142
44,2010-10-08,279524.44,0,63.03,2.841,126.2791667,7.61,2010,10,8,40,4,Friday,40,October,2010-10,300152.45,285088.7,10081.307390436164
44,2010-10-15,268708.43,0,54.12,2.845,126.3266774,7.61,2010,10,15,41,4,Friday,41,October,2010-10,279524.44,282424.775,13064.644835928937
44,2010-10-22,270110.3,0,56.89,2.849,126.3815484,7.61,2010,10,22,42,4,Friday,42,October,2010-10,268708.43,279623.905,14503.8768113322
44,2010-10-29,286497.49,0,45.12,2.841,126.4364194,7.61,2010,10,29,43,4,Friday,43,October,2010-10,270110.3,276210.16500000004,8372.531585681554
44,2010-11-05,270516.84,0,49.96,2.831,126.4912903,7.61,2010,11,5,44,4,Friday,44,November,2010-11,286497.49,273958.265,8395.299712730339
44,2010-11-12,281909.79,0,42.55,2.831,126.5461613,7.61,2010,11,12,45,4,Friday,45,November,2010-11,270516.84,277258.605,8236.912399592942
44,2010-11-19,284322.52,0,42.0,2.842,126.6072,7.61,2010,11,19,46,4,Friday,46,November,2010-11,281909.79,280811.66000000003,7114.398757866502
44,2010-11-26,307646.5,1,28.22,2.83,126.6692667,7.61,2010,11,26,47,4,Friday,47,November,2010-11,284322.52,286098.9125,15575.662940406535
44,2010-12-03,264214.12,0,25.8,2.812,126.7313333,7.61,2010,12,3,48,4,Friday,48,December,2010-12,307646.5,284523.2325,17832.703268832287
44,2010-12-10,278253.28,0,36.78,2.817,126.7934,7.61,2010,12,10,49,4,Friday,49,December,2010-12,264214.12,283609.105,18102.998130411914
44,2010-12-17,278646.35,0,35.21,2.842,126.8794839,7.61,2010,12,17,50,4,Friday,50,December,2010-12,278253.28,282190.0625,18250.304780009108
44,2010-12-24,365098.24,0,34.9,2.846,126.9835806,7.61,2010,12,24,51,4,Friday,51,December,2010-12,278646.35,296552.9975,46187.23110923206
44,2010-12-31,241937.11,1,26.79,2.868,127.0876774,7.61,2010,12,31,52,4,Friday,52,December,2010-12,365098.24,290983.745,52322.10122064568
44,2011-01-07,288320.38,0,16.94,2.891,127.1917742,7.224,2011,1,7,1,1,Friday,1,January,2011-01,241937.11,293500.52,51744.56163641732
44,2011-01-14,292859.36,0,20.6,2.903,127.3009355,7.224,2011,1,14,2,1,Friday,2,January,2011-01,288320.38,297053.77249999996,50865.054419436274
44,2011-01-21,276157.8,0,34.8,2.934,127.4404839,7.224,2011,1,21,3,1,Friday,3,January,2011-01,292859.36,274818.6625,23027.179055704935
44,2011-01-28,276011.4,0,31.64,2.96,127.5800323,7.224,2011,1,28,4,1,Friday,4,January,2011-01,276157.8,283337.235,8577.387791417883
44,2011-02-04,293953.08,0,23.35,2.974,127.7195806,7.224,2011,2,4,5,1,Friday,5,February,2011-02,276011.4,284745.41000000003,10010.783313067814
44,2011-02-11,307486.73,1,30.83,3.034,127.859129,7.224,2011,2,11,6,1,Friday,6,February,2011-02,293953.08,288402.2525,15258.7549741589
44,2011-02-18,280785.76,0,40.85,3.062,127.99525,7.224,2011,2,18,7,1,Friday,7,February,2011-02,307486.73,289559.2425,14156.49023854022
44,2011-02-25,279427.93,0,33.17,3.12,128.13,7.224,2011,2,25,8,1,Friday,8,February,2011-02,280785.76,290413.375,13132.655670494027
44,2011-03-04,293984.54,0,34.23,3.23,128.26475,7.224,2011,3,4,9,1,Friday,9,March,2011-03,279427.93,290421.24,13135.491304307026
44,2011-03-11,284496.14,0,41.28,3.346,128.3995,7.224,2011,3,11,10,1,Friday,10,March,2011-03,293984.54,284673.5925,6566.517325276332
44,2011-03-18,281699.68,0,44.69,3.407,128.5121935,7.224,2011,3,18,11,1,Friday,11,March,2011-03,284496.14,284902.0725,6399.936221491124
44,2011-03-25,285031.81,0,42.38,3.435,128.6160645,7.224,2011,3,25,12,1,Friday,12,March,2011-03,281699.68,286303.0425,5325.325619542261
44,2011-04-01,281514.26,0,42.49,3.487,128.7199355,6.906,2011,4,1,13,2,Friday,13,April,2011-04,285031.81,283185.47250000003,1837.3297683200676
44,2011-04-08,292498.61,0,42.75,3.547,128.8238065,6.906,2011,4,8,14,2,Friday,14,April,2011-04,281514.26,285186.08999999997,5135.956298677872
44,2011-04-15,289667.55,0,41.72,3.616,128.9107333,6.906,2011,4,15,15,2,Friday,15,April,2011-04,292498.61,287178.0575,4871.373258300599
44,2011-04-22,280357.3,0,47.55,3.655,128.9553,6.906,2011,4,22,16,2,Friday,16,April,2011-04,289667.55,286009.43,5990.114797803276
44,2011-04-29,281247.97,0,43.85,3.683,128.9998667,6.906,2011,4,29,17,2,Friday,17,April,2011-04,280357.3,285942.8575,6057.822663968212
44,2011-05-06,299354.67,0,47.75,3.744,129.0444333,6.906,2011,5,6,18,2,Friday,18,May,2011-05,281247.97,287656.8725,8855.113029530045
44,2011-05-13,307095.31,0,52.4,3.77,129.089,6.906,2011,5,13,19,2,Friday,19,May,2011-05,299354.67,292013.8125,13330.633944356035
44,2011-05-20,303559.23,0,52.12,3.802,129.0756774,6.906,2011,5,20,20,2,Friday,20,May,2011-05,307095.31,297814.295,11488.507253347709
44,2011-05-27,308442.49,0,54.62,3.778,129.0623548,6.906,2011,5,27,21,2,Friday,21,May,2011-05,303559.23,304612.925,4065.6004958455483
44,2011-06-03,308950.04,0,52.76,3.752,129.0490323,6.906,2011,6,3,22,2,Friday,22,June,2011-06,308442.49,307011.7675,2431.1082311318064
44,2011-06-10,308770.42,0,61.39,3.732,129.0357097,6.906,2011,6,10,23,2,Friday,23,June,2011-06,308950.04,307430.545,2589.4170890282785
44,2011-06-17,300255.87,0,63.35,3.704,129.0432,6.906,2011,6,17,24,2,Friday,24,June,2011-06,308770.42,306604.70499999996,4237.76974704287
44,2011-06-24,296765.59,0,66.38,3.668,129.0663,6.906,2011,6,24,25,2,Friday,25,June,2011-06,300255.87,303685.48,6143.270278968062
44,2011-07-01,315273.08,0,74.29,3.613,129.0894,6.56,2011,7,1,26,3,Friday,26,July,2011-07,296765.59,305266.24,8362.236188511542
44,2011-07-08,295339.01,0,77.3,3.563,129.1125,6.56,2011,7,8,27,3,Friday,27,July,2011-07,315273.08,301908.3875,9146.053913589081
44,2011-07-15,289201.21,0,75.59,3.553,129.1338387,6.56,2011,7,15,28,3,Friday,28,July,2011-07,295339.01,299144.72250000003,11241.90190864276
44,2011-07-22,303108.81,0,78.5,3.563,129.1507742,6.56,2011,7,22,29,3,Friday,29,July,2011-07,289201.21,300730.52749999997,11241.821973233633
44,2011-07-29,279677.0,0,77.62,3.574,129.1677097,6.56,2011,7,29,30,3,Friday,30,July,2011-07,303108.81,291831.5075,9901.694181132923
44,2011-08-05,298080.45,0,75.56,3.595,129.1846452,6.56,2011,8,5,31,3,Friday,31,August,2011-08,279677.0,292516.8675,10311.780936263212
44,2011-08-12,290399.66,0,75.95,3.606,129.2015806,6.56,2011,8,12,32,3,Friday,32,August,2011-08,298080.45,292816.48,10200.137099937583
44,2011-08-19,290909.69,0,76.68,3.578,129.2405806,6.56,2011,8,19,33,3,Friday,33,August,2011-08,290399.66,289766.7,7585.67838438927
44,2011-08-26,324174.79,0,81.53,3.57,129.2832581,6.56,2011,8,26,34,3,Friday,34,August,2011-08,290909.69,300891.14749999996,15913.60877039139
44,2011-09-02,309543.52,0,77.0,3.58,129.3259355,6.56,2011,9,2,35,3,Friday,35,September,2011-09,324174.79,303756.91500000004,16266.959030268024
44,2011-09-09,295811.25,1,70.19,3.619,129.3686129,6.56,2011,9,9,36,3,Friday,36,September,2011-09,309543.52,305109.8125,14958.14017909566
44,2011-09-16,303974.28,0,67.54,3.641,129.4306,6.56,2011,9,16,37,3,Friday,37,September,2011-09,295811.25,308375.96,11947.286301763936
44,2011-09-23,307409.13,0,63.6,3.648,129.5183333,6.56,2011,9,23,38,3,Friday,38,September,2011-09,303974.28,304184.54500000004,6035.253156801734
44,2011-09-30,299757.75,0,68.28,3.623,129.6060667,6.56,2011,9,30,39,3,Friday,39,September,2011-09,307409.13,301738.10250000004,5040.185819928788
44,2011-10-07,312577.36,0,60.62,3.592,129.6938,6.078,2011,10,7,40,4,Friday,40,October,2011-10,299757.75,305929.63,5425.149176436031
44,2011-10-14,293031.78,0,51.74,3.567,129.7706452,6.078,2011,10,14,41,4,Friday,41,October,2011-10,312577.36,303194.005,8580.856507312383
44,2011-10-21,305969.81,0,54.66,3.579,129.7821613,6.078,2011,10,21,42,4,Friday,42,October,2011-10,293031.78,302834.175,8372.837020469946
44,2011-10-28,306336.07,0,47.41,3.567,129.7936774,6.078,2011,10,28,43,4,Friday,43,October,2011-10,305969.81,304478.755,8211.648304265811
44,2011-11-04,307126.34,0,43.51,3.538,129.8051935,6.078,2011,11,4,44,4,Friday,44,November,2011-11,306336.07,303116.0,6740.113803316097
44,2011-11-11,312233.56,0,33.8,3.513,129.8167097,6.078,2011,11,11,45,4,Friday,45,November,2011-11,307126.34,307916.445,2918.2598009803382
44,2011-11-18,310531.04,0,40.65,3.489,129.8268333,6.078,2011,11,18,46,4,Friday,46,November,2011-11,312233.56,309056.7525,2792.50396661179
44,2011-11-25,309129.01,1,38.89,3.445,129.8364,6.078,2011,11,25,47,4,Friday,47,November,2011-11,310531.04,309754.9875,2163.886521225753
44,2011-12-02,284309.34,0,33.94,3.389,129.8459667,6.078,2011,12,2,48,4,Friday,48,December,2011-12,309129.01,304050.7375,13222.008563946554
44,2011-12-09,304300.91,0,24.82,3.341,129.8555333,6.078,2011,12,9,49,4,Friday,49,December,2011-12,284309.34,302067.575,12135.853212730914
44,2011-12-16,311144.16,0,27.85,3.282,129.8980645,6.078,2011,12,16,50,4,Friday,50,December,2011-12,304300.91,302220.855,12281.381247308913
44,2011-12-23,376233.89,0,24.76,3.186,129.9845484,6.078,2011,12,23,51,4,Friday,51,December,2011-12,311144.16,318997.07499999995,39820.16863549946
44,2011-12-30,263917.85,1,31.53,3.119,130.0710323,6.078,2011,12,30,52,4,Friday,52,December,2011-12,376233.89,313899.2025,46488.22912503131
44,2012-01-06,325327.93,0,33.8,3.08,130.1575161,5.774,2012,1,6,1,1,Friday,1,January,2012-01,263917.85,319155.9575,46229.215302222845
44,2012-01-13,312361.88,0,25.61,3.056,130.244,5.774,2012,1,13,2,1,Friday,2,January,2012-01,325327.93,319460.3875,46162.83108653982
44,2012-01-20,316948.39,0,32.71,3.047,130.2792258,5.774,2012,1,20,3,1,Friday,3,January,2012-01,312361.88,304639.0125,27673.138838551426
44,2012-01-27,308295.38,0,34.32,3.058,130.3144516,5.774,2012,1,27,4,1,Friday,4,January,2012-01,316948.39,315733.395,7308.043405537173
44,2012-02-03,325986.05,0,31.39,3.077,130.3496774,5.774,2012,2,3,5,1,Friday,5,February,2012-02,308295.38,315897.92500000005,7597.719996833381
44,2012-02-10,325377.97,1,33.73,3.116,130.3849032,5.774,2012,2,10,6,1,Friday,6,February,2012-02,325986.05,319151.9475,8330.44690055336
44,2012-02-17,320691.21,0,36.57,3.119,130.4546207,5.774,2012,2,17,7,1,Friday,7,February,2012-02,325377.97,320087.6525,8209.760952443872
44,2012-02-24,315641.8,0,35.38,3.145,130.5502069,5.774,2012,2,24,8,1,Friday,8,February,2012-02,320691.21,321924.25749999995,4810.265644854927
44,2012-03-02,316687.22,0,32.36,3.242,130.6457931,5.774,2012,3,2,9,1,Friday,9,March,2012-03,315641.8,319599.55,4424.451391353255
44,2012-03-09,303438.24,0,38.24,3.38,130.7413793,5.774,2012,3,9,10,1,Friday,10,March,2012-03,316687.22,314114.6175,7442.830452742781
44,2012-03-16,331965.95,0,52.5,3.529,130.8261935,5.774,2012,3,16,11,1,Friday,11,March,2012-03,303438.24,316933.3025,11687.967288946104
44,2012-03-23,296947.06,0,47.83,3.671,130.8966452,5.774,2012,3,23,12,1,Friday,12,March,2012-03,331965.95,312259.6175,15494.454090489162
44,2012-03-30,310027.29,0,53.2,3.734,130.9670968,5.774,2012,3,30,13,1,Friday,13,March,2012-03,296947.06,310594.635,15215.400947229495
44,2012-04-06,320021.1,0,48.85,3.793,131.0375484,5.621,2012,4,6,14,2,Friday,14,April,2012-04,310027.29,314740.35,14870.795983068623
44,2012-04-13,311390.22,0,51.7,3.833,131.108,5.621,2012,4,13,15,2,Friday,15,April,2012-04,320021.1,309596.4175,9523.368257586753
44,2012-04-20,323233.8,0,50.24,3.845,131.1173333,5.621,2012,4,20,16,2,Friday,16,April,2012-04,311390.22,316168.1025,6462.904667934312
44,2012-04-27,330338.36,0,64.8,3.842,131.1266667,5.621,2012,4,27,17,2,Friday,17,April,2012-04,323233.8,321245.87,7858.310644583799
44,2012-05-04,326053.28,0,54.41,3.831,131.136,5.621,2012,5,4,18,2,Friday,18,May,2012-05,330338.36,322753.91500000004,8119.389735430331
44,2012-05-11,341381.08,0,56.47,3.809,131.1453333,5.621,2012,5,11,19,2,Friday,19,May,2012-05,326053.28,330251.63,7973.879441165325
44,2012-05-18,334042.43,0,65.17,3.808,131.0983226,5.621,2012,5,18,20,2,Friday,20,May,2012-05,341381.08,332953.7875,6497.739764425403
44,2012-05-25,343268.29,0,62.39,3.801,131.0287742,5.621,2012,5,25,21,2,Friday,21,May,2012-05,334042.43,336186.27,7840.378275357673
44,2012-06-01,323410.94,0,61.11,3.788,130.9592258,5.621,2012,6,1,22,2,Friday,22,June,2012-06,343268.29,335525.685,9003.715429421412
44,2012-06-08,340238.38,0,68.4,3.776,130.8896774,5.621,2012,6,8,23,2,Friday,23,June,2012-06,323410.94,335240.01,8771.128345059224
44,2012-06-15,338400.82,0,65.97,3.756,130.8295333,5.621,2012,6,15,24,2,Friday,24,June,2012-06,340238.38,336329.6075,8843.183975774347
44,2012-06-22,336241.0,0,72.89,3.737,130.7929,5.621,2012,6,22,25,2,Friday,25,June,2012-06,338400.82,334572.785,7618.454431081717
44,2012-06-29,338386.08,0,82.0,3.681,130.7562667,5.621,2012,6,29,26,2,Friday,26,June,2012-06,336241.0,338316.57,1634.347393048967
44,2012-07-06,358461.58,0,79.23,3.63,130.7196333,5.407,2012,7,6,27,3,Friday,27,July,2012-07,338386.08,342872.37,10442.223483969405
44,2012-07-13,336479.49,0,83.68,3.595,130.683,5.407,2012,7,13,28,3,Friday,28,July,2012-07,358461.58,342392.0375,10755.94985604344
44,2012-07-20,337819.16,0,75.69,3.556,130.7012903,5.407,2012,7,20,29,3,Friday,29,July,2012-07,336479.49,342786.5775,10480.532285693029
44,2012-07-27,319855.26,0,80.42,3.537,130.7195806,5.407,2012,7,27,30,3,Friday,30,July,2012-07,337819.16,338153.8725,15813.05149282887
44,2012-08-03,342385.38,0,81.99,3.512,130.737871,5.407,2012,8,3,31,3,Friday,31,August,2012-08,319855.26,334134.8225,9849.693950432855
44,2012-08-10,333594.81,0,81.69,3.509,130.7561613,5.407,2012,8,10,32,3,Friday,32,August,2012-08,342385.38,333413.65249999997,9725.622788808652
44,2012-08-17,327389.51,0,79.4,3.545,130.7909677,5.407,2012,8,17,33,3,Friday,33,August,2012-08,333594.81,330806.24,9547.261608051364
44,2012-08-24,337985.74,0,77.37,3.582,130.8381613,5.407,2012,8,24,34,3,Friday,34,August,2012-08,327389.51,335338.86,6400.346179952623
44,2012-08-31,339490.69,0,79.18,3.624,130.8853548,5.407,2012,8,31,35,3,Friday,35,August,2012-08,337985.74,334615.1875,5427.790660393944
44,2012-09-07,338737.33,1,70.65,3.689,130.9325484,5.407,2012,9,7,36,3,Friday,36,September,2012-09,339490.69,335900.8175,5707.370816741441
44,2012-09-14,347726.67,0,68.55,3.749,130.9776667,5.407,2012,9,14,37,3,Friday,37,September,2012-09,338737.33,340985.1075,4536.175249964139
44,2012-09-21,336017.6,0,67.96,3.821,131.0103333,5.407,2012,9,21,38,3,Friday,38,September,2012-09,347726.67,340493.0725,5047.844070913288
44,2012-09-28,355307.94,0,64.8,3.821,131.043,5.407,2012,9,28,39,3,Friday,39,September,2012-09,336017.6,344447.385,8800.97283009814
44,2012-10-05,337390.44,0,61.79,3.815,131.0756667,5.217,2012,10,5,40,4,Friday,40,October,2012-10,355307.94,344110.6625,9112.51126620892
44,2012-10-12,337796.13,0,55.1,3.797,131.1083333,5.217,2012,10,12,41,4,Friday,41,October,2012-10,337390.44,341628.02749999997,9151.638997304639
44,2012-10-19,323766.77,0,52.06,3.781,131.1499677,5.217,2012,10,19,42,4,Friday,42,October,2012-10,337796.13,338565.32,12926.515421634907
44,2012-10-26,361067.07,0,46.97,3.755,131.1930968,5.217,2012,10,26,43,4,Friday,43,October,2012-10,323766.77,340005.10250000004,15481.235274208202
45,2010-02-26,741891.65,0,34.89,2.754,182.0774691,8.992,2010,2,26,8,1,Friday,8,February,2010-02,841264.04,782708.46,104179.56969842566
45,2010-03-05,777951.22,0,37.13,2.777,182.1201566,8.992,2010,3,5,9,1,Friday,9,March,2010-03,741891.65,754523.8875000001,76909.88643196107
45,2010-03-12,765687.42,0,45.8,2.818,182.1628441,8.992,2010,3,12,10,1,Friday,10,March,2010-03,777951.22,781698.5825,42438.330365176815
45,2010-03-19,773819.49,0,48.79,2.844,182.0779857,8.992,2010,3,19,11,1,Friday,11,March,2010-03,765687.42,764837.4450000001,16123.277094677818
45,2010-03-26,782563.38,0,54.36,2.854,181.9718697,8.992,2010,3,26,12,1,Friday,12,March,2010-03,773819.49,775005.3775,7165.473954067454
45,2010-04-02,877235.96,0,47.74,2.85,181.8657537,8.899,2010,4,2,13,2,Friday,13,April,2010-04,782563.38,799826.5625,52064.32291565517
45,2010-04-09,833782.7,0,65.45,2.869,181.7596377,8.899,2010,4,9,14,2,Friday,14,April,2010-04,877235.96,816850.3825000001,48167.68486482354
45,2010-04-16,782221.96,0,54.28,2.899,181.6924769,8.899,2010,4,16,15,2,Friday,15,April,2010-04,833782.7,818951.0,45790.090469727846
45,2010-04-23,749779.1,0,53.47,2.902,181.6772564,8.899,2010,4,23,16,2,Friday,16,April,2010-04,782221.96,810754.9299999999,56220.36333999625
45,2010-04-30,737265.57,0,53.15,2.921,181.6620359,8.899,2010,4,30,17,2,Friday,17,April,2010-04,749779.1,775762.3325,43070.55810490597
45,2010-05-07,812190.76,0,70.75,2.966,181.6468154,8.899,2010,5,7,18,2,Friday,18,May,2010-05,737265.57,770364.3474999999,33711.19123501396
45,2010-05-14,758182.2,0,54.26,2.982,181.6612792,8.899,2010,5,14,19,2,Friday,19,May,2010-05,812190.76,764354.4075,33028.56073031463
45,2010-05-21,747888.25,0,62.62,2.958,181.8538486,8.899,2010,5,21,20,2,Friday,20,May,2010-05,758182.2,763881.6950000001,33318.95555292247
45,2010-05-28,801098.43,0,69.27,2.899,182.0464181,8.899,2010,5,28,21,2,Friday,21,May,2010-05,747888.25,779839.9099999999,31561.934602262983
45,2010-06-04,837548.62,0,75.93,2.847,182.2389876,8.899,2010,6,4,22,2,Friday,22,June,2010-06,801098.43,786179.375,41277.23180200469
45,2010-06-11,794698.77,0,69.71,2.809,182.4315571,8.899,2010,6,11,23,2,Friday,23,June,2010-06,837548.62,795308.5175,36818.48678654725
45,2010-06-18,815130.5,0,72.62,2.78,182.4424199,8.899,2010,6,18,24,2,Friday,24,June,2010-06,794698.77,812119.0800000001,18979.393052699827
45,2010-06-25,792299.15,0,79.32,2.808,182.3806,8.899,2010,6,25,25,2,Friday,25,June,2010-06,815130.5,809919.26,21076.60748001132
45,2010-07-02,800147.84,0,76.61,2.815,182.3187801,8.743,2010,7,2,26,3,Friday,26,July,2010-07,792299.15,800569.065,10248.002687582442
45,2010-07-09,787062.0,0,82.45,2.793,182.2569603,8.743,2010,7,9,27,3,Friday,27,July,2010-07,800147.84,798659.8725,12226.542912492498
45,2010-07-16,723708.99,0,77.84,2.783,182.2604411,8.743,2010,7,16,28,3,Friday,28,July,2010-07,787062.0,775804.495,35144.20364435668
45,2010-07-23,714601.11,0,81.46,2.771,182.3509895,8.743,2010,7,23,29,3,Friday,29,July,2010-07,723708.99,756379.985,43473.66822310108
45,2010-07-30,716859.27,0,79.78,2.781,182.4415378,8.743,2010,7,30,30,3,Friday,30,July,2010-07,714601.11,735557.8424999999,34553.797649297274
45,2010-08-06,746517.32,0,77.17,2.784,182.5320862,8.743,2010,8,6,31,3,Friday,31,August,2010-08,716859.27,725421.6725000001,14587.196831220706
45,2010-08-13,722262.21,0,78.44,2.805,182.6226346,8.743,2010,8,13,32,3,Friday,32,August,2010-08,746517.32,725059.9775,14661.566117225511
45,2010-08-20,708568.29,0,76.01,2.779,182.6165205,8.743,2010,8,20,33,3,Friday,33,August,2010-08,722262.21,723551.7725,16313.324624943061
45,2010-08-27,721744.33,0,71.36,2.755,182.6104063,8.743,2010,8,27,34,3,Friday,34,August,2010-08,708568.29,724773.0375,15820.714130886805
45,2010-09-03,790144.7,0,78.37,2.715,182.6042922,8.743,2010,9,3,35,3,Friday,35,September,2010-09,721744.33,735679.8825000001,36858.68668302288
45,2010-09-10,721460.22,1,70.87,2.699,182.598178,8.743,2010,9,10,36,3,Friday,36,September,2010-09,790144.7,735479.385,36958.05018891179
45,2010-09-17,716987.58,0,66.55,2.706,182.622509,8.743,2010,9,17,37,3,Friday,37,September,2010-09,721460.22,737584.2075,35107.98165817071
45,2010-09-24,678228.58,0,68.59,2.713,182.6696737,8.743,2010,9,24,38,3,Friday,38,September,2010-09,716987.58,726705.27,46534.91449266688
45,2010-10-01,690007.76,0,70.58,2.707,182.7168385,8.724,2010,10,1,39,4,Friday,39,October,2010-10,678228.58,701671.0349999999,20910.835100920714
45,2010-10-08,745782.1,0,56.49,2.764,182.7640032,8.724,2010,10,8,40,4,Friday,40,October,2010-10,690007.76,707751.505,30100.248197426932
45,2010-10-15,715263.3,0,58.61,2.868,182.8106203,8.724,2010,10,15,41,4,Friday,41,October,2010-10,745782.1,707320.435,29935.78417199562
45,2010-10-22,730899.37,0,53.15,2.917,182.8558685,8.724,2010,10,22,42,4,Friday,42,October,2010-10,715263.3,720488.1325,23836.461150683368
45,2010-10-29,732859.76,0,61.3,2.921,182.9011166,8.724,2010,10,29,43,4,Friday,43,October,2010-10,730899.37,731201.1325000001,12509.479389968486
45,2010-11-05,764014.06,0,45.65,2.917,182.9463648,8.724,2010,11,5,44,4,Friday,44,November,2010-11,732859.76,735759.1225,20416.037244838957
45,2010-11-12,765648.93,0,46.14,2.931,182.9916129,8.724,2010,11,12,45,4,Friday,45,November,2010-11,764014.06,748355.53,19053.32565161365
45,2010-11-19,723987.85,0,50.02,3.0,182.8989385,8.724,2010,11,19,46,4,Friday,46,November,2010-11,765648.93,746627.65,21340.194349462643
45,2010-11-26,1182500.16,1,46.15,3.039,182.7832769,8.724,2010,11,26,47,4,Friday,47,November,2010-11,723987.85,859037.75,216500.48463011713
45,2010-12-03,879244.9,0,40.93,3.046,182.6676154,8.724,2010,12,3,48,4,Friday,48,December,2010-12,1182500.16,887845.46,207104.37800245945
45,2010-12-10,1002364.34,0,30.54,3.109,182.5519538,8.724,2010,12,10,49,4,Friday,49,December,2010-12,879244.9,947024.3125,193950.7719009332
45,2010-12-17,1123282.85,0,30.51,3.14,182.517732,8.724,2010,12,17,50,4,Friday,50,December,2010-12,1002364.34,1046848.0625,134552.82722630881
45,2010-12-24,1682862.03,0,30.59,3.141,182.54459,8.724,2010,12,24,51,4,Friday,51,December,2010-12,1123282.85,1171938.53,354887.38354828674
45,2010-12-31,679156.2,1,29.67,3.179,182.5714479,8.724,2010,12,31,52,4,Friday,52,December,2010-12,1682862.03,1121916.355,418326.4900194487
45,2011-01-07,680254.35,0,34.32,3.193,182.5983058,8.549,2011,1,7,1,1,Friday,1,January,2011-01,679156.2,1041388.8575,476033.9930829819
45,2011-01-14,654018.95,0,24.78,3.205,182.6585782,8.549,2011,1,14,2,1,Friday,2,January,2011-01,680254.35,924072.8825000001,506004.5306054585
45,2011-01-21,644285.33,0,30.55,3.229,182.9193368,8.549,2011,1,21,3,1,Friday,3,January,2011-01,654018.95,664428.7075,18087.46070432806
45,2011-01-28,617207.58,0,24.05,3.237,183.1800955,8.549,2011,1,28,4,1,Friday,4,January,2011-01,644285.33,648941.5525,26044.811839401045
45,2011-02-04,759442.33,0,28.73,3.231,183.4408542,8.549,2011,2,4,5,1,Friday,5,February,2011-02,617207.58,668738.5474999999,62442.6221101096
45,2011-02-11,766456.0,1,30.3,3.239,183.7016129,8.549,2011,2,11,6,1,Friday,6,February,2011-02,759442.33,696847.81,77176.75510866816
45,2011-02-18,802253.41,0,40.7,3.245,183.9371353,8.549,2011,2,18,7,1,Friday,7,February,2011-02,766456.0,736339.83,81604.33448495665
45,2011-02-25,733716.78,0,35.78,3.274,184.1625632,8.549,2011,2,25,8,1,Friday,8,February,2011-02,802253.41,765467.13,28275.96859689678
45,2011-03-04,761880.36,0,38.65,3.433,184.3879911,8.549,2011,3,4,9,1,Friday,9,March,2011-03,733716.78,766076.6375000001,28128.70364770213
45,2011-03-11,714014.73,0,45.01,3.582,184.613419,8.549,2011,3,11,10,1,Friday,10,March,2011-03,761880.36,752966.32,38281.62528563655
45,2011-03-18,733564.77,0,46.66,3.631,184.809719,8.549,2011,3,18,11,1,Friday,11,March,2011-03,714014.73,735794.16,19698.72321582999
45,2011-03-25,719737.25,0,41.76,3.625,184.9943679,8.549,2011,3,25,12,1,Friday,12,March,2011-03,733564.77,732299.2775,21360.17419818254
45,2011-04-01,712425.76,0,37.27,3.638,185.1790167,8.521,2011,4,1,13,2,Friday,13,April,2011-04,719737.25,719935.6275,9613.324364150316
45,2011-04-08,750182.71,0,48.71,3.72,185.3636656,8.521,2011,4,8,14,2,Friday,14,April,2011-04,712425.76,728977.6225,16633.763797642645
45,2011-04-15,765270.02,0,53.69,3.821,185.5339821,8.521,2011,4,15,15,2,Friday,15,April,2011-04,750182.71,736903.935,24998.91176930129
45,2011-04-22,813630.44,0,53.04,3.892,185.6684673,8.521,2011,4,22,16,2,Friday,16,April,2011-04,765270.02,760377.2324999999,41885.222065702816
45,2011-04-29,786561.61,0,66.18,3.962,185.8029526,8.521,2011,4,29,17,2,Friday,17,April,2011-04,813630.44,778911.1950000001,27540.045562891104
45,2011-05-06,810150.64,0,58.21,4.046,185.9374378,8.521,2011,5,6,18,2,Friday,18,May,2011-05,786561.61,793903.1775,22560.298795376108
45,2011-05-13,793889.1,0,60.38,4.066,186.0719231,8.521,2011,5,13,19,2,Friday,19,May,2011-05,810150.64,801057.9474999999,12939.35598544939
45,2011-05-20,727163.67,0,62.28,4.062,185.9661154,8.521,2011,5,20,20,2,Friday,20,May,2011-05,793889.1,779441.2549999999,36219.01848928146
45,2011-05-27,817653.25,0,69.7,3.985,185.8603077,8.521,2011,5,27,21,2,Friday,21,May,2011-05,727163.67,787214.165,41244.13690882762
45,2011-06-03,877423.45,0,76.38,3.922,185.7545,8.521,2011,6,3,22,2,Friday,22,June,2011-06,817653.25,804032.3675,62138.18461441118
45,2011-06-10,814395.17,0,73.88,3.881,185.6486923,8.521,2011,6,10,23,2,Friday,23,June,2011-06,877423.45,809158.885,61867.705724635176
45,2011-06-17,811153.67,0,69.32,3.842,185.6719333,8.521,2011,6,17,24,2,Friday,24,June,2011-06,814395.17,830156.385,31622.897264430678
45,2011-06-24,762861.78,0,74.85,3.804,185.7919609,8.521,2011,6,24,25,2,Friday,25,June,2011-06,811153.67,816458.5175000001,46981.31570201695
45,2011-07-01,791495.25,0,74.04,3.748,185.9119885,8.625,2011,7,1,26,3,Friday,26,July,2011-07,762861.78,794976.4675,23680.23026362364
45,2011-07-08,768718.11,0,77.49,3.711,186.032016,8.625,2011,7,8,27,3,Friday,27,July,2011-07,791495.25,783557.2025,22159.097418953977
45,2011-07-15,748435.2,0,78.47,3.76,186.1399808,8.625,2011,7,15,28,3,Friday,28,July,2011-07,768718.11,767877.585,17904.051837635885
45,2011-07-22,741625.25,0,82.33,3.811,186.2177885,8.625,2011,7,22,29,3,Friday,29,July,2011-07,748435.2,762568.4525,22456.954811061798
45,2011-07-29,704680.97,0,81.31,3.829,186.2955962,8.625,2011,7,29,30,3,Friday,30,July,2011-07,741625.25,740864.8825,26726.800979293806
45,2011-08-05,765996.92,0,78.22,3.842,186.3734038,8.625,2011,8,5,31,3,Friday,31,August,2011-08,704680.97,740184.585,25800.0741584268
45,2011-08-12,724180.89,0,77.0,3.812,186.4512115,8.625,2011,8,12,32,3,Friday,32,August,2011-08,765996.92,734121.0075,26063.443090030174
45,2011-08-19,712362.72,0,72.98,3.747,186.5093071,8.625,2011,8,19,33,3,Friday,33,August,2011-08,724180.89,726805.375,27330.963521589245
45,2011-08-26,833979.01,0,72.55,3.704,186.5641172,8.625,2011,8,26,34,3,Friday,34,August,2011-08,712362.72,759129.885,54948.90856242201
45,2011-09-02,726482.39,0,70.63,3.703,186.6189274,8.625,2011,9,2,35,3,Friday,35,September,2011-09,833979.01,749251.2525000001,56822.826682029176
45,2011-09-09,746129.56,1,71.48,3.738,186.6737376,8.625,2011,9,9,36,3,Friday,36,September,2011-09,726482.39,754738.42,54611.61889774838
45,2011-09-16,711367.56,0,69.17,3.742,186.8024,8.625,2011,9,16,37,3,Friday,37,September,2011-09,746129.56,754489.63,54870.668292789225
45,2011-09-23,714106.42,0,63.75,3.711,187.0295321,8.625,2011,9,23,38,3,Friday,38,September,2011-09,711367.56,724521.4825,15835.123149552159
45,2011-09-30,698986.34,0,70.66,3.645,187.2566641,8.625,2011,9,30,39,3,Friday,39,September,2011-09,714106.42,717647.47,20095.13646263316
45,2011-10-07,753447.05,0,55.82,3.583,187.4837962,8.523,2011,10,7,40,4,Friday,40,October,2011-10,698986.34,719476.8425,23582.745039462123
45,2011-10-14,720946.99,0,63.82,3.541,187.6917481,8.523,2011,10,14,41,4,Friday,41,October,2011-10,753447.05,721871.7,22962.992633180897
45,2011-10-21,771686.4,0,59.6,3.57,187.7846197,8.523,2011,10,21,42,4,Friday,42,October,2011-10,720946.99,736266.6950000001,32528.13310774803
45,2011-10-28,781694.57,0,51.78,3.569,187.8774913,8.523,2011,10,28,43,4,Friday,43,October,2011-10,771686.4,756943.7525000001,26695.458172272036
45,2011-11-04,833429.22,0,43.92,3.551,187.9703629,8.523,2011,11,4,44,4,Friday,44,November,2011-11,781694.57,776939.2949999999,46102.983966787106
45,2011-11-11,808624.82,0,47.65,3.53,188.0632345,8.523,2011,11,11,45,4,Friday,45,November,2011-11,833429.22,798858.7525,27829.475973392895
45,2011-11-18,773603.77,0,51.34,3.53,188.1983654,8.523,2011,11,18,46,4,Friday,46,November,2011-11,808624.82,799338.095,27215.17666439558
45,2011-11-25,1170672.94,1,48.71,3.492,188.3504,8.523,2011,11,25,47,4,Friday,47,November,2011-11,773603.77,896582.6875,184367.59257654013
45,2011-12-02,875699.81,0,50.19,3.452,188.5024346,8.523,2011,12,2,48,4,Friday,48,December,2011-12,1170672.94,907150.3350000001,180716.40858730083
45,2011-12-09,957155.31,0,46.57,3.415,188.6544692,8.523,2011,12,9,49,4,Friday,49,December,2011-12,875699.81,944282.9575,168575.55655343618
45,2011-12-16,1078905.68,0,39.93,3.413,188.7979349,8.523,2011,12,16,50,4,Friday,50,December,2011-12,957155.31,1020608.435,130310.82470659958
45,2011-12-23,1521957.99,0,42.27,3.389,188.9299752,8.523,2011,12,23,51,4,Friday,51,December,2011-12,1078905.68,1108429.6975,288053.50032969576
45,2011-12-30,869403.63,1,37.79,3.389,189.0620155,8.523,2011,12,30,52,4,Friday,52,December,2011-12,1521957.99,1106855.6525,289761.2851381138
45,2012-01-06,714081.05,0,35.88,3.422,189.1940558,8.424,2012,1,6,1,1,Friday,1,January,2012-01,869403.63,1046087.0875,350701.7863990489
45,2012-01-13,676615.53,0,41.18,3.513,189.3260962,8.424,2012,1,13,2,1,Friday,2,January,2012-01,714081.05,945514.5499999999,393254.8196532333
45,2012-01-20,700392.21,0,31.85,3.533,189.4214733,8.424,2012,1,20,3,1,Friday,3,January,2012-01,676615.53,740123.105,87565.97298186125
45,2012-01-27,624081.64,0,37.93,3.567,189.5168505,8.424,2012,1,27,4,1,Friday,4,January,2012-01,700392.21,678792.6075,39622.58040335287
45,2012-02-03,757330.95,0,42.96,3.617,189.6122277,8.424,2012,2,3,5,1,Friday,5,February,2012-02,624081.64,689605.0825,55272.67329500635
45,2012-02-10,803657.12,1,37.0,3.64,189.7076048,8.424,2012,2,10,6,1,Friday,6,February,2012-02,757330.95,721365.48,77393.91153023344
45,2012-02-17,858853.75,0,36.85,3.695,189.8424834,8.424,2012,2,17,7,1,Friday,7,February,2012-02,803657.12,760980.865,100258.14022504787
45,2012-02-24,753060.78,0,42.86,3.739,190.0069881,8.424,2012,2,24,8,1,Friday,8,February,2012-02,858853.75,793225.65,49387.951790485415
45,2012-03-02,782796.01,0,41.55,3.816,190.1714927,8.424,2012,3,2,9,1,Friday,9,March,2012-03,753060.78,799591.915,44630.85602441679
45,2012-03-09,776968.87,0,45.52,3.848,190.3359973,8.424,2012,3,9,10,1,Friday,10,March,2012-03,782796.01,792919.8525,45800.11109804941
45,2012-03-16,788340.23,0,50.56,3.862,190.4618964,8.424,2012,3,16,11,1,Friday,11,March,2012-03,776968.87,775291.4725,15530.67402256288
45,2012-03-23,791835.37,0,59.45,3.9,190.5363213,8.424,2012,3,23,12,1,Friday,12,March,2012-03,788340.23,784985.12,6512.427986276165
45,2012-03-30,777254.06,0,50.04,3.953,190.6107463,8.424,2012,3,30,13,1,Friday,13,March,2012-03,791835.37,783599.6325000001,7627.4490823203005
45,2012-04-06,899479.43,0,49.73,3.996,190.6851712,8.567,2012,4,6,14,2,Friday,14,April,2012-04,777254.06,814227.2725,57173.668379600334
45,2012-04-13,781970.6,0,51.83,4.044,190.7595962,8.567,2012,4,13,15,2,Friday,15,April,2012-04,899479.43,812634.865,58214.24789153926
45,2012-04-20,776661.74,0,63.13,4.027,190.8138013,8.567,2012,4,20,16,2,Friday,16,April,2012-04,781970.6,808841.4575,60471.985086482
45,2012-04-27,711571.88,0,53.2,4.004,190.8680064,8.567,2012,4,27,17,2,Friday,17,April,2012-04,776661.74,792420.9125,78221.16673193689
45,2012-05-04,782300.68,0,55.21,3.951,190.9222115,8.567,2012,5,4,18,2,Friday,18,May,2012-05,711571.88,763126.225,34466.55793848996
45,2012-05-11,770487.37,0,61.24,3.889,190.9764167,8.567,2012,5,11,19,2,Friday,19,May,2012-05,782300.68,760255.4175,32812.297959474556
45,2012-05-18,800842.28,0,66.3,3.848,190.9964479,8.567,2012,5,18,20,2,Friday,20,May,2012-05,770487.37,766300.5525,38565.49430553627
45,2012-05-25,817741.17,0,67.21,3.798,191.0028096,8.567,2012,5,25,21,2,Friday,21,May,2012-05,800842.28,792842.875,20775.16188051031
45,2012-06-01,837144.63,0,74.48,3.742,191.0091712,8.567,2012,6,1,22,2,Friday,22,June,2012-06,817741.17,806553.8625,28251.046949601026
45,2012-06-08,795133.0,0,64.3,3.689,191.0155329,8.567,2012,6,8,23,2,Friday,23,June,2012-06,837144.63,812715.27,18904.650316018793
45,2012-06-15,821498.18,0,71.93,3.62,191.0299731,8.567,2012,6,15,24,2,Friday,24,June,2012-06,795133.0,817879.245,17336.497878160382
45,2012-06-22,822569.16,0,74.22,3.564,191.0646096,8.567,2012,6,22,25,2,Friday,25,June,2012-06,821498.18,819086.2425,17491.058117220542
45,2012-06-29,773367.71,0,75.22,3.506,191.0992462,8.567,2012,6,29,26,2,Friday,26,June,2012-06,822569.16,803142.0125,23558.5534067896
45,2012-07-06,843361.1,0,82.99,3.475,191.1338827,8.684,2012,7,6,27,3,Friday,27,July,2012-07,773367.71,815199.0375,29647.707199527526
45,2012-07-13,749817.08,0,79.97,3.523,191.1685192,8.684,2012,7,13,28,3,Friday,28,July,2012-07,843361.1,797278.7625,43156.829403778924
45,2012-07-20,737613.65,0,78.89,3.567,191.1670428,8.684,2012,7,20,29,3,Friday,29,July,2012-07,749817.08,776039.885,47270.48954915424
45,2012-07-27,711671.58,0,77.2,3.647,191.1655664,8.684,2012,7,27,30,3,Friday,30,July,2012-07,737613.65,760615.8525,57410.89502219409
45,2012-08-03,725729.51,0,76.58,3.654,191.16409,8.684,2012,8,3,31,3,Friday,31,August,2012-08,711671.58,731207.955,16319.883266095861
45,2012-08-10,733037.32,0,78.65,3.722,191.1626135,8.684,2012,8,10,32,3,Friday,32,August,2012-08,725729.51,727013.015,11338.323304618423
45,2012-08-17,722496.93,0,75.71,3.807,191.2284919,8.684,2012,8,17,33,3,Friday,33,August,2012-08,733037.32,723233.835,8880.042821115445
45,2012-08-24,718232.26,0,72.62,3.834,191.3448865,8.684,2012,8,24,34,3,Friday,34,August,2012-08,722496.93,724874.0049999999,6248.596183531732
45,2012-08-31,734297.87,0,75.09,3.867,191.461281,8.684,2012,8,31,35,3,Friday,35,August,2012-08,718232.26,727016.095,7892.148149803802
45,2012-09-07,766512.66,1,75.7,3.911,191.5776756,8.684,2012,9,7,36,3,Friday,36,September,2012-09,734297.87,735384.93,21835.99403527046
45,2012-09-14,702238.27,0,67.87,3.948,191.69985,8.684,2012,9,14,37,3,Friday,37,September,2012-09,766512.66,730320.265,27449.52401185234
45,2012-09-21,723086.2,0,65.32,4.038,191.8567038,8.684,2012,9,21,38,3,Friday,38,September,2012-09,702238.27,731533.75,26837.478480631533
45,2012-09-28,713173.95,0,64.88,3.997,192.0135577,8.684,2012,9,28,39,3,Friday,39,September,2012-09,723086.2,726252.77,28158.111035242022
45,2012-10-05,733455.07,0,64.89,3.985,192.1704115,8.667,2012,10,5,40,4,Friday,40,October,2012-10,713173.95,717988.3724999999,13372.247000721065
45,2012-10-12,734464.36,0,54.47,4.0,192.3272654,8.667,2012,10,12,41,4,Friday,41,October,2012-10,733455.07,726044.895,10003.552464209122
45,2012-10-19,718125.53,0,56.47,3.969,192.3308542,8.667,2012,10,19,42,4,Friday,42,October,2012-10,734464.36,724804.7274999999,10770.694652629125
45,2012-10-26,760281.43,0,58.85,3.882,192.3088989,8.667,2012,10,26,43,4,Friday,43,October,2012-10,718125.53,736581.5975,17479.19102754262
